prediction_id,graded_at,event_id,espn_game_id,candidate,side,paper_bet,home_score,away_score,result,flat_profit_units,bankroll_profit_fraction,entry_decimal,closing_decimal,price_clv,entry_market_probability,closing_market_probability,probability_clv
767e6dbdcdf7bbe8026a,2026-08-30T13:01:46Z,2c288580da16e12d35355f2548721be6,401856766,market_fpi_residual,home,False,10.0,15.0,loss,-1.0,-0.0,1.3278688524590163,1.2941176470588236,0.0260804769001488,0.7335423197492164,0.7429305912596401,0.0093882715104237
45ed0a031c572590885b,2026-08-30T13:01:46Z,2c288580da16e12d35355f2548721be6,401856766,market_fpi_residual,away,True,10.0,15.0,win,2.65,0.0070459862788649,3.65,3.95,-0.0759493670886076,0.2664576802507836,0.2570694087403599,-0.0093882715104237
a91fb4e971c2eb69b69f,2026-08-30T13:01:46Z,2c288580da16e12d35355f2548721be6,401856766,market_public_ensemble,home,False,10.0,15.0,loss,-1.0,-0.0,1.3278688524590163,1.2941176470588236,0.0260804769001488,0.7335423197492164,0.7429305912596401,0.0093882715104237
6de411c978575d76987a,2026-08-30T13:01:46Z,2c288580da16e12d35355f2548721be6,401856766,market_public_ensemble,away,False,10.0,15.0,win,2.65,0.0,3.65,3.95,-0.0759493670886076,0.2664576802507836,0.2570694087403599,-0.0093882715104237
aa5a62cd43880d243f9b,2026-08-30T13:01:46Z,2c288580da16e12d35355f2548721be6,401856766,fpi_only,home,False,10.0,15.0,loss,-1.0,-0.0,1.3278688524590163,1.2941176470588236,0.0260804769001488,0.7335423197492164,0.7429305912596401,0.0093882715104237
669f10991604dcab45a4,2026-08-30T13:01:46Z,2c288580da16e12d35355f2548721be6,401856766,fpi_only,away,False,10.0,15.0,win,2.65,0.0,3.65,3.95,-0.0759493670886076,0.2664576802507836,0.2570694087403599,-0.0093882715104237
47b969ed5a44de943f34,2026-08-30T13:01:46Z,2c288580da16e12d35355f2548721be6,401856766,ratings_only,home,False,10.0,15.0,loss,-1.0,-0.0,1.3278688524590163,1.2941176470588236,0.0260804769001488,0.7335423197492164,0.7429305912596401,0.0093882715104237
79378d6343d6b9cecfa1,2026-08-30T13:01:46Z,2c288580da16e12d35355f2548721be6,401856766,ratings_only,away,False,10.0,15.0,win,2.65,0.0,3.65,3.95,-0.0759493670886076,0.2664576802507836,0.2570694087403599,-0.0093882715104237
9a5495a27c6d787af40a,2026-08-30T13:01:46Z,2c288580da16e12d35355f2548721be6,401856766,market_only,home,False,10.0,15.0,loss,-1.0,-0.0,1.3278688524590163,1.2941176470588236,0.0260804769001488,0.7335423197492164,0.7429305912596401,0.0093882715104237
9d078dea627246d144ab,2026-08-30T13:01:46Z,2c288580da16e12d35355f2548721be6,401856766,market_only,away,False,10.0,15.0,win,2.65,0.0,3.65,3.95,-0.0759493670886076,0.2664576802507836,0.2570694087403599,-0.0093882715104237
b3d8291f533efdcc79d1,2026-08-30T13:01:46Z,123a238486098cc9e8f71fea0cf4e7b0,401858202,market_fpi_residual,home,False,34.0,8.0,win,0.5,0.0,1.5,1.5555555555555556,-0.0357142857142857,0.6540540540540539,0.6309403437815976,-0.0231137102724563
c33a72bfcda52313222e,2026-08-30T13:01:46Z,123a238486098cc9e8f71fea0cf4e7b0,401858202,market_fpi_residual,away,False,34.0,8.0,loss,-1.0,-0.0,2.9,2.65,0.0943396226415094,0.3459459459459461,0.3690596562184024,0.0231137102724563
229ae709c5538dc6063c,2026-08-30T13:01:46Z,123a238486098cc9e8f71fea0cf4e7b0,401858202,market_public_ensemble,home,False,34.0,8.0,win,0.5,0.0,1.5,1.5555555555555556,-0.0357142857142857,0.6540540540540539,0.6309403437815976,-0.0231137102724563
4f7ad2e6a4bc29ce2fd7,2026-08-30T13:01:46Z,123a238486098cc9e8f71fea0cf4e7b0,401858202,market_public_ensemble,away,False,34.0,8.0,loss,-1.0,-0.0,2.9,2.65,0.0943396226415094,0.3459459459459461,0.3690596562184024,0.0231137102724563
9bb7892cb37dead651a7,2026-08-30T13:01:46Z,123a238486098cc9e8f71fea0cf4e7b0,401858202,fpi_only,home,False,34.0,8.0,win,0.5,0.0,1.5,1.5555555555555556,-0.0357142857142857,0.6540540540540539,0.6309403437815976,-0.0231137102724563
2d56460ce00c288bb368,2026-08-30T13:01:46Z,123a238486098cc9e8f71fea0cf4e7b0,401858202,fpi_only,away,False,34.0,8.0,loss,-1.0,-0.0,2.9,2.65,0.0943396226415094,0.3459459459459461,0.3690596562184024,0.0231137102724563
b2b36c61cbc48a87cdcb,2026-08-30T13:01:46Z,123a238486098cc9e8f71fea0cf4e7b0,401858202,ratings_only,home,False,34.0,8.0,win,0.5,0.0,1.5,1.5555555555555556,-0.0357142857142857,0.6540540540540539,0.6309403437815976,-0.0231137102724563
173fb1dbb40be69a7562,2026-08-30T13:01:46Z,123a238486098cc9e8f71fea0cf4e7b0,401858202,ratings_only,away,False,34.0,8.0,loss,-1.0,-0.0,2.9,2.65,0.0943396226415094,0.3459459459459461,0.3690596562184024,0.0231137102724563
295c899bc3bed303493a,2026-08-30T13:01:46Z,123a238486098cc9e8f71fea0cf4e7b0,401858202,market_only,home,False,34.0,8.0,win,0.5,0.0,1.5,1.5555555555555556,-0.0357142857142857,0.6540540540540539,0.6309403437815976,-0.0231137102724563
68e67ba56800d7c0c058,2026-08-30T13:01:46Z,123a238486098cc9e8f71fea0cf4e7b0,401858202,market_only,away,False,34.0,8.0,loss,-1.0,-0.0,2.9,2.65,0.0943396226415094,0.3459459459459461,0.3690596562184024,0.0231137102724563
2e0dec1cb077934aff41,2026-08-30T13:01:46Z,b9d8d9eeb4afdebe9f91de7f8253eb07,401864577,market_fpi_residual,home,False,33.0,7.0,win,0.392156862745098,0.0,1.392156862745098,1.4,-0.0056022408963585,0.6984343371751972,0.6946564885496184,-0.0037778486255788
d4ba92837419de6a0f16,2026-08-30T13:01:46Z,b9d8d9eeb4afdebe9f91de7f8253eb07,401864577,market_fpi_residual,away,False,33.0,7.0,loss,-1.0,-0.0,3.35,3.25,0.0307692307692308,0.3015656628248028,0.3053435114503816,0.0037778486255787
2f0b77971938bf263a10,2026-08-30T13:01:46Z,b9d8d9eeb4afdebe9f91de7f8253eb07,401864577,market_public_ensemble,home,False,33.0,7.0,win,0.392156862745098,0.0,1.392156862745098,1.4,-0.0056022408963585,0.6984343371751972,0.6946564885496184,-0.0037778486255788
84a0ec97aa39429ac8c3,2026-08-30T13:01:46Z,b9d8d9eeb4afdebe9f91de7f8253eb07,401864577,market_public_ensemble,away,False,33.0,7.0,loss,-1.0,-0.0,3.35,3.25,0.0307692307692308,0.3015656628248028,0.3053435114503816,0.0037778486255787
7bda485d5da336b2fe0f,2026-08-30T13:01:46Z,b9d8d9eeb4afdebe9f91de7f8253eb07,401864577,fpi_only,home,False,33.0,7.0,win,0.392156862745098,0.0,1.392156862745098,1.4,-0.0056022408963585,0.6984343371751972,0.6946564885496184,-0.0037778486255788
e1c14b87b52730c9dc25,2026-08-30T13:01:46Z,b9d8d9eeb4afdebe9f91de7f8253eb07,401864577,fpi_only,away,False,33.0,7.0,loss,-1.0,-0.0,3.35,3.25,0.0307692307692308,0.3015656628248028,0.3053435114503816,0.0037778486255787
87a515d75111a3a2f285,2026-08-30T13:01:46Z,b9d8d9eeb4afdebe9f91de7f8253eb07,401864577,ratings_only,home,False,33.0,7.0,win,0.392156862745098,0.0,1.392156862745098,1.4,-0.0056022408963585,0.6984343371751972,0.6946564885496184,-0.0037778486255788
4f88a66feacabe682768,2026-08-30T13:01:46Z,b9d8d9eeb4afdebe9f91de7f8253eb07,401864577,ratings_only,away,False,33.0,7.0,loss,-1.0,-0.0,3.35,3.25,0.0307692307692308,0.3015656628248028,0.3053435114503816,0.0037778486255787
d808250448f5028db05c,2026-08-30T13:01:46Z,b9d8d9eeb4afdebe9f91de7f8253eb07,401864577,market_only,home,False,33.0,7.0,win,0.392156862745098,0.0,1.392156862745098,1.4,-0.0056022408963585,0.6984343371751972,0.6946564885496184,-0.0037778486255788
e6459a228ba8378f6f07,2026-08-30T13:01:46Z,b9d8d9eeb4afdebe9f91de7f8253eb07,401864577,market_only,away,False,33.0,7.0,loss,-1.0,-0.0,3.35,3.25,0.0307692307692308,0.3015656628248028,0.3053435114503816,0.0037778486255787
1ef1fdc09ab33e8b3f52,2026-08-30T13:01:46Z,90d9b4e9c9485143021eb1535e792164,401862693,market_fpi_residual,home,False,21.0,27.0,loss,-1.0,-0.0,1.4761904761904765,1.5434782608695652,-0.0435949027498321,0.6704377766847024,0.6428571428571429,-0.0275806338275594
8b18f7538a819e8cd435,2026-08-30T13:01:46Z,90d9b4e9c9485143021eb1535e792164,401862693,market_fpi_residual,away,False,21.0,27.0,win,1.95,0.0,2.95,2.77,0.0649819494584837,0.3295622233152976,0.3571428571428571,0.0275806338275594
bffcfd456bf15e4cd5ad,2026-08-30T13:01:46Z,90d9b4e9c9485143021eb1535e792164,401862693,market_public_ensemble,home,False,21.0,27.0,loss,-1.0,-0.0,1.4761904761904765,1.5434782608695652,-0.0435949027498321,0.6704377766847024,0.6428571428571429,-0.0275806338275594
9893072a91799cd4f2d7,2026-08-30T13:01:46Z,90d9b4e9c9485143021eb1535e792164,401862693,market_public_ensemble,away,False,21.0,27.0,win,1.95,0.0,2.95,2.77,0.0649819494584837,0.3295622233152976,0.3571428571428571,0.0275806338275594
99b4729485d8c27a0345,2026-08-30T13:01:46Z,90d9b4e9c9485143021eb1535e792164,401862693,fpi_only,home,False,21.0,27.0,loss,-1.0,-0.0,1.4761904761904765,1.5434782608695652,-0.0435949027498321,0.6704377766847024,0.6428571428571429,-0.0275806338275594
a93dd2b8b18e59f51207,2026-08-30T13:01:46Z,90d9b4e9c9485143021eb1535e792164,401862693,fpi_only,away,False,21.0,27.0,win,1.95,0.0,2.95,2.77,0.0649819494584837,0.3295622233152976,0.3571428571428571,0.0275806338275594
0abf8fb6be5889daf515,2026-08-30T13:01:46Z,90d9b4e9c9485143021eb1535e792164,401862693,ratings_only,home,False,21.0,27.0,loss,-1.0,-0.0,1.4761904761904765,1.5434782608695652,-0.0435949027498321,0.6704377766847024,0.6428571428571429,-0.0275806338275594
07ad5ca662185f0f2b87,2026-08-30T13:01:46Z,90d9b4e9c9485143021eb1535e792164,401862693,ratings_only,away,False,21.0,27.0,win,1.95,0.0,2.95,2.77,0.0649819494584837,0.3295622233152976,0.3571428571428571,0.0275806338275594
3bbe5433deabc2fa827f,2026-08-30T13:01:46Z,90d9b4e9c9485143021eb1535e792164,401862693,market_only,home,False,21.0,27.0,loss,-1.0,-0.0,1.4761904761904765,1.5434782608695652,-0.0435949027498321,0.6704377766847024,0.6428571428571429,-0.0275806338275594
31446d17c8189cf55387,2026-08-30T13:01:46Z,90d9b4e9c9485143021eb1535e792164,401862693,market_only,away,False,21.0,27.0,win,1.95,0.0,2.95,2.77,0.0649819494584837,0.3295622233152976,0.3571428571428571,0.0275806338275594
ec6a96da604182b993ad,2026-08-30T13:01:46Z,2c288580da16e12d35355f2548721be6,401856766,market_fpi_residual,home,False,10.0,15.0,loss,-1.0,-0.0,1.3278688524590163,1.2941176470588236,0.0260804769001488,0.7335423197492164,0.7429305912596401,0.0093882715104237
396636aeafeab4b57a0a,2026-08-30T13:01:46Z,2c288580da16e12d35355f2548721be6,401856766,market_fpi_residual,away,True,10.0,15.0,win,2.65,0.0070459862788649,3.65,3.95,-0.0759493670886076,0.2664576802507836,0.2570694087403599,-0.0093882715104237
4f232f6cc3f7ab08897b,2026-08-30T13:01:46Z,2c288580da16e12d35355f2548721be6,401856766,market_public_ensemble,home,False,10.0,15.0,loss,-1.0,-0.0,1.3278688524590163,1.2941176470588236,0.0260804769001488,0.7335423197492164,0.7429305912596401,0.0093882715104237
d0e2aadd5d084ef0a6b2,2026-08-30T13:01:46Z,2c288580da16e12d35355f2548721be6,401856766,market_public_ensemble,away,False,10.0,15.0,win,2.65,0.0,3.65,3.95,-0.0759493670886076,0.2664576802507836,0.2570694087403599,-0.0093882715104237
f00e6bc2d6d405caf8bc,2026-08-30T13:01:46Z,2c288580da16e12d35355f2548721be6,401856766,fpi_only,home,False,10.0,15.0,loss,-1.0,-0.0,1.3278688524590163,1.2941176470588236,0.0260804769001488,0.7335423197492164,0.7429305912596401,0.0093882715104237
762603245738745e2b15,2026-08-30T13:01:46Z,2c288580da16e12d35355f2548721be6,401856766,fpi_only,away,False,10.0,15.0,win,2.65,0.0,3.65,3.95,-0.0759493670886076,0.2664576802507836,0.2570694087403599,-0.0093882715104237
b2e737d102166273ae5d,2026-08-30T13:01:46Z,2c288580da16e12d35355f2548721be6,401856766,ratings_only,home,False,10.0,15.0,loss,-1.0,-0.0,1.3278688524590163,1.2941176470588236,0.0260804769001488,0.7335423197492164,0.7429305912596401,0.0093882715104237
497b0dec9b1476f26825,2026-08-30T13:01:46Z,2c288580da16e12d35355f2548721be6,401856766,ratings_only,away,False,10.0,15.0,win,2.65,0.0,3.65,3.95,-0.0759493670886076,0.2664576802507836,0.2570694087403599,-0.0093882715104237
20684d4cd9873685b8b2,2026-08-30T13:01:46Z,2c288580da16e12d35355f2548721be6,401856766,market_only,home,False,10.0,15.0,loss,-1.0,-0.0,1.3278688524590163,1.2941176470588236,0.0260804769001488,0.7335423197492164,0.7429305912596401,0.0093882715104237
eec66147df35faa77946,2026-08-30T13:01:46Z,2c288580da16e12d35355f2548721be6,401856766,market_only,away,False,10.0,15.0,win,2.65,0.0,3.65,3.95,-0.0759493670886076,0.2664576802507836,0.2570694087403599,-0.0093882715104237
b19c82d05fa724b7f77e,2026-08-30T13:01:46Z,123a238486098cc9e8f71fea0cf4e7b0,401858202,market_fpi_residual,home,False,34.0,8.0,win,0.5,0.0,1.5,1.5555555555555556,-0.0357142857142857,0.6540540540540539,0.6309403437815976,-0.0231137102724563
d4f938bef40a6521760e,2026-08-30T13:01:46Z,123a238486098cc9e8f71fea0cf4e7b0,401858202,market_fpi_residual,away,False,34.0,8.0,loss,-1.0,-0.0,2.9,2.65,0.0943396226415094,0.3459459459459461,0.3690596562184024,0.0231137102724563
d75673118e573af183ce,2026-08-30T13:01:46Z,123a238486098cc9e8f71fea0cf4e7b0,401858202,market_public_ensemble,home,False,34.0,8.0,win,0.5,0.0,1.5,1.5555555555555556,-0.0357142857142857,0.6540540540540539,0.6309403437815976,-0.0231137102724563
3aa38a2f631c875037dc,2026-08-30T13:01:46Z,123a238486098cc9e8f71fea0cf4e7b0,401858202,market_public_ensemble,away,False,34.0,8.0,loss,-1.0,-0.0,2.9,2.65,0.0943396226415094,0.3459459459459461,0.3690596562184024,0.0231137102724563
e2783a018b524f4dd5c3,2026-08-30T13:01:46Z,123a238486098cc9e8f71fea0cf4e7b0,401858202,fpi_only,home,False,34.0,8.0,win,0.5,0.0,1.5,1.5555555555555556,-0.0357142857142857,0.6540540540540539,0.6309403437815976,-0.0231137102724563
7be3ff50e5de4befd47f,2026-08-30T13:01:46Z,123a238486098cc9e8f71fea0cf4e7b0,401858202,fpi_only,away,False,34.0,8.0,loss,-1.0,-0.0,2.9,2.65,0.0943396226415094,0.3459459459459461,0.3690596562184024,0.0231137102724563
b32563b05c3b7ec60719,2026-08-30T13:01:46Z,123a238486098cc9e8f71fea0cf4e7b0,401858202,ratings_only,home,False,34.0,8.0,win,0.5,0.0,1.5,1.5555555555555556,-0.0357142857142857,0.6540540540540539,0.6309403437815976,-0.0231137102724563
714ee2dfbeec350f9370,2026-08-30T13:01:46Z,123a238486098cc9e8f71fea0cf4e7b0,401858202,ratings_only,away,False,34.0,8.0,loss,-1.0,-0.0,2.9,2.65,0.0943396226415094,0.3459459459459461,0.3690596562184024,0.0231137102724563
1c654be6b7a142c07d12,2026-08-30T13:01:46Z,123a238486098cc9e8f71fea0cf4e7b0,401858202,market_only,home,False,34.0,8.0,win,0.5,0.0,1.5,1.5555555555555556,-0.0357142857142857,0.6540540540540539,0.6309403437815976,-0.0231137102724563
9c1e5b76caff31ceb81e,2026-08-30T13:01:46Z,123a238486098cc9e8f71fea0cf4e7b0,401858202,market_only,away,False,34.0,8.0,loss,-1.0,-0.0,2.9,2.65,0.0943396226415094,0.3459459459459461,0.3690596562184024,0.0231137102724563
0a63e4fb36db044941e3,2026-08-30T13:01:46Z,b9d8d9eeb4afdebe9f91de7f8253eb07,401864577,market_fpi_residual,home,False,33.0,7.0,win,0.392156862745098,0.0,1.392156862745098,1.4,-0.0056022408963585,0.6984343371751972,0.6946564885496184,-0.0037778486255788
bb6bfa8003024273b246,2026-08-30T13:01:46Z,b9d8d9eeb4afdebe9f91de7f8253eb07,401864577,market_fpi_residual,away,False,33.0,7.0,loss,-1.0,-0.0,3.35,3.25,0.0307692307692308,0.3015656628248028,0.3053435114503816,0.0037778486255787
5b1a2d4efc0914470be5,2026-08-30T13:01:46Z,b9d8d9eeb4afdebe9f91de7f8253eb07,401864577,market_public_ensemble,home,False,33.0,7.0,win,0.392156862745098,0.0,1.392156862745098,1.4,-0.0056022408963585,0.6984343371751972,0.6946564885496184,-0.0037778486255788
854c463af7c448c307cb,2026-08-30T13:01:46Z,b9d8d9eeb4afdebe9f91de7f8253eb07,401864577,market_public_ensemble,away,False,33.0,7.0,loss,-1.0,-0.0,3.35,3.25,0.0307692307692308,0.3015656628248028,0.3053435114503816,0.0037778486255787
11c71bbb0a91f7061d0c,2026-08-30T13:01:46Z,b9d8d9eeb4afdebe9f91de7f8253eb07,401864577,fpi_only,home,False,33.0,7.0,win,0.392156862745098,0.0,1.392156862745098,1.4,-0.0056022408963585,0.6984343371751972,0.6946564885496184,-0.0037778486255788
6934a9d4d1264f36f910,2026-08-30T13:01:46Z,b9d8d9eeb4afdebe9f91de7f8253eb07,401864577,fpi_only,away,False,33.0,7.0,loss,-1.0,-0.0,3.35,3.25,0.0307692307692308,0.3015656628248028,0.3053435114503816,0.0037778486255787
4309e8186328798df691,2026-08-30T13:01:46Z,b9d8d9eeb4afdebe9f91de7f8253eb07,401864577,ratings_only,home,False,33.0,7.0,win,0.392156862745098,0.0,1.392156862745098,1.4,-0.0056022408963585,0.6984343371751972,0.6946564885496184,-0.0037778486255788
f61ef2c678a3310f99f1,2026-08-30T13:01:46Z,b9d8d9eeb4afdebe9f91de7f8253eb07,401864577,ratings_only,away,False,33.0,7.0,loss,-1.0,-0.0,3.35,3.25,0.0307692307692308,0.3015656628248028,0.3053435114503816,0.0037778486255787
96b3b871bb14b8a67cb5,2026-08-30T13:01:46Z,b9d8d9eeb4afdebe9f91de7f8253eb07,401864577,market_only,home,False,33.0,7.0,win,0.392156862745098,0.0,1.392156862745098,1.4,-0.0056022408963585,0.6984343371751972,0.6946564885496184,-0.0037778486255788
e50d33ba45b354e34674,2026-08-30T13:01:46Z,b9d8d9eeb4afdebe9f91de7f8253eb07,401864577,market_only,away,False,33.0,7.0,loss,-1.0,-0.0,3.35,3.25,0.0307692307692308,0.3015656628248028,0.3053435114503816,0.0037778486255787
3377c3f58e52b239cc24,2026-08-30T13:01:46Z,90d9b4e9c9485143021eb1535e792164,401862693,market_fpi_residual,home,False,21.0,27.0,loss,-1.0,-0.0,1.4761904761904765,1.5434782608695652,-0.0435949027498321,0.6704377766847024,0.6428571428571429,-0.0275806338275594
75b28ea58d5602b5193e,2026-08-30T13:01:46Z,90d9b4e9c9485143021eb1535e792164,401862693,market_fpi_residual,away,False,21.0,27.0,win,1.95,0.0,2.95,2.77,0.0649819494584837,0.3295622233152976,0.3571428571428571,0.0275806338275594
447d60217c896372355b,2026-08-30T13:01:46Z,90d9b4e9c9485143021eb1535e792164,401862693,market_public_ensemble,home,False,21.0,27.0,loss,-1.0,-0.0,1.4761904761904765,1.5434782608695652,-0.0435949027498321,0.6704377766847024,0.6428571428571429,-0.0275806338275594
5e12918af6f9bd5b96fd,2026-08-30T13:01:46Z,90d9b4e9c9485143021eb1535e792164,401862693,market_public_ensemble,away,False,21.0,27.0,win,1.95,0.0,2.95,2.77,0.0649819494584837,0.3295622233152976,0.3571428571428571,0.0275806338275594
a5efa025750c11669a55,2026-08-30T13:01:46Z,90d9b4e9c9485143021eb1535e792164,401862693,fpi_only,home,False,21.0,27.0,loss,-1.0,-0.0,1.4761904761904765,1.5434782608695652,-0.0435949027498321,0.6704377766847024,0.6428571428571429,-0.0275806338275594
8cff512160f1b22796af,2026-08-30T13:01:46Z,90d9b4e9c9485143021eb1535e792164,401862693,fpi_only,away,False,21.0,27.0,win,1.95,0.0,2.95,2.77,0.0649819494584837,0.3295622233152976,0.3571428571428571,0.0275806338275594
df053b078739f8bb941e,2026-08-30T13:01:46Z,90d9b4e9c9485143021eb1535e792164,401862693,ratings_only,home,False,21.0,27.0,loss,-1.0,-0.0,1.4761904761904765,1.5434782608695652,-0.0435949027498321,0.6704377766847024,0.6428571428571429,-0.0275806338275594
4a0847e14ff3e508bb8c,2026-08-30T13:01:46Z,90d9b4e9c9485143021eb1535e792164,401862693,ratings_only,away,False,21.0,27.0,win,1.95,0.0,2.95,2.77,0.0649819494584837,0.3295622233152976,0.3571428571428571,0.0275806338275594
00df2e1ebf4e4d5e2f5b,2026-08-30T13:01:46Z,90d9b4e9c9485143021eb1535e792164,401862693,market_only,home,False,21.0,27.0,loss,-1.0,-0.0,1.4761904761904765,1.5434782608695652,-0.0435949027498321,0.6704377766847024,0.6428571428571429,-0.0275806338275594
9b7d0e65aa652b4de8fc,2026-08-30T13:01:46Z,90d9b4e9c9485143021eb1535e792164,401862693,market_only,away,False,21.0,27.0,win,1.95,0.0,2.95,2.77,0.0649819494584837,0.3295622233152976,0.3571428571428571,0.0275806338275594
5f6826015561b3422be7,2026-08-30T13:01:46Z,2c288580da16e12d35355f2548721be6,401856766,market_fpi_residual,home,False,10.0,15.0,loss,-1.0,-0.0,1.3278688524590163,1.2941176470588236,0.0260804769001488,0.7328244274809161,0.7429305912596401,0.0101061637787239
3255af8e1350793c4044,2026-08-30T13:01:46Z,2c288580da16e12d35355f2548721be6,401856766,market_fpi_residual,away,True,10.0,15.0,win,2.6,0.0058152407013513,3.6,3.95,-0.0886075949367088,0.2671755725190838,0.2570694087403599,-0.0101061637787239
7acb1500ad27e5010329,2026-08-30T13:01:46Z,2c288580da16e12d35355f2548721be6,401856766,market_public_ensemble,home,False,10.0,15.0,loss,-1.0,-0.0,1.3278688524590163,1.2941176470588236,0.0260804769001488,0.7328244274809161,0.7429305912596401,0.0101061637787239
f74ca84ec2a33d53e717,2026-08-30T13:01:46Z,2c288580da16e12d35355f2548721be6,401856766,market_public_ensemble,away,False,10.0,15.0,win,2.6,0.0,3.6,3.95,-0.0886075949367088,0.2671755725190838,0.2570694087403599,-0.0101061637787239
528ec34abd6d5afc8677,2026-08-30T13:01:46Z,2c288580da16e12d35355f2548721be6,401856766,fpi_only,home,False,10.0,15.0,loss,-1.0,-0.0,1.3278688524590163,1.2941176470588236,0.0260804769001488,0.7328244274809161,0.7429305912596401,0.0101061637787239
3cb54045877f6e656345,2026-08-30T13:01:46Z,2c288580da16e12d35355f2548721be6,401856766,fpi_only,away,False,10.0,15.0,win,2.6,0.0,3.6,3.95,-0.0886075949367088,0.2671755725190838,0.2570694087403599,-0.0101061637787239
6fb7c0a59959dc58e174,2026-08-30T13:01:46Z,2c288580da16e12d35355f2548721be6,401856766,ratings_only,home,False,10.0,15.0,loss,-1.0,-0.0,1.3278688524590163,1.2941176470588236,0.0260804769001488,0.7328244274809161,0.7429305912596401,0.0101061637787239
85bb77d88df633ee8e5f,2026-08-30T13:01:46Z,2c288580da16e12d35355f2548721be6,401856766,ratings_only,away,False,10.0,15.0,win,2.6,0.0,3.6,3.95,-0.0886075949367088,0.2671755725190838,0.2570694087403599,-0.0101061637787239
b25c7cd25104931001cd,2026-08-30T13:01:46Z,2c288580da16e12d35355f2548721be6,401856766,market_only,home,False,10.0,15.0,loss,-1.0,-0.0,1.3278688524590163,1.2941176470588236,0.0260804769001488,0.7328244274809161,0.7429305912596401,0.0101061637787239
0f2c3cbcd5c5ba935344,2026-08-30T13:01:46Z,2c288580da16e12d35355f2548721be6,401856766,market_only,away,False,10.0,15.0,win,2.6,0.0,3.6,3.95,-0.0886075949367088,0.2671755725190838,0.2570694087403599,-0.0101061637787239
8d07209d69ff3ff203bc,2026-08-30T13:01:46Z,123a238486098cc9e8f71fea0cf4e7b0,401858202,market_fpi_residual,home,False,34.0,8.0,win,0.5,0.0,1.5,1.5555555555555556,-0.0357142857142857,0.6540540540540539,0.6309403437815976,-0.0231137102724563
d3623af0724abd0762c6,2026-08-30T13:01:46Z,123a238486098cc9e8f71fea0cf4e7b0,401858202,market_fpi_residual,away,False,34.0,8.0,loss,-1.0,-0.0,2.85,2.65,0.0754716981132075,0.3459459459459461,0.3690596562184024,0.0231137102724563
7c390841a784e00718db,2026-08-30T13:01:46Z,123a238486098cc9e8f71fea0cf4e7b0,401858202,market_public_ensemble,home,False,34.0,8.0,win,0.5,0.0,1.5,1.5555555555555556,-0.0357142857142857,0.6540540540540539,0.6309403437815976,-0.0231137102724563
b3864bcb040af7e18906,2026-08-30T13:01:46Z,123a238486098cc9e8f71fea0cf4e7b0,401858202,market_public_ensemble,away,False,34.0,8.0,loss,-1.0,-0.0,2.85,2.65,0.0754716981132075,0.3459459459459461,0.3690596562184024,0.0231137102724563
92ff40f0d08008b931e2,2026-08-30T13:01:46Z,123a238486098cc9e8f71fea0cf4e7b0,401858202,fpi_only,home,False,34.0,8.0,win,0.5,0.0,1.5,1.5555555555555556,-0.0357142857142857,0.6540540540540539,0.6309403437815976,-0.0231137102724563
fdd9e72544381f9b0555,2026-08-30T13:01:46Z,123a238486098cc9e8f71fea0cf4e7b0,401858202,fpi_only,away,False,34.0,8.0,loss,-1.0,-0.0,2.85,2.65,0.0754716981132075,0.3459459459459461,0.3690596562184024,0.0231137102724563
86609fabf16818709266,2026-08-30T13:01:46Z,123a238486098cc9e8f71fea0cf4e7b0,401858202,ratings_only,home,False,34.0,8.0,win,0.5,0.0,1.5,1.5555555555555556,-0.0357142857142857,0.6540540540540539,0.6309403437815976,-0.0231137102724563
4eb44d724d69793c623b,2026-08-30T13:01:46Z,123a238486098cc9e8f71fea0cf4e7b0,401858202,ratings_only,away,False,34.0,8.0,loss,-1.0,-0.0,2.85,2.65,0.0754716981132075,0.3459459459459461,0.3690596562184024,0.0231137102724563
134962c1816cc802c14a,2026-08-30T13:01:46Z,123a238486098cc9e8f71fea0cf4e7b0,401858202,market_only,home,False,34.0,8.0,win,0.5,0.0,1.5,1.5555555555555556,-0.0357142857142857,0.6540540540540539,0.6309403437815976,-0.0231137102724563
2c1daa04a922cd2bb158,2026-08-30T13:01:46Z,123a238486098cc9e8f71fea0cf4e7b0,401858202,market_only,away,False,34.0,8.0,loss,-1.0,-0.0,2.85,2.65,0.0754716981132075,0.3459459459459461,0.3690596562184024,0.0231137102724563
47fb416021aac94d7846,2026-08-30T13:01:46Z,b9d8d9eeb4afdebe9f91de7f8253eb07,401864577,market_fpi_residual,home,False,33.0,7.0,win,0.392156862745098,0.0,1.392156862745098,1.4,-0.0056022408963585,0.6984343371751972,0.6946564885496184,-0.0037778486255788
6b6aeb85eac5f81b8903,2026-08-30T13:01:46Z,b9d8d9eeb4afdebe9f91de7f8253eb07,401864577,market_fpi_residual,away,False,33.0,7.0,loss,-1.0,-0.0,3.35,3.25,0.0307692307692308,0.3015656628248028,0.3053435114503816,0.0037778486255787
1d0089d979bafb80f825,2026-08-30T13:01:46Z,b9d8d9eeb4afdebe9f91de7f8253eb07,401864577,market_public_ensemble,home,False,33.0,7.0,win,0.392156862745098,0.0,1.392156862745098,1.4,-0.0056022408963585,0.6984343371751972,0.6946564885496184,-0.0037778486255788
e46dabacd9c48dd41012,2026-08-30T13:01:46Z,b9d8d9eeb4afdebe9f91de7f8253eb07,401864577,market_public_ensemble,away,False,33.0,7.0,loss,-1.0,-0.0,3.35,3.25,0.0307692307692308,0.3015656628248028,0.3053435114503816,0.0037778486255787
37931c3996a328bec0ba,2026-08-30T13:01:46Z,b9d8d9eeb4afdebe9f91de7f8253eb07,401864577,fpi_only,home,False,33.0,7.0,win,0.392156862745098,0.0,1.392156862745098,1.4,-0.0056022408963585,0.6984343371751972,0.6946564885496184,-0.0037778486255788
d7d0b2f5f7fd7e8964d1,2026-08-30T13:01:46Z,b9d8d9eeb4afdebe9f91de7f8253eb07,401864577,fpi_only,away,False,33.0,7.0,loss,-1.0,-0.0,3.35,3.25,0.0307692307692308,0.3015656628248028,0.3053435114503816,0.0037778486255787
427ce5b57c1029d469fe,2026-08-30T13:01:46Z,b9d8d9eeb4afdebe9f91de7f8253eb07,401864577,ratings_only,home,False,33.0,7.0,win,0.392156862745098,0.0,1.392156862745098,1.4,-0.0056022408963585,0.6984343371751972,0.6946564885496184,-0.0037778486255788
dcd6eed6e977657b033c,2026-08-30T13:01:46Z,b9d8d9eeb4afdebe9f91de7f8253eb07,401864577,ratings_only,away,False,33.0,7.0,loss,-1.0,-0.0,3.35,3.25,0.0307692307692308,0.3015656628248028,0.3053435114503816,0.0037778486255787
d2f7aca24caa53564839,2026-08-30T13:01:46Z,b9d8d9eeb4afdebe9f91de7f8253eb07,401864577,market_only,home,False,33.0,7.0,win,0.392156862745098,0.0,1.392156862745098,1.4,-0.0056022408963585,0.6984343371751972,0.6946564885496184,-0.0037778486255788
55dceeae032b656ab529,2026-08-30T13:01:46Z,b9d8d9eeb4afdebe9f91de7f8253eb07,401864577,market_only,away,False,33.0,7.0,loss,-1.0,-0.0,3.35,3.25,0.0307692307692308,0.3015656628248028,0.3053435114503816,0.0037778486255787
46a81a99e973d9f99339,2026-08-30T13:01:46Z,90d9b4e9c9485143021eb1535e792164,401862693,market_fpi_residual,home,False,21.0,27.0,loss,-1.0,-0.0,1.4761904761904765,1.5434782608695652,-0.0435949027498321,0.6704377766847024,0.6428571428571429,-0.0275806338275594
05c2a369cc4544b990ce,2026-08-30T13:01:46Z,90d9b4e9c9485143021eb1535e792164,401862693,market_fpi_residual,away,False,21.0,27.0,win,1.95,0.0,2.95,2.77,0.0649819494584837,0.3295622233152976,0.3571428571428571,0.0275806338275594
956ed3e2d9b990218352,2026-08-30T13:01:46Z,90d9b4e9c9485143021eb1535e792164,401862693,market_public_ensemble,home,False,21.0,27.0,loss,-1.0,-0.0,1.4761904761904765,1.5434782608695652,-0.0435949027498321,0.6704377766847024,0.6428571428571429,-0.0275806338275594
05b10b80391edf2b53ed,2026-08-30T13:01:46Z,90d9b4e9c9485143021eb1535e792164,401862693,market_public_ensemble,away,False,21.0,27.0,win,1.95,0.0,2.95,2.77,0.0649819494584837,0.3295622233152976,0.3571428571428571,0.0275806338275594
37f9e3f495590e69e062,2026-08-30T13:01:46Z,90d9b4e9c9485143021eb1535e792164,401862693,fpi_only,home,False,21.0,27.0,loss,-1.0,-0.0,1.4761904761904765,1.5434782608695652,-0.0435949027498321,0.6704377766847024,0.6428571428571429,-0.0275806338275594
0bb358666d683b4a83f8,2026-08-30T13:01:46Z,90d9b4e9c9485143021eb1535e792164,401862693,fpi_only,away,False,21.0,27.0,win,1.95,0.0,2.95,2.77,0.0649819494584837,0.3295622233152976,0.3571428571428571,0.0275806338275594
347c459647068c70e620,2026-08-30T13:01:46Z,90d9b4e9c9485143021eb1535e792164,401862693,ratings_only,home,False,21.0,27.0,loss,-1.0,-0.0,1.4761904761904765,1.5434782608695652,-0.0435949027498321,0.6704377766847024,0.6428571428571429,-0.0275806338275594
60b13f235007ff85f21d,2026-08-30T13:01:46Z,90d9b4e9c9485143021eb1535e792164,401862693,ratings_only,away,False,21.0,27.0,win,1.95,0.0,2.95,2.77,0.0649819494584837,0.3295622233152976,0.3571428571428571,0.0275806338275594
510fb8a195b3b7751e13,2026-08-30T13:01:46Z,90d9b4e9c9485143021eb1535e792164,401862693,market_only,home,False,21.0,27.0,loss,-1.0,-0.0,1.4761904761904765,1.5434782608695652,-0.0435949027498321,0.6704377766847024,0.6428571428571429,-0.0275806338275594
b74b78c111b27685d0d0,2026-08-30T13:01:46Z,90d9b4e9c9485143021eb1535e792164,401862693,market_only,away,False,21.0,27.0,win,1.95,0.0,2.95,2.77,0.0649819494584837,0.3295622233152976,0.3571428571428571,0.0275806338275594
4ce74f3a53136ac55e71,2026-08-30T13:01:46Z,2c288580da16e12d35355f2548721be6,401856766,market_fpi_residual,home,False,10.0,15.0,loss,-1.0,-0.0,1.3278688524590163,1.2941176470588236,0.0260804769001488,0.7328244274809161,0.7429305912596401,0.0101061637787239
f0b4100614d0a3015e55,2026-08-30T13:01:46Z,2c288580da16e12d35355f2548721be6,401856766,market_fpi_residual,away,True,10.0,15.0,win,2.6,0.0058152407013513,3.6,3.95,-0.0886075949367088,0.2671755725190838,0.2570694087403599,-0.0101061637787239
97424191f4cebad2bc98,2026-08-30T13:01:46Z,2c288580da16e12d35355f2548721be6,401856766,market_public_ensemble,home,False,10.0,15.0,loss,-1.0,-0.0,1.3278688524590163,1.2941176470588236,0.0260804769001488,0.7328244274809161,0.7429305912596401,0.0101061637787239
3fe0dbf1381fee347be6,2026-08-30T13:01:46Z,2c288580da16e12d35355f2548721be6,401856766,market_public_ensemble,away,False,10.0,15.0,win,2.6,0.0,3.6,3.95,-0.0886075949367088,0.2671755725190838,0.2570694087403599,-0.0101061637787239
17b96ac870cdb91d1199,2026-08-30T13:01:46Z,2c288580da16e12d35355f2548721be6,401856766,fpi_only,home,False,10.0,15.0,loss,-1.0,-0.0,1.3278688524590163,1.2941176470588236,0.0260804769001488,0.7328244274809161,0.7429305912596401,0.0101061637787239
3cc74ea40bf260b9b717,2026-08-30T13:01:46Z,2c288580da16e12d35355f2548721be6,401856766,fpi_only,away,False,10.0,15.0,win,2.6,0.0,3.6,3.95,-0.0886075949367088,0.2671755725190838,0.2570694087403599,-0.0101061637787239
b76afc7ba577c699e2ed,2026-08-30T13:01:46Z,2c288580da16e12d35355f2548721be6,401856766,ratings_only,home,False,10.0,15.0,loss,-1.0,-0.0,1.3278688524590163,1.2941176470588236,0.0260804769001488,0.7328244274809161,0.7429305912596401,0.0101061637787239
affe047d3a183828c1c1,2026-08-30T13:01:46Z,2c288580da16e12d35355f2548721be6,401856766,ratings_only,away,False,10.0,15.0,win,2.6,0.0,3.6,3.95,-0.0886075949367088,0.2671755725190838,0.2570694087403599,-0.0101061637787239
7e891f7ef97179b2aa49,2026-08-30T13:01:46Z,2c288580da16e12d35355f2548721be6,401856766,market_only,home,False,10.0,15.0,loss,-1.0,-0.0,1.3278688524590163,1.2941176470588236,0.0260804769001488,0.7328244274809161,0.7429305912596401,0.0101061637787239
b5f357ade545c661cbf7,2026-08-30T13:01:46Z,2c288580da16e12d35355f2548721be6,401856766,market_only,away,False,10.0,15.0,win,2.6,0.0,3.6,3.95,-0.0886075949367088,0.2671755725190838,0.2570694087403599,-0.0101061637787239
1b733381df483430226e,2026-08-30T13:01:46Z,123a238486098cc9e8f71fea0cf4e7b0,401858202,market_fpi_residual,home,False,34.0,8.0,win,0.5,0.0,1.5,1.5555555555555556,-0.0357142857142857,0.6556291390728477,0.6309403437815976,-0.0246887952912501
b658e6451da30684363e,2026-08-30T13:01:46Z,123a238486098cc9e8f71fea0cf4e7b0,401858202,market_fpi_residual,away,False,34.0,8.0,loss,-1.0,-0.0,2.85,2.65,0.0754716981132075,0.3443708609271523,0.3690596562184024,0.0246887952912501
cfad4e1d73d8682da01e,2026-08-30T13:01:46Z,123a238486098cc9e8f71fea0cf4e7b0,401858202,market_public_ensemble,home,False,34.0,8.0,win,0.5,0.0,1.5,1.5555555555555556,-0.0357142857142857,0.6556291390728477,0.6309403437815976,-0.0246887952912501
ef91a8b25a5704d54743,2026-08-30T13:01:46Z,123a238486098cc9e8f71fea0cf4e7b0,401858202,market_public_ensemble,away,False,34.0,8.0,loss,-1.0,-0.0,2.85,2.65,0.0754716981132075,0.3443708609271523,0.3690596562184024,0.0246887952912501
5caee2bad0223aa66326,2026-08-30T13:01:46Z,123a238486098cc9e8f71fea0cf4e7b0,401858202,fpi_only,home,False,34.0,8.0,win,0.5,0.0,1.5,1.5555555555555556,-0.0357142857142857,0.6556291390728477,0.6309403437815976,-0.0246887952912501
a0a0eed5e605f46455b1,2026-08-30T13:01:46Z,123a238486098cc9e8f71fea0cf4e7b0,401858202,fpi_only,away,False,34.0,8.0,loss,-1.0,-0.0,2.85,2.65,0.0754716981132075,0.3443708609271523,0.3690596562184024,0.0246887952912501
58bd4b58316c69a1b932,2026-08-30T13:01:46Z,123a238486098cc9e8f71fea0cf4e7b0,401858202,ratings_only,home,False,34.0,8.0,win,0.5,0.0,1.5,1.5555555555555556,-0.0357142857142857,0.6556291390728477,0.6309403437815976,-0.0246887952912501
708f7ed6fcd10ec67f7f,2026-08-30T13:01:46Z,123a238486098cc9e8f71fea0cf4e7b0,401858202,ratings_only,away,False,34.0,8.0,loss,-1.0,-0.0,2.85,2.65,0.0754716981132075,0.3443708609271523,0.3690596562184024,0.0246887952912501
4ee7c0bdba0ebe134c0b,2026-08-30T13:01:46Z,123a238486098cc9e8f71fea0cf4e7b0,401858202,market_only,home,False,34.0,8.0,win,0.5,0.0,1.5,1.5555555555555556,-0.0357142857142857,0.6556291390728477,0.6309403437815976,-0.0246887952912501
eb60a9c25287689930db,2026-08-30T13:01:46Z,123a238486098cc9e8f71fea0cf4e7b0,401858202,market_only,away,False,34.0,8.0,loss,-1.0,-0.0,2.85,2.65,0.0754716981132075,0.3443708609271523,0.3690596562184024,0.0246887952912501
1c27aa154ed0d6089e76,2026-08-30T13:01:46Z,b9d8d9eeb4afdebe9f91de7f8253eb07,401864577,market_fpi_residual,home,False,33.0,7.0,win,0.4,0.0,1.4,1.4,0.0,0.6984343371751972,0.6946564885496184,-0.0037778486255788
263093f2be6387bcd9a8,2026-08-30T13:01:46Z,b9d8d9eeb4afdebe9f91de7f8253eb07,401864577,market_fpi_residual,away,False,33.0,7.0,loss,-1.0,-0.0,3.3,3.25,0.0153846153846153,0.3015656628248028,0.3053435114503816,0.0037778486255787
a3741b79dbc7df80f861,2026-08-30T13:01:46Z,b9d8d9eeb4afdebe9f91de7f8253eb07,401864577,market_public_ensemble,home,False,33.0,7.0,win,0.4,0.0,1.4,1.4,0.0,0.6984343371751972,0.6946564885496184,-0.0037778486255788
02f85d461d6aae08d18c,2026-08-30T13:01:46Z,b9d8d9eeb4afdebe9f91de7f8253eb07,401864577,market_public_ensemble,away,False,33.0,7.0,loss,-1.0,-0.0,3.3,3.25,0.0153846153846153,0.3015656628248028,0.3053435114503816,0.0037778486255787
2b3b32a7f466a36edddd,2026-08-30T13:01:46Z,b9d8d9eeb4afdebe9f91de7f8253eb07,401864577,fpi_only,home,False,33.0,7.0,win,0.4,0.0,1.4,1.4,0.0,0.6984343371751972,0.6946564885496184,-0.0037778486255788
9d6690cfa8185ff8bd41,2026-08-30T13:01:46Z,b9d8d9eeb4afdebe9f91de7f8253eb07,401864577,fpi_only,away,False,33.0,7.0,loss,-1.0,-0.0,3.3,3.25,0.0153846153846153,0.3015656628248028,0.3053435114503816,0.0037778486255787
858d5a57763787a92899,2026-08-30T13:01:46Z,b9d8d9eeb4afdebe9f91de7f8253eb07,401864577,ratings_only,home,False,33.0,7.0,win,0.4,0.0,1.4,1.4,0.0,0.6984343371751972,0.6946564885496184,-0.0037778486255788
556f697aa84395efdb6c,2026-08-30T13:01:46Z,b9d8d9eeb4afdebe9f91de7f8253eb07,401864577,ratings_only,away,False,33.0,7.0,loss,-1.0,-0.0,3.3,3.25,0.0153846153846153,0.3015656628248028,0.3053435114503816,0.0037778486255787
79da73b73b2b327ba0d7,2026-08-30T13:01:46Z,b9d8d9eeb4afdebe9f91de7f8253eb07,401864577,market_only,home,False,33.0,7.0,win,0.4,0.0,1.4,1.4,0.0,0.6984343371751972,0.6946564885496184,-0.0037778486255788
b975081a56f6605ef6c0,2026-08-30T13:01:46Z,b9d8d9eeb4afdebe9f91de7f8253eb07,401864577,market_only,away,False,33.0,7.0,loss,-1.0,-0.0,3.3,3.25,0.0153846153846153,0.3015656628248028,0.3053435114503816,0.0037778486255787
0401fd0a36a523e80eae,2026-08-30T13:01:46Z,90d9b4e9c9485143021eb1535e792164,401862693,market_fpi_residual,home,False,21.0,27.0,loss,-1.0,-0.0,1.4761904761904765,1.5434782608695652,-0.0435949027498321,0.6704377766847024,0.6428571428571429,-0.0275806338275594
f4348239e7bf235f2e70,2026-08-30T13:01:46Z,90d9b4e9c9485143021eb1535e792164,401862693,market_fpi_residual,away,False,21.0,27.0,win,1.95,0.0,2.95,2.77,0.0649819494584837,0.3295622233152976,0.3571428571428571,0.0275806338275594
28de4afa64c99cfd4daa,2026-08-30T13:01:46Z,90d9b4e9c9485143021eb1535e792164,401862693,market_public_ensemble,home,False,21.0,27.0,loss,-1.0,-0.0,1.4761904761904765,1.5434782608695652,-0.0435949027498321,0.6704377766847024,0.6428571428571429,-0.0275806338275594
49b6e21e907d22a191c5,2026-08-30T13:01:46Z,90d9b4e9c9485143021eb1535e792164,401862693,market_public_ensemble,away,False,21.0,27.0,win,1.95,0.0,2.95,2.77,0.0649819494584837,0.3295622233152976,0.3571428571428571,0.0275806338275594
61920c3445191b4c59fa,2026-08-30T13:01:46Z,90d9b4e9c9485143021eb1535e792164,401862693,fpi_only,home,False,21.0,27.0,loss,-1.0,-0.0,1.4761904761904765,1.5434782608695652,-0.0435949027498321,0.6704377766847024,0.6428571428571429,-0.0275806338275594
f45eca7ec285b3c6203b,2026-08-30T13:01:46Z,90d9b4e9c9485143021eb1535e792164,401862693,fpi_only,away,False,21.0,27.0,win,1.95,0.0,2.95,2.77,0.0649819494584837,0.3295622233152976,0.3571428571428571,0.0275806338275594
bc596d3ebc5ce83540d8,2026-08-30T13:01:46Z,90d9b4e9c9485143021eb1535e792164,401862693,ratings_only,home,False,21.0,27.0,loss,-1.0,-0.0,1.4761904761904765,1.5434782608695652,-0.0435949027498321,0.6704377766847024,0.6428571428571429,-0.0275806338275594
d39729f84472e06fb97f,2026-08-30T13:01:46Z,90d9b4e9c9485143021eb1535e792164,401862693,ratings_only,away,False,21.0,27.0,win,1.95,0.0,2.95,2.77,0.0649819494584837,0.3295622233152976,0.3571428571428571,0.0275806338275594
122ccabe6c01adfbcba6,2026-08-30T13:01:46Z,90d9b4e9c9485143021eb1535e792164,401862693,market_only,home,False,21.0,27.0,loss,-1.0,-0.0,1.4761904761904765,1.5434782608695652,-0.0435949027498321,0.6704377766847024,0.6428571428571429,-0.0275806338275594
222be319ddbd5717da5d,2026-08-30T13:01:46Z,90d9b4e9c9485143021eb1535e792164,401862693,market_only,away,False,21.0,27.0,win,1.95,0.0,2.95,2.77,0.0649819494584837,0.3295622233152976,0.3571428571428571,0.0275806338275594
a68272fe2fa03d3b0a20,2026-08-30T13:01:46Z,2c288580da16e12d35355f2548721be6,401856766,market_fpi_residual,home,False,10.0,15.0,loss,-1.0,-0.0,1.3278688524590163,1.2941176470588236,0.0260804769001488,0.7265440829797266,0.7429305912596401,0.0163865082799135
987ef6fe4556529457b0,2026-08-30T13:01:46Z,2c288580da16e12d35355f2548721be6,401856766,market_fpi_residual,away,True,10.0,15.0,win,2.6,0.0078726284234525,3.6,3.95,-0.0886075949367088,0.2734559170202734,0.2570694087403599,-0.0163865082799135
ea958b0ea2786c30f356,2026-08-30T13:01:46Z,2c288580da16e12d35355f2548721be6,401856766,market_public_ensemble,home,False,10.0,15.0,loss,-1.0,-0.0,1.3278688524590163,1.2941176470588236,0.0260804769001488,0.7265440829797266,0.7429305912596401,0.0163865082799135
84e99cdac93e2ce14575,2026-08-30T13:01:46Z,2c288580da16e12d35355f2548721be6,401856766,market_public_ensemble,away,False,10.0,15.0,win,2.6,0.0,3.6,3.95,-0.0886075949367088,0.2734559170202734,0.2570694087403599,-0.0163865082799135
95ebebf4102b0985caf5,2026-08-30T13:01:46Z,2c288580da16e12d35355f2548721be6,401856766,fpi_only,home,False,10.0,15.0,loss,-1.0,-0.0,1.3278688524590163,1.2941176470588236,0.0260804769001488,0.7265440829797266,0.7429305912596401,0.0163865082799135
ad8769e8c6c6948bf617,2026-08-30T13:01:46Z,2c288580da16e12d35355f2548721be6,401856766,fpi_only,away,False,10.0,15.0,win,2.6,0.0,3.6,3.95,-0.0886075949367088,0.2734559170202734,0.2570694087403599,-0.0163865082799135
ab1339821f1b8cfef830,2026-08-30T13:01:46Z,2c288580da16e12d35355f2548721be6,401856766,ratings_only,home,False,10.0,15.0,loss,-1.0,-0.0,1.3278688524590163,1.2941176470588236,0.0260804769001488,0.7265440829797266,0.7429305912596401,0.0163865082799135
28f5430741e4d44de230,2026-08-30T13:01:46Z,2c288580da16e12d35355f2548721be6,401856766,ratings_only,away,False,10.0,15.0,win,2.6,0.0,3.6,3.95,-0.0886075949367088,0.2734559170202734,0.2570694087403599,-0.0163865082799135
f7970d51c4c8d8cbbe6a,2026-08-30T13:01:46Z,2c288580da16e12d35355f2548721be6,401856766,market_only,home,False,10.0,15.0,loss,-1.0,-0.0,1.3278688524590163,1.2941176470588236,0.0260804769001488,0.7265440829797266,0.7429305912596401,0.0163865082799135
d410bdf6287d1a4ffd16,2026-08-30T13:01:46Z,2c288580da16e12d35355f2548721be6,401856766,market_only,away,False,10.0,15.0,win,2.6,0.0,3.6,3.95,-0.0886075949367088,0.2734559170202734,0.2570694087403599,-0.0163865082799135
20eafc7bf0f9a4d00d16,2026-08-30T13:01:46Z,123a238486098cc9e8f71fea0cf4e7b0,401858202,market_fpi_residual,home,False,34.0,8.0,win,0.4761904761904761,0.0,1.4761904761904765,1.5555555555555556,-0.0510204081632651,0.6574752261956053,0.6309403437815976,-0.0265348824140077
4a39daff9b06c56cb177,2026-08-30T13:01:46Z,123a238486098cc9e8f71fea0cf4e7b0,401858202,market_fpi_residual,away,False,34.0,8.0,loss,-1.0,-0.0,2.85,2.65,0.0754716981132075,0.3425247738043947,0.3690596562184024,0.0265348824140077
bc9229e5a4750cb473e3,2026-08-30T13:01:46Z,123a238486098cc9e8f71fea0cf4e7b0,401858202,market_public_ensemble,home,False,34.0,8.0,win,0.4761904761904761,0.0,1.4761904761904765,1.5555555555555556,-0.0510204081632651,0.6574752261956053,0.6309403437815976,-0.0265348824140077
af1a5500d0e9f21147f7,2026-08-30T13:01:46Z,123a238486098cc9e8f71fea0cf4e7b0,401858202,market_public_ensemble,away,False,34.0,8.0,loss,-1.0,-0.0,2.85,2.65,0.0754716981132075,0.3425247738043947,0.3690596562184024,0.0265348824140077
e1c33297b497505c92de,2026-08-30T13:01:46Z,123a238486098cc9e8f71fea0cf4e7b0,401858202,fpi_only,home,False,34.0,8.0,win,0.4761904761904761,0.0,1.4761904761904765,1.5555555555555556,-0.0510204081632651,0.6574752261956053,0.6309403437815976,-0.0265348824140077
a5e70fa626d3e078db92,2026-08-30T13:01:46Z,123a238486098cc9e8f71fea0cf4e7b0,401858202,fpi_only,away,False,34.0,8.0,loss,-1.0,-0.0,2.85,2.65,0.0754716981132075,0.3425247738043947,0.3690596562184024,0.0265348824140077
3eaa6be43200e100441f,2026-08-30T13:01:46Z,123a238486098cc9e8f71fea0cf4e7b0,401858202,ratings_only,home,False,34.0,8.0,win,0.4761904761904761,0.0,1.4761904761904765,1.5555555555555556,-0.0510204081632651,0.6574752261956053,0.6309403437815976,-0.0265348824140077
626fc1d935494384b103,2026-08-30T13:01:46Z,123a238486098cc9e8f71fea0cf4e7b0,401858202,ratings_only,away,False,34.0,8.0,loss,-1.0,-0.0,2.85,2.65,0.0754716981132075,0.3425247738043947,0.3690596562184024,0.0265348824140077
c7617360c3a7018fb4c2,2026-08-30T13:01:46Z,123a238486098cc9e8f71fea0cf4e7b0,401858202,market_only,home,False,34.0,8.0,win,0.4761904761904761,0.0,1.4761904761904765,1.5555555555555556,-0.0510204081632651,0.6574752261956053,0.6309403437815976,-0.0265348824140077
3865559be3b26acb8005,2026-08-30T13:01:46Z,123a238486098cc9e8f71fea0cf4e7b0,401858202,market_only,away,False,34.0,8.0,loss,-1.0,-0.0,2.85,2.65,0.0754716981132075,0.3425247738043947,0.3690596562184024,0.0265348824140077
b513b73a6419d52dc90c,2026-08-30T13:01:46Z,b9d8d9eeb4afdebe9f91de7f8253eb07,401864577,market_fpi_residual,home,False,33.0,7.0,win,0.4,0.0,1.4,1.4,0.0,0.6984343371751972,0.6946564885496184,-0.0037778486255788
2950710a92071f35221e,2026-08-30T13:01:46Z,b9d8d9eeb4afdebe9f91de7f8253eb07,401864577,market_fpi_residual,away,False,33.0,7.0,loss,-1.0,-0.0,3.25,3.25,0.0,0.3015656628248028,0.3053435114503816,0.0037778486255787
9f3f663b079048a59a89,2026-08-30T13:01:46Z,b9d8d9eeb4afdebe9f91de7f8253eb07,401864577,market_public_ensemble,home,False,33.0,7.0,win,0.4,0.0,1.4,1.4,0.0,0.6984343371751972,0.6946564885496184,-0.0037778486255788
9517a6dedd717bc4b7d1,2026-08-30T13:01:46Z,b9d8d9eeb4afdebe9f91de7f8253eb07,401864577,market_public_ensemble,away,False,33.0,7.0,loss,-1.0,-0.0,3.25,3.25,0.0,0.3015656628248028,0.3053435114503816,0.0037778486255787
30d36aa934dc85db4144,2026-08-30T13:01:46Z,b9d8d9eeb4afdebe9f91de7f8253eb07,401864577,fpi_only,home,False,33.0,7.0,win,0.4,0.0,1.4,1.4,0.0,0.6984343371751972,0.6946564885496184,-0.0037778486255788
b0d61994ac46765f443a,2026-08-30T13:01:46Z,b9d8d9eeb4afdebe9f91de7f8253eb07,401864577,fpi_only,away,False,33.0,7.0,loss,-1.0,-0.0,3.25,3.25,0.0,0.3015656628248028,0.3053435114503816,0.0037778486255787
35db50f5f8377cf07c72,2026-08-30T13:01:46Z,b9d8d9eeb4afdebe9f91de7f8253eb07,401864577,ratings_only,home,False,33.0,7.0,win,0.4,0.0,1.4,1.4,0.0,0.6984343371751972,0.6946564885496184,-0.0037778486255788
31e74ba7060b78c5f902,2026-08-30T13:01:46Z,b9d8d9eeb4afdebe9f91de7f8253eb07,401864577,ratings_only,away,False,33.0,7.0,loss,-1.0,-0.0,3.25,3.25,0.0,0.3015656628248028,0.3053435114503816,0.0037778486255787
a68d0f3e9c833ddbacdd,2026-08-30T13:01:46Z,b9d8d9eeb4afdebe9f91de7f8253eb07,401864577,market_only,home,False,33.0,7.0,win,0.4,0.0,1.4,1.4,0.0,0.6984343371751972,0.6946564885496184,-0.0037778486255788
d7abe8851b8f2f554782,2026-08-30T13:01:46Z,b9d8d9eeb4afdebe9f91de7f8253eb07,401864577,market_only,away,False,33.0,7.0,loss,-1.0,-0.0,3.25,3.25,0.0,0.3015656628248028,0.3053435114503816,0.0037778486255787
8b166e3efe831e6221fc,2026-08-30T13:01:46Z,90d9b4e9c9485143021eb1535e792164,401862693,market_fpi_residual,home,False,21.0,27.0,loss,-1.0,-0.0,1.4761904761904765,1.5434782608695652,-0.0435949027498321,0.6704377766847024,0.6428571428571429,-0.0275806338275594
31db9a2564228fc3bcd5,2026-08-30T13:01:46Z,90d9b4e9c9485143021eb1535e792164,401862693,market_fpi_residual,away,False,21.0,27.0,win,1.95,0.0,2.95,2.77,0.0649819494584837,0.3295622233152976,0.3571428571428571,0.0275806338275594
f9d70f9136106b0dab7d,2026-08-30T13:01:46Z,90d9b4e9c9485143021eb1535e792164,401862693,market_public_ensemble,home,False,21.0,27.0,loss,-1.0,-0.0,1.4761904761904765,1.5434782608695652,-0.0435949027498321,0.6704377766847024,0.6428571428571429,-0.0275806338275594
ef5472342909383de97e,2026-08-30T13:01:46Z,90d9b4e9c9485143021eb1535e792164,401862693,market_public_ensemble,away,False,21.0,27.0,win,1.95,0.0,2.95,2.77,0.0649819494584837,0.3295622233152976,0.3571428571428571,0.0275806338275594
c3fcf279332269c335a6,2026-08-30T13:01:46Z,90d9b4e9c9485143021eb1535e792164,401862693,fpi_only,home,False,21.0,27.0,loss,-1.0,-0.0,1.4761904761904765,1.5434782608695652,-0.0435949027498321,0.6704377766847024,0.6428571428571429,-0.0275806338275594
30dad4f3a25c62a3bdd8,2026-08-30T13:01:46Z,90d9b4e9c9485143021eb1535e792164,401862693,fpi_only,away,False,21.0,27.0,win,1.95,0.0,2.95,2.77,0.0649819494584837,0.3295622233152976,0.3571428571428571,0.0275806338275594
74c51ca6ba0132edd949,2026-08-30T13:01:46Z,90d9b4e9c9485143021eb1535e792164,401862693,ratings_only,home,False,21.0,27.0,loss,-1.0,-0.0,1.4761904761904765,1.5434782608695652,-0.0435949027498321,0.6704377766847024,0.6428571428571429,-0.0275806338275594
65fa9f56111d76d8dada,2026-08-30T13:01:46Z,90d9b4e9c9485143021eb1535e792164,401862693,ratings_only,away,False,21.0,27.0,win,1.95,0.0,2.95,2.77,0.0649819494584837,0.3295622233152976,0.3571428571428571,0.0275806338275594
695464e1fc27a9ade58f,2026-08-30T13:01:46Z,90d9b4e9c9485143021eb1535e792164,401862693,market_only,home,False,21.0,27.0,loss,-1.0,-0.0,1.4761904761904765,1.5434782608695652,-0.0435949027498321,0.6704377766847024,0.6428571428571429,-0.0275806338275594
2c5a450eb0590c322e38,2026-08-30T13:01:46Z,90d9b4e9c9485143021eb1535e792164,401862693,market_only,away,False,21.0,27.0,win,1.95,0.0,2.95,2.77,0.0649819494584837,0.3295622233152976,0.3571428571428571,0.0275806338275594
45d4d41f839cbf8e218c,2026-08-30T13:01:46Z,2c288580da16e12d35355f2548721be6,401856766,market_fpi_residual,home,False,10.0,15.0,loss,-1.0,-0.0,1.3333333333333333,1.2941176470588236,0.0303030303030302,0.7265440829797266,0.7429305912596401,0.0163865082799135
0b5e97a44f2f6d2479e6,2026-08-30T13:01:46Z,2c288580da16e12d35355f2548721be6,401856766,market_fpi_residual,away,True,10.0,15.0,win,2.65,0.009370859373778,3.65,3.95,-0.0759493670886076,0.2734559170202734,0.2570694087403599,-0.0163865082799135
85a78a394383dd800d12,2026-08-30T13:01:46Z,2c288580da16e12d35355f2548721be6,401856766,market_public_ensemble,home,False,10.0,15.0,loss,-1.0,-0.0,1.3333333333333333,1.2941176470588236,0.0303030303030302,0.7265440829797266,0.7429305912596401,0.0163865082799135
78ee23f22b466e90017c,2026-08-30T13:01:46Z,2c288580da16e12d35355f2548721be6,401856766,market_public_ensemble,away,False,10.0,15.0,win,2.65,0.0,3.65,3.95,-0.0759493670886076,0.2734559170202734,0.2570694087403599,-0.0163865082799135
1c65a61ed0d12c475256,2026-08-30T13:01:46Z,2c288580da16e12d35355f2548721be6,401856766,fpi_only,home,False,10.0,15.0,loss,-1.0,-0.0,1.3333333333333333,1.2941176470588236,0.0303030303030302,0.7265440829797266,0.7429305912596401,0.0163865082799135
5071a0e144c99e19cf6e,2026-08-30T13:01:46Z,2c288580da16e12d35355f2548721be6,401856766,fpi_only,away,False,10.0,15.0,win,2.65,0.0,3.65,3.95,-0.0759493670886076,0.2734559170202734,0.2570694087403599,-0.0163865082799135
79854bf97dfc737ee3b0,2026-08-30T13:01:46Z,2c288580da16e12d35355f2548721be6,401856766,ratings_only,home,False,10.0,15.0,loss,-1.0,-0.0,1.3333333333333333,1.2941176470588236,0.0303030303030302,0.7265440829797266,0.7429305912596401,0.0163865082799135
68a448ea85c8192e8bda,2026-08-30T13:01:46Z,2c288580da16e12d35355f2548721be6,401856766,ratings_only,away,False,10.0,15.0,win,2.65,0.0,3.65,3.95,-0.0759493670886076,0.2734559170202734,0.2570694087403599,-0.0163865082799135
0905c39fda637a68a5e8,2026-08-30T13:01:46Z,2c288580da16e12d35355f2548721be6,401856766,market_only,home,False,10.0,15.0,loss,-1.0,-0.0,1.3333333333333333,1.2941176470588236,0.0303030303030302,0.7265440829797266,0.7429305912596401,0.0163865082799135
484fd0b1e8423b288cd8,2026-08-30T13:01:46Z,2c288580da16e12d35355f2548721be6,401856766,market_only,away,False,10.0,15.0,win,2.65,0.0,3.65,3.95,-0.0759493670886076,0.2734559170202734,0.2570694087403599,-0.0163865082799135
03bfd56795addd97791a,2026-08-30T13:01:46Z,123a238486098cc9e8f71fea0cf4e7b0,401858202,market_fpi_residual,home,False,34.0,8.0,win,0.4761904761904761,0.0,1.4761904761904765,1.5555555555555556,-0.0510204081632651,0.6574752261956053,0.6309403437815976,-0.0265348824140077
ddf501ee69047ca14ef6,2026-08-30T13:01:46Z,123a238486098cc9e8f71fea0cf4e7b0,401858202,market_fpi_residual,away,False,34.0,8.0,loss,-1.0,-0.0,2.9,2.65,0.0943396226415094,0.3425247738043947,0.3690596562184024,0.0265348824140077
061ff14e30cdd6d288c8,2026-08-30T13:01:46Z,123a238486098cc9e8f71fea0cf4e7b0,401858202,market_public_ensemble,home,False,34.0,8.0,win,0.4761904761904761,0.0,1.4761904761904765,1.5555555555555556,-0.0510204081632651,0.6574752261956053,0.6309403437815976,-0.0265348824140077
2a898a2d5635c2eb2cb1,2026-08-30T13:01:46Z,123a238486098cc9e8f71fea0cf4e7b0,401858202,market_public_ensemble,away,False,34.0,8.0,loss,-1.0,-0.0,2.9,2.65,0.0943396226415094,0.3425247738043947,0.3690596562184024,0.0265348824140077
9d6ef544e94500f9697e,2026-08-30T13:01:46Z,123a238486098cc9e8f71fea0cf4e7b0,401858202,fpi_only,home,False,34.0,8.0,win,0.4761904761904761,0.0,1.4761904761904765,1.5555555555555556,-0.0510204081632651,0.6574752261956053,0.6309403437815976,-0.0265348824140077
42cd9bdcacb273d6f909,2026-08-30T13:01:46Z,123a238486098cc9e8f71fea0cf4e7b0,401858202,fpi_only,away,False,34.0,8.0,loss,-1.0,-0.0,2.9,2.65,0.0943396226415094,0.3425247738043947,0.3690596562184024,0.0265348824140077
06ef1e417dac00bd9774,2026-08-30T13:01:46Z,123a238486098cc9e8f71fea0cf4e7b0,401858202,ratings_only,home,False,34.0,8.0,win,0.4761904761904761,0.0,1.4761904761904765,1.5555555555555556,-0.0510204081632651,0.6574752261956053,0.6309403437815976,-0.0265348824140077
8d9e5a5a6b40771ee8e3,2026-08-30T13:01:46Z,123a238486098cc9e8f71fea0cf4e7b0,401858202,ratings_only,away,False,34.0,8.0,loss,-1.0,-0.0,2.9,2.65,0.0943396226415094,0.3425247738043947,0.3690596562184024,0.0265348824140077
7b778f68af736caa075f,2026-08-30T13:01:46Z,123a238486098cc9e8f71fea0cf4e7b0,401858202,market_only,home,False,34.0,8.0,win,0.4761904761904761,0.0,1.4761904761904765,1.5555555555555556,-0.0510204081632651,0.6574752261956053,0.6309403437815976,-0.0265348824140077
115f806ed317fea5ea84,2026-08-30T13:01:46Z,123a238486098cc9e8f71fea0cf4e7b0,401858202,market_only,away,False,34.0,8.0,loss,-1.0,-0.0,2.9,2.65,0.0943396226415094,0.3425247738043947,0.3690596562184024,0.0265348824140077
7b5b8f3fe7cc8117f8a0,2026-08-30T13:01:46Z,b9d8d9eeb4afdebe9f91de7f8253eb07,401864577,market_fpi_residual,home,False,33.0,7.0,win,0.4,0.0,1.4,1.4,0.0,0.6984343371751972,0.6946564885496184,-0.0037778486255788
8cca0ea8be5e3b767b6f,2026-08-30T13:01:46Z,b9d8d9eeb4afdebe9f91de7f8253eb07,401864577,market_fpi_residual,away,False,33.0,7.0,loss,-1.0,-0.0,3.3,3.25,0.0153846153846153,0.3015656628248028,0.3053435114503816,0.0037778486255787
64c4ff702afce83fe169,2026-08-30T13:01:46Z,b9d8d9eeb4afdebe9f91de7f8253eb07,401864577,market_public_ensemble,home,False,33.0,7.0,win,0.4,0.0,1.4,1.4,0.0,0.6984343371751972,0.6946564885496184,-0.0037778486255788
6cee9d0ea319136ad649,2026-08-30T13:01:46Z,b9d8d9eeb4afdebe9f91de7f8253eb07,401864577,market_public_ensemble,away,False,33.0,7.0,loss,-1.0,-0.0,3.3,3.25,0.0153846153846153,0.3015656628248028,0.3053435114503816,0.0037778486255787
7f1a959e420a6d6bedd5,2026-08-30T13:01:46Z,b9d8d9eeb4afdebe9f91de7f8253eb07,401864577,fpi_only,home,False,33.0,7.0,win,0.4,0.0,1.4,1.4,0.0,0.6984343371751972,0.6946564885496184,-0.0037778486255788
b13f0d9428d96cacdccd,2026-08-30T13:01:46Z,b9d8d9eeb4afdebe9f91de7f8253eb07,401864577,fpi_only,away,False,33.0,7.0,loss,-1.0,-0.0,3.3,3.25,0.0153846153846153,0.3015656628248028,0.3053435114503816,0.0037778486255787
8ec6c2aeab374f966006,2026-08-30T13:01:46Z,b9d8d9eeb4afdebe9f91de7f8253eb07,401864577,ratings_only,home,False,33.0,7.0,win,0.4,0.0,1.4,1.4,0.0,0.6984343371751972,0.6946564885496184,-0.0037778486255788
9c090e74623f76b79d12,2026-08-30T13:01:46Z,b9d8d9eeb4afdebe9f91de7f8253eb07,401864577,ratings_only,away,False,33.0,7.0,loss,-1.0,-0.0,3.3,3.25,0.0153846153846153,0.3015656628248028,0.3053435114503816,0.0037778486255787
86d905da513315c6a62c,2026-08-30T13:01:46Z,b9d8d9eeb4afdebe9f91de7f8253eb07,401864577,market_only,home,False,33.0,7.0,win,0.4,0.0,1.4,1.4,0.0,0.6984343371751972,0.6946564885496184,-0.0037778486255788
9d66dc67dd44e47d70ad,2026-08-30T13:01:46Z,b9d8d9eeb4afdebe9f91de7f8253eb07,401864577,market_only,away,False,33.0,7.0,loss,-1.0,-0.0,3.3,3.25,0.0153846153846153,0.3015656628248028,0.3053435114503816,0.0037778486255787
743cccbc76057556137d,2026-08-30T13:01:46Z,90d9b4e9c9485143021eb1535e792164,401862693,market_fpi_residual,home,False,21.0,27.0,loss,-1.0,-0.0,1.4545454545454546,1.5434782608695652,-0.0576184379001279,0.6667521148423481,0.6428571428571429,-0.0238949719852051
14fc2a653bc3cb65e2da,2026-08-30T13:01:46Z,90d9b4e9c9485143021eb1535e792164,401862693,market_fpi_residual,away,False,21.0,27.0,win,1.9,0.0,2.9,2.77,0.0469314079422382,0.3332478851576519,0.3571428571428571,0.0238949719852051
4fa1fde2b8dd7859d1db,2026-08-30T13:01:46Z,90d9b4e9c9485143021eb1535e792164,401862693,market_public_ensemble,home,False,21.0,27.0,loss,-1.0,-0.0,1.4545454545454546,1.5434782608695652,-0.0576184379001279,0.6667521148423481,0.6428571428571429,-0.0238949719852051
0d94e2ab5845e04e898f,2026-08-30T13:01:46Z,90d9b4e9c9485143021eb1535e792164,401862693,market_public_ensemble,away,False,21.0,27.0,win,1.9,0.0,2.9,2.77,0.0469314079422382,0.3332478851576519,0.3571428571428571,0.0238949719852051
50c7cb897dcd9d8b05a9,2026-08-30T13:01:46Z,90d9b4e9c9485143021eb1535e792164,401862693,fpi_only,home,False,21.0,27.0,loss,-1.0,-0.0,1.4545454545454546,1.5434782608695652,-0.0576184379001279,0.6667521148423481,0.6428571428571429,-0.0238949719852051
acd87d146f98d3ff8ae8,2026-08-30T13:01:46Z,90d9b4e9c9485143021eb1535e792164,401862693,fpi_only,away,False,21.0,27.0,win,1.9,0.0,2.9,2.77,0.0469314079422382,0.3332478851576519,0.3571428571428571,0.0238949719852051
11a76daf716ee6d6eead,2026-08-30T13:01:46Z,90d9b4e9c9485143021eb1535e792164,401862693,ratings_only,home,False,21.0,27.0,loss,-1.0,-0.0,1.4545454545454546,1.5434782608695652,-0.0576184379001279,0.6667521148423481,0.6428571428571429,-0.0238949719852051
aad88205cdbb95e5de6e,2026-08-30T13:01:46Z,90d9b4e9c9485143021eb1535e792164,401862693,ratings_only,away,False,21.0,27.0,win,1.9,0.0,2.9,2.77,0.0469314079422382,0.3332478851576519,0.3571428571428571,0.0238949719852051
ac9f5b6765c24c3470ea,2026-08-30T13:01:46Z,90d9b4e9c9485143021eb1535e792164,401862693,market_only,home,False,21.0,27.0,loss,-1.0,-0.0,1.4545454545454546,1.5434782608695652,-0.0576184379001279,0.6667521148423481,0.6428571428571429,-0.0238949719852051
9abed4776a6a8058c7fa,2026-08-30T13:01:46Z,90d9b4e9c9485143021eb1535e792164,401862693,market_only,away,False,21.0,27.0,win,1.9,0.0,2.9,2.77,0.0469314079422382,0.3332478851576519,0.3571428571428571,0.0238949719852051
d862834f6a22d4fcd998,2026-08-30T13:01:46Z,2c288580da16e12d35355f2548721be6,401856766,market_fpi_residual,home,False,10.0,15.0,loss,-1.0,-0.0,1.3225806451612905,1.2941176470588236,0.0219941348973606,0.7268851585398347,0.7429305912596401,0.0160454327198054
68879a0750e2cbc6a8bf,2026-08-30T13:01:46Z,2c288580da16e12d35355f2548721be6,401856766,market_fpi_residual,away,True,10.0,15.0,win,2.65,0.0092577602224461,3.65,3.95,-0.0759493670886076,0.2731148414601653,0.2570694087403599,-0.0160454327198054
496fd7a9d58962efd203,2026-08-30T13:01:46Z,2c288580da16e12d35355f2548721be6,401856766,market_public_ensemble,home,False,10.0,15.0,loss,-1.0,-0.0,1.3225806451612905,1.2941176470588236,0.0219941348973606,0.7268851585398347,0.7429305912596401,0.0160454327198054
5056d2d36021a11dfb7c,2026-08-30T13:01:46Z,2c288580da16e12d35355f2548721be6,401856766,market_public_ensemble,away,False,10.0,15.0,win,2.65,0.0,3.65,3.95,-0.0759493670886076,0.2731148414601653,0.2570694087403599,-0.0160454327198054
608ba05bc786f2780265,2026-08-30T13:01:46Z,2c288580da16e12d35355f2548721be6,401856766,fpi_only,home,False,10.0,15.0,loss,-1.0,-0.0,1.3225806451612905,1.2941176470588236,0.0219941348973606,0.7268851585398347,0.7429305912596401,0.0160454327198054
f834fa846520aa910fd1,2026-08-30T13:01:46Z,2c288580da16e12d35355f2548721be6,401856766,fpi_only,away,False,10.0,15.0,win,2.65,0.0,3.65,3.95,-0.0759493670886076,0.2731148414601653,0.2570694087403599,-0.0160454327198054
05ca43bc44507404f1d2,2026-08-30T13:01:46Z,2c288580da16e12d35355f2548721be6,401856766,ratings_only,home,False,10.0,15.0,loss,-1.0,-0.0,1.3225806451612905,1.2941176470588236,0.0219941348973606,0.7268851585398347,0.7429305912596401,0.0160454327198054
5a451f54055bb1c22db9,2026-08-30T13:01:46Z,2c288580da16e12d35355f2548721be6,401856766,ratings_only,away,False,10.0,15.0,win,2.65,0.0,3.65,3.95,-0.0759493670886076,0.2731148414601653,0.2570694087403599,-0.0160454327198054
1dfd4631115cc2e7e47d,2026-08-30T13:01:46Z,2c288580da16e12d35355f2548721be6,401856766,market_only,home,False,10.0,15.0,loss,-1.0,-0.0,1.3225806451612905,1.2941176470588236,0.0219941348973606,0.7268851585398347,0.7429305912596401,0.0160454327198054
7a779cd8e50c9732c19b,2026-08-30T13:01:46Z,2c288580da16e12d35355f2548721be6,401856766,market_only,away,False,10.0,15.0,win,2.65,0.0,3.65,3.95,-0.0759493670886076,0.2731148414601653,0.2570694087403599,-0.0160454327198054
ebaaf83ba2e746cdcb34,2026-08-30T13:01:46Z,123a238486098cc9e8f71fea0cf4e7b0,401858202,market_fpi_residual,home,False,34.0,8.0,win,0.4761904761904761,0.0,1.4761904761904765,1.5555555555555556,-0.0510204081632651,0.658887866154096,0.6309403437815976,-0.0279475223724984
0703e175297169240d1b,2026-08-30T13:01:46Z,123a238486098cc9e8f71fea0cf4e7b0,401858202,market_fpi_residual,away,False,34.0,8.0,loss,-1.0,-0.0,2.9,2.65,0.0943396226415094,0.341112133845904,0.3690596562184024,0.0279475223724984
a017f7b00b4d00fce267,2026-08-30T13:01:46Z,123a238486098cc9e8f71fea0cf4e7b0,401858202,market_public_ensemble,home,False,34.0,8.0,win,0.4761904761904761,0.0,1.4761904761904765,1.5555555555555556,-0.0510204081632651,0.658887866154096,0.6309403437815976,-0.0279475223724984
107b4602622a8419c7ad,2026-08-30T13:01:46Z,123a238486098cc9e8f71fea0cf4e7b0,401858202,market_public_ensemble,away,False,34.0,8.0,loss,-1.0,-0.0,2.9,2.65,0.0943396226415094,0.341112133845904,0.3690596562184024,0.0279475223724984
9764ba50e0402e9c4505,2026-08-30T13:01:46Z,123a238486098cc9e8f71fea0cf4e7b0,401858202,fpi_only,home,False,34.0,8.0,win,0.4761904761904761,0.0,1.4761904761904765,1.5555555555555556,-0.0510204081632651,0.658887866154096,0.6309403437815976,-0.0279475223724984
a119cfda17c374626a47,2026-08-30T13:01:46Z,123a238486098cc9e8f71fea0cf4e7b0,401858202,fpi_only,away,False,34.0,8.0,loss,-1.0,-0.0,2.9,2.65,0.0943396226415094,0.341112133845904,0.3690596562184024,0.0279475223724984
1e7fc071d7a73cd14bf4,2026-08-30T13:01:46Z,123a238486098cc9e8f71fea0cf4e7b0,401858202,ratings_only,home,False,34.0,8.0,win,0.4761904761904761,0.0,1.4761904761904765,1.5555555555555556,-0.0510204081632651,0.658887866154096,0.6309403437815976,-0.0279475223724984
bbdb6b9f2921ae517e71,2026-08-30T13:01:46Z,123a238486098cc9e8f71fea0cf4e7b0,401858202,ratings_only,away,False,34.0,8.0,loss,-1.0,-0.0,2.9,2.65,0.0943396226415094,0.341112133845904,0.3690596562184024,0.0279475223724984
169080b233964735ab2b,2026-08-30T13:01:46Z,123a238486098cc9e8f71fea0cf4e7b0,401858202,market_only,home,False,34.0,8.0,win,0.4761904761904761,0.0,1.4761904761904765,1.5555555555555556,-0.0510204081632651,0.658887866154096,0.6309403437815976,-0.0279475223724984
a3cee9dc6112df96705d,2026-08-30T13:01:46Z,123a238486098cc9e8f71fea0cf4e7b0,401858202,market_only,away,False,34.0,8.0,loss,-1.0,-0.0,2.9,2.65,0.0943396226415094,0.341112133845904,0.3690596562184024,0.0279475223724984
e64aed98dde96336f3bb,2026-08-30T13:01:46Z,b9d8d9eeb4afdebe9f91de7f8253eb07,401864577,market_fpi_residual,home,False,33.0,7.0,win,0.4,0.0,1.4,1.4,0.0,0.6984343371751972,0.6946564885496184,-0.0037778486255788
9716584f7f7db9edf85c,2026-08-30T13:01:46Z,b9d8d9eeb4afdebe9f91de7f8253eb07,401864577,market_fpi_residual,away,False,33.0,7.0,loss,-1.0,-0.0,3.3,3.25,0.0153846153846153,0.3015656628248028,0.3053435114503816,0.0037778486255787
adbcf8dca82258ad4eee,2026-08-30T13:01:46Z,b9d8d9eeb4afdebe9f91de7f8253eb07,401864577,market_public_ensemble,home,False,33.0,7.0,win,0.4,0.0,1.4,1.4,0.0,0.6984343371751972,0.6946564885496184,-0.0037778486255788
ff271ab389943458eaf0,2026-08-30T13:01:46Z,b9d8d9eeb4afdebe9f91de7f8253eb07,401864577,market_public_ensemble,away,False,33.0,7.0,loss,-1.0,-0.0,3.3,3.25,0.0153846153846153,0.3015656628248028,0.3053435114503816,0.0037778486255787
d5d357357bf51bb562af,2026-08-30T13:01:46Z,b9d8d9eeb4afdebe9f91de7f8253eb07,401864577,fpi_only,home,False,33.0,7.0,win,0.4,0.0,1.4,1.4,0.0,0.6984343371751972,0.6946564885496184,-0.0037778486255788
829e94a082c27425d987,2026-08-30T13:01:46Z,b9d8d9eeb4afdebe9f91de7f8253eb07,401864577,fpi_only,away,False,33.0,7.0,loss,-1.0,-0.0,3.3,3.25,0.0153846153846153,0.3015656628248028,0.3053435114503816,0.0037778486255787
d9aefdf220140491e916,2026-08-30T13:01:46Z,b9d8d9eeb4afdebe9f91de7f8253eb07,401864577,ratings_only,home,False,33.0,7.0,win,0.4,0.0,1.4,1.4,0.0,0.6984343371751972,0.6946564885496184,-0.0037778486255788
664247f93ad33fae600c,2026-08-30T13:01:46Z,b9d8d9eeb4afdebe9f91de7f8253eb07,401864577,ratings_only,away,False,33.0,7.0,loss,-1.0,-0.0,3.3,3.25,0.0153846153846153,0.3015656628248028,0.3053435114503816,0.0037778486255787
ada86563be20a5792e63,2026-08-30T13:01:46Z,b9d8d9eeb4afdebe9f91de7f8253eb07,401864577,market_only,home,False,33.0,7.0,win,0.4,0.0,1.4,1.4,0.0,0.6984343371751972,0.6946564885496184,-0.0037778486255788
4f5b01118a38587c7d71,2026-08-30T13:01:46Z,b9d8d9eeb4afdebe9f91de7f8253eb07,401864577,market_only,away,False,33.0,7.0,loss,-1.0,-0.0,3.3,3.25,0.0153846153846153,0.3015656628248028,0.3053435114503816,0.0037778486255787
3ac7fd05fb445968e990,2026-08-30T13:01:46Z,90d9b4e9c9485143021eb1535e792164,401862693,market_fpi_residual,home,False,21.0,27.0,loss,-1.0,-0.0,1.4545454545454546,1.5434782608695652,-0.0576184379001279,0.6581196581196581,0.6428571428571429,-0.0152625152625152
512543374425ae4c3be0,2026-08-30T13:01:46Z,90d9b4e9c9485143021eb1535e792164,401862693,market_fpi_residual,away,False,21.0,27.0,win,1.89,0.0,2.89,2.77,0.0433212996389891,0.3418803418803419,0.3571428571428571,0.0152625152625152
e251b4e431e93c73457b,2026-08-30T13:01:46Z,90d9b4e9c9485143021eb1535e792164,401862693,market_public_ensemble,home,False,21.0,27.0,loss,-1.0,-0.0,1.4545454545454546,1.5434782608695652,-0.0576184379001279,0.6581196581196581,0.6428571428571429,-0.0152625152625152
1a325301efbeb5bbd672,2026-08-30T13:01:46Z,90d9b4e9c9485143021eb1535e792164,401862693,market_public_ensemble,away,False,21.0,27.0,win,1.89,0.0,2.89,2.77,0.0433212996389891,0.3418803418803419,0.3571428571428571,0.0152625152625152
bff623779f242a308cdc,2026-08-30T13:01:46Z,90d9b4e9c9485143021eb1535e792164,401862693,fpi_only,home,False,21.0,27.0,loss,-1.0,-0.0,1.4545454545454546,1.5434782608695652,-0.0576184379001279,0.6581196581196581,0.6428571428571429,-0.0152625152625152
a3ad61915170f44d0133,2026-08-30T13:01:46Z,90d9b4e9c9485143021eb1535e792164,401862693,fpi_only,away,False,21.0,27.0,win,1.89,0.0,2.89,2.77,0.0433212996389891,0.3418803418803419,0.3571428571428571,0.0152625152625152
e47ff83b3d5c807992a3,2026-08-30T13:01:46Z,90d9b4e9c9485143021eb1535e792164,401862693,ratings_only,home,False,21.0,27.0,loss,-1.0,-0.0,1.4545454545454546,1.5434782608695652,-0.0576184379001279,0.6581196581196581,0.6428571428571429,-0.0152625152625152
2081b28ce15b2d97c750,2026-08-30T13:01:46Z,90d9b4e9c9485143021eb1535e792164,401862693,ratings_only,away,False,21.0,27.0,win,1.89,0.0,2.89,2.77,0.0433212996389891,0.3418803418803419,0.3571428571428571,0.0152625152625152
d04dd08b831fe1d95c70,2026-08-30T13:01:46Z,90d9b4e9c9485143021eb1535e792164,401862693,market_only,home,False,21.0,27.0,loss,-1.0,-0.0,1.4545454545454546,1.5434782608695652,-0.0576184379001279,0.6581196581196581,0.6428571428571429,-0.0152625152625152
c168ee3253de71b72753,2026-08-30T13:01:46Z,90d9b4e9c9485143021eb1535e792164,401862693,market_only,away,False,21.0,27.0,win,1.89,0.0,2.89,2.77,0.0433212996389891,0.3418803418803419,0.3571428571428571,0.0152625152625152
38383df4120cc3e44246,2026-08-30T13:01:46Z,2c288580da16e12d35355f2548721be6,401856766,market_fpi_residual,home,False,10.0,15.0,loss,-1.0,-0.0,1.3225806451612905,1.2941176470588236,0.0219941348973606,0.730077120822622,0.7429305912596401,0.0128534704370181
0b2e986b4e23e702e640,2026-08-30T13:01:46Z,2c288580da16e12d35355f2548721be6,401856766,market_fpi_residual,away,True,10.0,15.0,win,2.7,0.0096804580622336,3.7,3.95,-0.0632911392405063,0.269922879177378,0.2570694087403599,-0.0128534704370181
f1530df0ac1264bc9bd1,2026-08-30T13:01:46Z,2c288580da16e12d35355f2548721be6,401856766,market_public_ensemble,home,False,10.0,15.0,loss,-1.0,-0.0,1.3225806451612905,1.2941176470588236,0.0219941348973606,0.730077120822622,0.7429305912596401,0.0128534704370181
c59faddc7e4e7064efb3,2026-08-30T13:01:46Z,2c288580da16e12d35355f2548721be6,401856766,market_public_ensemble,away,False,10.0,15.0,win,2.7,0.0,3.7,3.95,-0.0632911392405063,0.269922879177378,0.2570694087403599,-0.0128534704370181
8590f49974d74f2fabf8,2026-08-30T13:01:46Z,2c288580da16e12d35355f2548721be6,401856766,fpi_only,home,False,10.0,15.0,loss,-1.0,-0.0,1.3225806451612905,1.2941176470588236,0.0219941348973606,0.730077120822622,0.7429305912596401,0.0128534704370181
4c2b5dbafb76b43c624f,2026-08-30T13:01:46Z,2c288580da16e12d35355f2548721be6,401856766,fpi_only,away,False,10.0,15.0,win,2.7,0.0,3.7,3.95,-0.0632911392405063,0.269922879177378,0.2570694087403599,-0.0128534704370181
e40b47107d7cf9cdebda,2026-08-30T13:01:46Z,2c288580da16e12d35355f2548721be6,401856766,ratings_only,home,False,10.0,15.0,loss,-1.0,-0.0,1.3225806451612905,1.2941176470588236,0.0219941348973606,0.730077120822622,0.7429305912596401,0.0128534704370181
916fbf5583a1c815de8f,2026-08-30T13:01:46Z,2c288580da16e12d35355f2548721be6,401856766,ratings_only,away,False,10.0,15.0,win,2.7,0.0,3.7,3.95,-0.0632911392405063,0.269922879177378,0.2570694087403599,-0.0128534704370181
371b2470e549814df44c,2026-08-30T13:01:46Z,2c288580da16e12d35355f2548721be6,401856766,market_only,home,False,10.0,15.0,loss,-1.0,-0.0,1.3225806451612905,1.2941176470588236,0.0219941348973606,0.730077120822622,0.7429305912596401,0.0128534704370181
f10a017be2e9958add08,2026-08-30T13:01:46Z,2c288580da16e12d35355f2548721be6,401856766,market_only,away,False,10.0,15.0,win,2.7,0.0,3.7,3.95,-0.0632911392405063,0.269922879177378,0.2570694087403599,-0.0128534704370181
2cfcc1da08814a5d4b2c,2026-08-30T13:01:46Z,123a238486098cc9e8f71fea0cf4e7b0,401858202,market_fpi_residual,home,False,34.0,8.0,win,0.4651162790697674,0.0,1.4651162790697674,1.5555555555555556,-0.058139534883721,0.658887866154096,0.6309403437815976,-0.0279475223724984
c699c214a996f6e5efed,2026-08-30T13:01:46Z,123a238486098cc9e8f71fea0cf4e7b0,401858202,market_fpi_residual,away,False,34.0,8.0,loss,-1.0,-0.0,2.9,2.65,0.0943396226415094,0.341112133845904,0.3690596562184024,0.0279475223724984
24c54407723e8a8ddce5,2026-08-30T13:01:46Z,123a238486098cc9e8f71fea0cf4e7b0,401858202,market_public_ensemble,home,False,34.0,8.0,win,0.4651162790697674,0.0,1.4651162790697674,1.5555555555555556,-0.058139534883721,0.658887866154096,0.6309403437815976,-0.0279475223724984
428bbef3494784788298,2026-08-30T13:01:46Z,123a238486098cc9e8f71fea0cf4e7b0,401858202,market_public_ensemble,away,False,34.0,8.0,loss,-1.0,-0.0,2.9,2.65,0.0943396226415094,0.341112133845904,0.3690596562184024,0.0279475223724984
e3e78a7dc7157bfa070e,2026-08-30T13:01:46Z,123a238486098cc9e8f71fea0cf4e7b0,401858202,fpi_only,home,False,34.0,8.0,win,0.4651162790697674,0.0,1.4651162790697674,1.5555555555555556,-0.058139534883721,0.658887866154096,0.6309403437815976,-0.0279475223724984
fc74c7622c4ddd5142ff,2026-08-30T13:01:46Z,123a238486098cc9e8f71fea0cf4e7b0,401858202,fpi_only,away,False,34.0,8.0,loss,-1.0,-0.0,2.9,2.65,0.0943396226415094,0.341112133845904,0.3690596562184024,0.0279475223724984
650c686a885b3d73e4fd,2026-08-30T13:01:46Z,123a238486098cc9e8f71fea0cf4e7b0,401858202,ratings_only,home,False,34.0,8.0,win,0.4651162790697674,0.0,1.4651162790697674,1.5555555555555556,-0.058139534883721,0.658887866154096,0.6309403437815976,-0.0279475223724984
ac05b58c753ec54249b1,2026-08-30T13:01:46Z,123a238486098cc9e8f71fea0cf4e7b0,401858202,ratings_only,away,False,34.0,8.0,loss,-1.0,-0.0,2.9,2.65,0.0943396226415094,0.341112133845904,0.3690596562184024,0.0279475223724984
c2b484ef2044f9a0e3e5,2026-08-30T13:01:46Z,123a238486098cc9e8f71fea0cf4e7b0,401858202,market_only,home,False,34.0,8.0,win,0.4651162790697674,0.0,1.4651162790697674,1.5555555555555556,-0.058139534883721,0.658887866154096,0.6309403437815976,-0.0279475223724984
5984417a21cc8c5cc943,2026-08-30T13:01:46Z,123a238486098cc9e8f71fea0cf4e7b0,401858202,market_only,away,False,34.0,8.0,loss,-1.0,-0.0,2.9,2.65,0.0943396226415094,0.341112133845904,0.3690596562184024,0.0279475223724984
c6a41ee4ccb71ec7def5,2026-08-30T13:01:46Z,b9d8d9eeb4afdebe9f91de7f8253eb07,401864577,market_fpi_residual,home,False,33.0,7.0,win,0.3875968992248062,0.0,1.3875968992248062,1.4,-0.0088593576965668,0.6946564885496184,0.6946564885496184,0.0
ad2a7c83ac2e94698dee,2026-08-30T13:01:46Z,b9d8d9eeb4afdebe9f91de7f8253eb07,401864577,market_fpi_residual,away,False,33.0,7.0,loss,-1.0,-0.0,3.2,3.25,-0.0153846153846153,0.3053435114503816,0.3053435114503816,0.0
7e13aa559898f50a8be4,2026-08-30T13:01:46Z,b9d8d9eeb4afdebe9f91de7f8253eb07,401864577,market_public_ensemble,home,False,33.0,7.0,win,0.3875968992248062,0.0,1.3875968992248062,1.4,-0.0088593576965668,0.6946564885496184,0.6946564885496184,0.0
d342846f359c287b2c99,2026-08-30T13:01:46Z,b9d8d9eeb4afdebe9f91de7f8253eb07,401864577,market_public_ensemble,away,False,33.0,7.0,loss,-1.0,-0.0,3.2,3.25,-0.0153846153846153,0.3053435114503816,0.3053435114503816,0.0
600ca6e850c1a0182508,2026-08-30T13:01:46Z,b9d8d9eeb4afdebe9f91de7f8253eb07,401864577,fpi_only,home,False,33.0,7.0,win,0.3875968992248062,0.0,1.3875968992248062,1.4,-0.0088593576965668,0.6946564885496184,0.6946564885496184,0.0
47561bba1c3da0da2af3,2026-08-30T13:01:46Z,b9d8d9eeb4afdebe9f91de7f8253eb07,401864577,fpi_only,away,False,33.0,7.0,loss,-1.0,-0.0,3.2,3.25,-0.0153846153846153,0.3053435114503816,0.3053435114503816,0.0
e2f992828b02c4730c8c,2026-08-30T13:01:46Z,b9d8d9eeb4afdebe9f91de7f8253eb07,401864577,ratings_only,home,False,33.0,7.0,win,0.3875968992248062,0.0,1.3875968992248062,1.4,-0.0088593576965668,0.6946564885496184,0.6946564885496184,0.0
379de76b5ffc1c449e69,2026-08-30T13:01:46Z,b9d8d9eeb4afdebe9f91de7f8253eb07,401864577,ratings_only,away,False,33.0,7.0,loss,-1.0,-0.0,3.2,3.25,-0.0153846153846153,0.3053435114503816,0.3053435114503816,0.0
13014ffd7d1ddfb257c7,2026-08-30T13:01:46Z,b9d8d9eeb4afdebe9f91de7f8253eb07,401864577,market_only,home,False,33.0,7.0,win,0.3875968992248062,0.0,1.3875968992248062,1.4,-0.0088593576965668,0.6946564885496184,0.6946564885496184,0.0
1e563bf8cfc0e3962c25,2026-08-30T13:01:46Z,b9d8d9eeb4afdebe9f91de7f8253eb07,401864577,market_only,away,False,33.0,7.0,loss,-1.0,-0.0,3.2,3.25,-0.0153846153846153,0.3053435114503816,0.3053435114503816,0.0
45c6eb6fa8ab01b69d46,2026-08-30T13:01:46Z,90d9b4e9c9485143021eb1535e792164,401862693,market_fpi_residual,home,False,21.0,27.0,loss,-1.0,-0.0,1.4878048780487805,1.5434782608695652,-0.0360700790106492,0.6581196581196581,0.6428571428571429,-0.0152625152625152
6a97137f6b326e34b298,2026-08-30T13:01:46Z,90d9b4e9c9485143021eb1535e792164,401862693,market_fpi_residual,away,False,21.0,27.0,win,1.89,0.0,2.89,2.77,0.0433212996389891,0.3418803418803419,0.3571428571428571,0.0152625152625152
f00ec582d2b30e967e59,2026-08-30T13:01:46Z,90d9b4e9c9485143021eb1535e792164,401862693,market_public_ensemble,home,False,21.0,27.0,loss,-1.0,-0.0,1.4878048780487805,1.5434782608695652,-0.0360700790106492,0.6581196581196581,0.6428571428571429,-0.0152625152625152
dc056955a83c23d46b67,2026-08-30T13:01:46Z,90d9b4e9c9485143021eb1535e792164,401862693,market_public_ensemble,away,False,21.0,27.0,win,1.89,0.0,2.89,2.77,0.0433212996389891,0.3418803418803419,0.3571428571428571,0.0152625152625152
e3aedccbd7d2edd916b6,2026-08-30T13:01:46Z,90d9b4e9c9485143021eb1535e792164,401862693,fpi_only,home,False,21.0,27.0,loss,-1.0,-0.0,1.4878048780487805,1.5434782608695652,-0.0360700790106492,0.6581196581196581,0.6428571428571429,-0.0152625152625152
80d531e87072688ccf72,2026-08-30T13:01:46Z,90d9b4e9c9485143021eb1535e792164,401862693,fpi_only,away,False,21.0,27.0,win,1.89,0.0,2.89,2.77,0.0433212996389891,0.3418803418803419,0.3571428571428571,0.0152625152625152
1a4bbd352c144f380eec,2026-08-30T13:01:46Z,90d9b4e9c9485143021eb1535e792164,401862693,ratings_only,home,False,21.0,27.0,loss,-1.0,-0.0,1.4878048780487805,1.5434782608695652,-0.0360700790106492,0.6581196581196581,0.6428571428571429,-0.0152625152625152
997843030c7fdff2ba7b,2026-08-30T13:01:46Z,90d9b4e9c9485143021eb1535e792164,401862693,ratings_only,away,False,21.0,27.0,win,1.89,0.0,2.89,2.77,0.0433212996389891,0.3418803418803419,0.3571428571428571,0.0152625152625152
06b2f2cc9dfc2e0144bd,2026-08-30T13:01:46Z,90d9b4e9c9485143021eb1535e792164,401862693,market_only,home,False,21.0,27.0,loss,-1.0,-0.0,1.4878048780487805,1.5434782608695652,-0.0360700790106492,0.6581196581196581,0.6428571428571429,-0.0152625152625152
380d358a7ba4c34ac256,2026-08-30T13:01:46Z,90d9b4e9c9485143021eb1535e792164,401862693,market_only,away,False,21.0,27.0,win,1.89,0.0,2.89,2.77,0.0433212996389891,0.3418803418803419,0.3571428571428571,0.0152625152625152
69e8550b143d3cd23bef,2026-08-30T13:01:46Z,2c288580da16e12d35355f2548721be6,401856766,market_fpi_residual,home,False,10.0,15.0,loss,-1.0,-0.0,1.3225806451612905,1.2941176470588236,0.0219941348973606,0.7284811396812283,0.7429305912596401,0.0144494515784118
52246367f81aed3bfc54,2026-08-30T13:01:46Z,2c288580da16e12d35355f2548721be6,401856766,market_fpi_residual,away,True,10.0,15.0,win,2.65,0.0087282586149027,3.65,3.95,-0.0759493670886076,0.2715188603187717,0.2570694087403599,-0.0144494515784118
2468bf668c187d6757ef,2026-08-30T13:01:46Z,2c288580da16e12d35355f2548721be6,401856766,market_public_ensemble,home,False,10.0,15.0,loss,-1.0,-0.0,1.3225806451612905,1.2941176470588236,0.0219941348973606,0.7284811396812283,0.7429305912596401,0.0144494515784118
37ac94f33b2d8c5c2fd1,2026-08-30T13:01:46Z,2c288580da16e12d35355f2548721be6,401856766,market_public_ensemble,away,False,10.0,15.0,win,2.65,0.0,3.65,3.95,-0.0759493670886076,0.2715188603187717,0.2570694087403599,-0.0144494515784118
dafd31522167362546fc,2026-08-30T13:01:46Z,2c288580da16e12d35355f2548721be6,401856766,fpi_only,home,False,10.0,15.0,loss,-1.0,-0.0,1.3225806451612905,1.2941176470588236,0.0219941348973606,0.7284811396812283,0.7429305912596401,0.0144494515784118
3feab44524ca4b2f58fd,2026-08-30T13:01:46Z,2c288580da16e12d35355f2548721be6,401856766,fpi_only,away,False,10.0,15.0,win,2.65,0.0,3.65,3.95,-0.0759493670886076,0.2715188603187717,0.2570694087403599,-0.0144494515784118
8b3d18b0e743011dd49b,2026-08-30T13:01:46Z,2c288580da16e12d35355f2548721be6,401856766,ratings_only,home,False,10.0,15.0,loss,-1.0,-0.0,1.3225806451612905,1.2941176470588236,0.0219941348973606,0.7284811396812283,0.7429305912596401,0.0144494515784118
a72f02c7b731d2f5308f,2026-08-30T13:01:46Z,2c288580da16e12d35355f2548721be6,401856766,ratings_only,away,False,10.0,15.0,win,2.65,0.0,3.65,3.95,-0.0759493670886076,0.2715188603187717,0.2570694087403599,-0.0144494515784118
312a86a2bb179ad549b0,2026-08-30T13:01:46Z,2c288580da16e12d35355f2548721be6,401856766,market_only,home,False,10.0,15.0,loss,-1.0,-0.0,1.3225806451612905,1.2941176470588236,0.0219941348973606,0.7284811396812283,0.7429305912596401,0.0144494515784118
051446abfc5944494d01,2026-08-30T13:01:46Z,2c288580da16e12d35355f2548721be6,401856766,market_only,away,False,10.0,15.0,win,2.65,0.0,3.65,3.95,-0.0759493670886076,0.2715188603187717,0.2570694087403599,-0.0144494515784118
85fcc8d048b9cbd79d8c,2026-08-30T13:01:46Z,123a238486098cc9e8f71fea0cf4e7b0,401858202,market_fpi_residual,home,False,34.0,8.0,win,0.4587155963302752,0.0,1.4587155963302751,1.5555555555555556,-0.0622542595019659,0.662090813093981,0.6309403437815976,-0.0311504693123834
7f8955608c146553019b,2026-08-30T13:01:46Z,123a238486098cc9e8f71fea0cf4e7b0,401858202,market_fpi_residual,away,False,34.0,8.0,loss,-1.0,-0.0,2.8600000000000003,2.65,0.0792452830188681,0.337909186906019,0.3690596562184024,0.0311504693123834
e8f478294e76b1139073,2026-08-30T13:01:46Z,123a238486098cc9e8f71fea0cf4e7b0,401858202,market_public_ensemble,home,False,34.0,8.0,win,0.4587155963302752,0.0,1.4587155963302751,1.5555555555555556,-0.0622542595019659,0.662090813093981,0.6309403437815976,-0.0311504693123834
d5eb7fa5e0da223c1d3a,2026-08-30T13:01:46Z,123a238486098cc9e8f71fea0cf4e7b0,401858202,market_public_ensemble,away,False,34.0,8.0,loss,-1.0,-0.0,2.8600000000000003,2.65,0.0792452830188681,0.337909186906019,0.3690596562184024,0.0311504693123834
490c1691c2ede3fac49d,2026-08-30T13:01:46Z,123a238486098cc9e8f71fea0cf4e7b0,401858202,fpi_only,home,False,34.0,8.0,win,0.4587155963302752,0.0,1.4587155963302751,1.5555555555555556,-0.0622542595019659,0.662090813093981,0.6309403437815976,-0.0311504693123834
73a13d2cf931ea1432ce,2026-08-30T13:01:46Z,123a238486098cc9e8f71fea0cf4e7b0,401858202,fpi_only,away,False,34.0,8.0,loss,-1.0,-0.0,2.8600000000000003,2.65,0.0792452830188681,0.337909186906019,0.3690596562184024,0.0311504693123834
f09b925f2886b783f5c2,2026-08-30T13:01:46Z,123a238486098cc9e8f71fea0cf4e7b0,401858202,ratings_only,home,False,34.0,8.0,win,0.4587155963302752,0.0,1.4587155963302751,1.5555555555555556,-0.0622542595019659,0.662090813093981,0.6309403437815976,-0.0311504693123834
ceb2fca455f62fba2066,2026-08-30T13:01:46Z,123a238486098cc9e8f71fea0cf4e7b0,401858202,ratings_only,away,False,34.0,8.0,loss,-1.0,-0.0,2.8600000000000003,2.65,0.0792452830188681,0.337909186906019,0.3690596562184024,0.0311504693123834
72992531c055ed8232df,2026-08-30T13:01:46Z,123a238486098cc9e8f71fea0cf4e7b0,401858202,market_only,home,False,34.0,8.0,win,0.4587155963302752,0.0,1.4587155963302751,1.5555555555555556,-0.0622542595019659,0.662090813093981,0.6309403437815976,-0.0311504693123834
f2db569367914f9d7c03,2026-08-30T13:01:46Z,123a238486098cc9e8f71fea0cf4e7b0,401858202,market_only,away,False,34.0,8.0,loss,-1.0,-0.0,2.8600000000000003,2.65,0.0792452830188681,0.337909186906019,0.3690596562184024,0.0311504693123834
e8e910225ecac3bcf8ed,2026-08-30T13:01:46Z,b9d8d9eeb4afdebe9f91de7f8253eb07,401864577,market_fpi_residual,home,False,33.0,7.0,win,0.3846153846153846,0.0,1.3846153846153846,1.4,-0.0109890109890109,0.6946564885496184,0.6946564885496184,0.0
36ff909e0045c4727363,2026-08-30T13:01:46Z,b9d8d9eeb4afdebe9f91de7f8253eb07,401864577,market_fpi_residual,away,False,33.0,7.0,loss,-1.0,-0.0,3.3,3.25,0.0153846153846153,0.3053435114503816,0.3053435114503816,0.0
beb80e5c99de18295ebc,2026-08-30T13:01:46Z,b9d8d9eeb4afdebe9f91de7f8253eb07,401864577,market_public_ensemble,home,False,33.0,7.0,win,0.3846153846153846,0.0,1.3846153846153846,1.4,-0.0109890109890109,0.6946564885496184,0.6946564885496184,0.0
b84361cc542506f9603c,2026-08-30T13:01:46Z,b9d8d9eeb4afdebe9f91de7f8253eb07,401864577,market_public_ensemble,away,False,33.0,7.0,loss,-1.0,-0.0,3.3,3.25,0.0153846153846153,0.3053435114503816,0.3053435114503816,0.0
0f3e78c514b83e932f8e,2026-08-30T13:01:46Z,b9d8d9eeb4afdebe9f91de7f8253eb07,401864577,fpi_only,home,False,33.0,7.0,win,0.3846153846153846,0.0,1.3846153846153846,1.4,-0.0109890109890109,0.6946564885496184,0.6946564885496184,0.0
0d729db112e8c6179dce,2026-08-30T13:01:46Z,b9d8d9eeb4afdebe9f91de7f8253eb07,401864577,fpi_only,away,False,33.0,7.0,loss,-1.0,-0.0,3.3,3.25,0.0153846153846153,0.3053435114503816,0.3053435114503816,0.0
e41075e60155e2ffdd79,2026-08-30T13:01:46Z,b9d8d9eeb4afdebe9f91de7f8253eb07,401864577,ratings_only,home,False,33.0,7.0,win,0.3846153846153846,0.0,1.3846153846153846,1.4,-0.0109890109890109,0.6946564885496184,0.6946564885496184,0.0
fd9faa187cff4f223a87,2026-08-30T13:01:46Z,b9d8d9eeb4afdebe9f91de7f8253eb07,401864577,ratings_only,away,False,33.0,7.0,loss,-1.0,-0.0,3.3,3.25,0.0153846153846153,0.3053435114503816,0.3053435114503816,0.0
05b746f6a5ea691dbf9a,2026-08-30T13:01:46Z,b9d8d9eeb4afdebe9f91de7f8253eb07,401864577,market_only,home,False,33.0,7.0,win,0.3846153846153846,0.0,1.3846153846153846,1.4,-0.0109890109890109,0.6946564885496184,0.6946564885496184,0.0
e609ea215e8b09eff209,2026-08-30T13:01:46Z,b9d8d9eeb4afdebe9f91de7f8253eb07,401864577,market_only,away,False,33.0,7.0,loss,-1.0,-0.0,3.3,3.25,0.0153846153846153,0.3053435114503816,0.3053435114503816,0.0
c489bd4c424764279759,2026-08-30T13:01:46Z,90d9b4e9c9485143021eb1535e792164,401862693,market_fpi_residual,home,False,21.0,27.0,loss,-1.0,-0.0,1.5617977528089888,1.5434782608695652,0.0118689666086406,0.6288337565930846,0.6428571428571429,0.0140233862640583
0973361fb16c1e233e68,2026-08-30T13:01:46Z,90d9b4e9c9485143021eb1535e792164,401862693,market_fpi_residual,away,False,21.0,27.0,win,1.65,0.0,2.65,2.77,-0.0433212996389892,0.3711662434069154,0.3571428571428571,-0.0140233862640583
b59c9f1637edf8c8c7df,2026-08-30T13:01:46Z,90d9b4e9c9485143021eb1535e792164,401862693,market_public_ensemble,home,False,21.0,27.0,loss,-1.0,-0.0,1.5617977528089888,1.5434782608695652,0.0118689666086406,0.6288337565930846,0.6428571428571429,0.0140233862640583
a0bf13f1123fec053f16,2026-08-30T13:01:46Z,90d9b4e9c9485143021eb1535e792164,401862693,market_public_ensemble,away,False,21.0,27.0,win,1.65,0.0,2.65,2.77,-0.0433212996389892,0.3711662434069154,0.3571428571428571,-0.0140233862640583
c6e6d78bb242f11ed69f,2026-08-30T13:01:46Z,90d9b4e9c9485143021eb1535e792164,401862693,fpi_only,home,False,21.0,27.0,loss,-1.0,-0.0,1.5617977528089888,1.5434782608695652,0.0118689666086406,0.6288337565930846,0.6428571428571429,0.0140233862640583
4732e1b67dfcc2f61a98,2026-08-30T13:01:46Z,90d9b4e9c9485143021eb1535e792164,401862693,fpi_only,away,False,21.0,27.0,win,1.65,0.0,2.65,2.77,-0.0433212996389892,0.3711662434069154,0.3571428571428571,-0.0140233862640583
90de72bc5963641f06e5,2026-08-30T13:01:46Z,90d9b4e9c9485143021eb1535e792164,401862693,ratings_only,home,False,21.0,27.0,loss,-1.0,-0.0,1.5617977528089888,1.5434782608695652,0.0118689666086406,0.6288337565930846,0.6428571428571429,0.0140233862640583
af039f3c5aa0ab482b77,2026-08-30T13:01:46Z,90d9b4e9c9485143021eb1535e792164,401862693,ratings_only,away,False,21.0,27.0,win,1.65,0.0,2.65,2.77,-0.0433212996389892,0.3711662434069154,0.3571428571428571,-0.0140233862640583
b300febf98e1f1130c20,2026-08-30T13:01:46Z,90d9b4e9c9485143021eb1535e792164,401862693,market_only,home,False,21.0,27.0,loss,-1.0,-0.0,1.5617977528089888,1.5434782608695652,0.0118689666086406,0.6288337565930846,0.6428571428571429,0.0140233862640583
150bb449df5165d87611,2026-08-30T13:01:46Z,90d9b4e9c9485143021eb1535e792164,401862693,market_only,away,False,21.0,27.0,win,1.65,0.0,2.65,2.77,-0.0433212996389892,0.3711662434069154,0.3571428571428571,-0.0140233862640583
60cd8e833c9c6dd913ae,2026-08-30T13:01:46Z,2c288580da16e12d35355f2548721be6,401856766,market_fpi_residual,home,False,10.0,15.0,loss,-1.0,-0.0,1.2941176470588236,1.2941176470588236,0.0,0.7429305912596401,0.7429305912596401,0.0
5be4a6d36a35a95e2d22,2026-08-30T13:01:46Z,2c288580da16e12d35355f2548721be6,401856766,market_fpi_residual,away,True,10.0,15.0,win,2.95,0.0124531794950604,3.95,3.95,0.0,0.2570694087403599,0.2570694087403599,0.0
6b441982f9650a73da65,2026-08-30T13:01:46Z,2c288580da16e12d35355f2548721be6,401856766,market_public_ensemble,home,False,10.0,15.0,loss,-1.0,-0.0,1.2941176470588236,1.2941176470588236,0.0,0.7429305912596401,0.7429305912596401,0.0
3d02431121cd86503dfe,2026-08-30T13:01:46Z,2c288580da16e12d35355f2548721be6,401856766,market_public_ensemble,away,False,10.0,15.0,win,2.95,0.0,3.95,3.95,0.0,0.2570694087403599,0.2570694087403599,0.0
808c18ee0c852b02dffb,2026-08-30T13:01:46Z,2c288580da16e12d35355f2548721be6,401856766,fpi_only,home,False,10.0,15.0,loss,-1.0,-0.0,1.2941176470588236,1.2941176470588236,0.0,0.7429305912596401,0.7429305912596401,0.0
4117a3db166559151017,2026-08-30T13:01:46Z,2c288580da16e12d35355f2548721be6,401856766,fpi_only,away,False,10.0,15.0,win,2.95,0.0,3.95,3.95,0.0,0.2570694087403599,0.2570694087403599,0.0
fb90bd9c292b5336845f,2026-08-30T13:01:46Z,2c288580da16e12d35355f2548721be6,401856766,ratings_only,home,False,10.0,15.0,loss,-1.0,-0.0,1.2941176470588236,1.2941176470588236,0.0,0.7429305912596401,0.7429305912596401,0.0
ee38424391cbcc3703b8,2026-08-30T13:01:46Z,2c288580da16e12d35355f2548721be6,401856766,ratings_only,away,False,10.0,15.0,win,2.95,0.0,3.95,3.95,0.0,0.2570694087403599,0.2570694087403599,0.0
76fb6c375e70b4098520,2026-08-30T13:01:46Z,2c288580da16e12d35355f2548721be6,401856766,market_only,home,False,10.0,15.0,loss,-1.0,-0.0,1.2941176470588236,1.2941176470588236,0.0,0.7429305912596401,0.7429305912596401,0.0
0d4889f228b4cc99a979,2026-08-30T13:01:46Z,2c288580da16e12d35355f2548721be6,401856766,market_only,away,False,10.0,15.0,win,2.95,0.0,3.95,3.95,0.0,0.2570694087403599,0.2570694087403599,0.0
05e65aec917bc9af2bbf,2026-08-30T13:01:46Z,123a238486098cc9e8f71fea0cf4e7b0,401858202,market_fpi_residual,home,False,34.0,8.0,win,0.5555555555555556,0.0,1.5555555555555556,1.5555555555555556,0.0,0.6309403437815976,0.6309403437815976,0.0
42f6a1c9389cb3bc61fb,2026-08-30T13:01:46Z,123a238486098cc9e8f71fea0cf4e7b0,401858202,market_fpi_residual,away,False,34.0,8.0,loss,-1.0,-0.0,2.65,2.65,0.0,0.3690596562184024,0.3690596562184024,0.0
dbb16d29770e36d8ca64,2026-08-30T13:01:46Z,123a238486098cc9e8f71fea0cf4e7b0,401858202,market_public_ensemble,home,False,34.0,8.0,win,0.5555555555555556,0.0,1.5555555555555556,1.5555555555555556,0.0,0.6309403437815976,0.6309403437815976,0.0
88e6709a8c15530fb31b,2026-08-30T13:01:46Z,123a238486098cc9e8f71fea0cf4e7b0,401858202,market_public_ensemble,away,False,34.0,8.0,loss,-1.0,-0.0,2.65,2.65,0.0,0.3690596562184024,0.3690596562184024,0.0
a78767821fb099537908,2026-08-30T13:01:46Z,123a238486098cc9e8f71fea0cf4e7b0,401858202,fpi_only,home,False,34.0,8.0,win,0.5555555555555556,0.0,1.5555555555555556,1.5555555555555556,0.0,0.6309403437815976,0.6309403437815976,0.0
9214edd79638ec080531,2026-08-30T13:01:46Z,123a238486098cc9e8f71fea0cf4e7b0,401858202,fpi_only,away,False,34.0,8.0,loss,-1.0,-0.0,2.65,2.65,0.0,0.3690596562184024,0.3690596562184024,0.0
0f698759eea26386fac3,2026-08-30T13:01:46Z,123a238486098cc9e8f71fea0cf4e7b0,401858202,ratings_only,home,False,34.0,8.0,win,0.5555555555555556,0.0,1.5555555555555556,1.5555555555555556,0.0,0.6309403437815976,0.6309403437815976,0.0
85f1a392c876f7bfc90f,2026-08-30T13:01:46Z,123a238486098cc9e8f71fea0cf4e7b0,401858202,ratings_only,away,False,34.0,8.0,loss,-1.0,-0.0,2.65,2.65,0.0,0.3690596562184024,0.3690596562184024,0.0
f1b4fcd470af56194398,2026-08-30T13:01:46Z,123a238486098cc9e8f71fea0cf4e7b0,401858202,market_only,home,False,34.0,8.0,win,0.5555555555555556,0.0,1.5555555555555556,1.5555555555555556,0.0,0.6309403437815976,0.6309403437815976,0.0
d712517bfdf154f989c5,2026-08-30T13:01:46Z,123a238486098cc9e8f71fea0cf4e7b0,401858202,market_only,away,False,34.0,8.0,loss,-1.0,-0.0,2.65,2.65,0.0,0.3690596562184024,0.3690596562184024,0.0
5bc2dbfd617ebb8a151f,2026-08-30T13:01:46Z,b9d8d9eeb4afdebe9f91de7f8253eb07,401864577,market_fpi_residual,home,False,33.0,7.0,win,0.4,0.0,1.4,1.4,0.0,0.6946564885496184,0.6946564885496184,0.0
d193c0ffd8cd7af12de4,2026-08-30T13:01:46Z,b9d8d9eeb4afdebe9f91de7f8253eb07,401864577,market_fpi_residual,away,False,33.0,7.0,loss,-1.0,-0.0,3.25,3.25,0.0,0.3053435114503816,0.3053435114503816,0.0
740cc48fc65be237b1cf,2026-08-30T13:01:46Z,b9d8d9eeb4afdebe9f91de7f8253eb07,401864577,market_public_ensemble,home,False,33.0,7.0,win,0.4,0.0,1.4,1.4,0.0,0.6946564885496184,0.6946564885496184,0.0
733a2b90fffa1bed85e9,2026-08-30T13:01:46Z,b9d8d9eeb4afdebe9f91de7f8253eb07,401864577,market_public_ensemble,away,False,33.0,7.0,loss,-1.0,-0.0,3.25,3.25,0.0,0.3053435114503816,0.3053435114503816,0.0
2d9da859142b31c07caa,2026-08-30T13:01:46Z,b9d8d9eeb4afdebe9f91de7f8253eb07,401864577,fpi_only,home,False,33.0,7.0,win,0.4,0.0,1.4,1.4,0.0,0.6946564885496184,0.6946564885496184,0.0
9a5fbf979a02b4e2668a,2026-08-30T13:01:46Z,b9d8d9eeb4afdebe9f91de7f8253eb07,401864577,fpi_only,away,False,33.0,7.0,loss,-1.0,-0.0,3.25,3.25,0.0,0.3053435114503816,0.3053435114503816,0.0
438df1cfede10fc125ad,2026-08-30T13:01:46Z,b9d8d9eeb4afdebe9f91de7f8253eb07,401864577,ratings_only,home,False,33.0,7.0,win,0.4,0.0,1.4,1.4,0.0,0.6946564885496184,0.6946564885496184,0.0
b86574b5000c8948ebab,2026-08-30T13:01:46Z,b9d8d9eeb4afdebe9f91de7f8253eb07,401864577,ratings_only,away,False,33.0,7.0,loss,-1.0,-0.0,3.25,3.25,0.0,0.3053435114503816,0.3053435114503816,0.0
3e9f4b94b096f4355a0c,2026-08-30T13:01:46Z,b9d8d9eeb4afdebe9f91de7f8253eb07,401864577,market_only,home,False,33.0,7.0,win,0.4,0.0,1.4,1.4,0.0,0.6946564885496184,0.6946564885496184,0.0
023eb86ef56fdc8b415e,2026-08-30T13:01:46Z,b9d8d9eeb4afdebe9f91de7f8253eb07,401864577,market_only,away,False,33.0,7.0,loss,-1.0,-0.0,3.25,3.25,0.0,0.3053435114503816,0.3053435114503816,0.0
0e88b1a537adcf29a52f,2026-08-30T13:01:46Z,90d9b4e9c9485143021eb1535e792164,401862693,market_fpi_residual,home,False,21.0,27.0,loss,-1.0,-0.0,1.5405405405405406,1.5434782608695652,-0.0019033117624666,0.6255648805681084,0.6428571428571429,0.0172922622890344
69e318b6d687780a4461,2026-08-30T13:01:46Z,90d9b4e9c9485143021eb1535e792164,401862693,market_fpi_residual,away,False,21.0,27.0,win,1.61,0.0,2.6100000000000003,2.77,-0.0577617328519854,0.3744351194318915,0.3571428571428571,-0.0172922622890344
bd36e93809ec5663a7b0,2026-08-30T13:01:46Z,90d9b4e9c9485143021eb1535e792164,401862693,market_public_ensemble,home,False,21.0,27.0,loss,-1.0,-0.0,1.5405405405405406,1.5434782608695652,-0.0019033117624666,0.6255648805681084,0.6428571428571429,0.0172922622890344
5f0cfdd3233091b35ddd,2026-08-30T13:01:46Z,90d9b4e9c9485143021eb1535e792164,401862693,market_public_ensemble,away,False,21.0,27.0,win,1.61,0.0,2.6100000000000003,2.77,-0.0577617328519854,0.3744351194318915,0.3571428571428571,-0.0172922622890344
b81424b2e8660720f79c,2026-08-30T13:01:46Z,90d9b4e9c9485143021eb1535e792164,401862693,fpi_only,home,False,21.0,27.0,loss,-1.0,-0.0,1.5405405405405406,1.5434782608695652,-0.0019033117624666,0.6255648805681084,0.6428571428571429,0.0172922622890344
1e74c37a595f4ca09a3f,2026-08-30T13:01:46Z,90d9b4e9c9485143021eb1535e792164,401862693,fpi_only,away,False,21.0,27.0,win,1.61,0.0,2.6100000000000003,2.77,-0.0577617328519854,0.3744351194318915,0.3571428571428571,-0.0172922622890344
f8f1c1ad1d3933ad6764,2026-08-30T13:01:46Z,90d9b4e9c9485143021eb1535e792164,401862693,ratings_only,home,False,21.0,27.0,loss,-1.0,-0.0,1.5405405405405406,1.5434782608695652,-0.0019033117624666,0.6255648805681084,0.6428571428571429,0.0172922622890344
ada98f7870ff5df886ee,2026-08-30T13:01:46Z,90d9b4e9c9485143021eb1535e792164,401862693,ratings_only,away,False,21.0,27.0,win,1.61,0.0,2.6100000000000003,2.77,-0.0577617328519854,0.3744351194318915,0.3571428571428571,-0.0172922622890344
d61be132fc60576deaaf,2026-08-30T13:01:46Z,90d9b4e9c9485143021eb1535e792164,401862693,market_only,home,False,21.0,27.0,loss,-1.0,-0.0,1.5405405405405406,1.5434782608695652,-0.0019033117624666,0.6255648805681084,0.6428571428571429,0.0172922622890344
c02948b1980e4b31f570,2026-08-30T13:01:46Z,90d9b4e9c9485143021eb1535e792164,401862693,market_only,away,False,21.0,27.0,win,1.61,0.0,2.6100000000000003,2.77,-0.0577617328519854,0.3744351194318915,0.3571428571428571,-0.0172922622890344
5a3c5a0f667562ca7371,2026-08-30T13:01:46Z,90d9b4e9c9485143021eb1535e792164,401862693,market_fpi_residual,home,False,21.0,27.0,loss,-1.0,-0.0,1.5434782608695652,1.5434782608695652,0.0,0.6428571428571429,0.6428571428571429,0.0
fe5e3e14b1bef5b2e7a1,2026-08-30T13:01:46Z,90d9b4e9c9485143021eb1535e792164,401862693,market_fpi_residual,away,False,21.0,27.0,win,1.77,0.0,2.77,2.77,0.0,0.3571428571428571,0.3571428571428571,0.0
6ddaaa809cd03120341b,2026-08-30T13:01:46Z,90d9b4e9c9485143021eb1535e792164,401862693,market_public_ensemble,home,False,21.0,27.0,loss,-1.0,-0.0,1.5434782608695652,1.5434782608695652,0.0,0.6428571428571429,0.6428571428571429,0.0
5aba009d2c7d5856a6c3,2026-08-30T13:01:46Z,90d9b4e9c9485143021eb1535e792164,401862693,market_public_ensemble,away,False,21.0,27.0,win,1.77,0.0,2.77,2.77,0.0,0.3571428571428571,0.3571428571428571,0.0
a02d06f10878f9bdf7a0,2026-08-30T13:01:46Z,90d9b4e9c9485143021eb1535e792164,401862693,fpi_only,home,False,21.0,27.0,loss,-1.0,-0.0,1.5434782608695652,1.5434782608695652,0.0,0.6428571428571429,0.6428571428571429,0.0
8d0101c9189502ee5160,2026-08-30T13:01:46Z,90d9b4e9c9485143021eb1535e792164,401862693,fpi_only,away,False,21.0,27.0,win,1.77,0.0,2.77,2.77,0.0,0.3571428571428571,0.3571428571428571,0.0
1b7b31cfce03b5489e94,2026-08-30T13:01:46Z,90d9b4e9c9485143021eb1535e792164,401862693,ratings_only,home,False,21.0,27.0,loss,-1.0,-0.0,1.5434782608695652,1.5434782608695652,0.0,0.6428571428571429,0.6428571428571429,0.0
948e717f7500093d14a2,2026-08-30T13:01:46Z,90d9b4e9c9485143021eb1535e792164,401862693,ratings_only,away,False,21.0,27.0,win,1.77,0.0,2.77,2.77,0.0,0.3571428571428571,0.3571428571428571,0.0
c2ebf7f32ac9756edbe4,2026-08-30T13:01:46Z,90d9b4e9c9485143021eb1535e792164,401862693,market_only,home,False,21.0,27.0,loss,-1.0,-0.0,1.5434782608695652,1.5434782608695652,0.0,0.6428571428571429,0.6428571428571429,0.0
9abb35e41181ea9aaa80,2026-08-30T13:01:46Z,90d9b4e9c9485143021eb1535e792164,401862693,market_only,away,False,21.0,27.0,win,1.77,0.0,2.77,2.77,0.0,0.3571428571428571,0.3571428571428571,0.0
d4eb0f679da3e0bdce4d,2026-09-04T11:08:49Z,e564afb0a5ab84ab43befa56bdb90522,401858423,market_fpi_residual,home,False,21.0,37.0,loss,-1.0,-0.0,1.015384615384615,1.0125,0.002849002849002691,0.9538784067085954,0.9626064420584968,0.008728035349901409
ee9ca0653930543f293f,2026-09-04T11:08:49Z,e564afb0a5ab84ab43befa56bdb90522,401858423,market_fpi_residual,away,False,21.0,37.0,win,20.0,0.0,21.0,26.0,-0.1923076923076923,0.0461215932914046,0.0373935579415032,-0.008728035349901395
7332cf5a5b733c585026,2026-09-04T11:08:49Z,e564afb0a5ab84ab43befa56bdb90522,401858423,market_public_ensemble,home,False,21.0,37.0,loss,-1.0,-0.0,1.015384615384615,1.0125,0.002849002849002691,0.9538784067085954,0.9626064420584968,0.008728035349901409
cb14cc3640ac8b5362e4,2026-09-04T11:08:49Z,e564afb0a5ab84ab43befa56bdb90522,401858423,market_public_ensemble,away,False,21.0,37.0,win,20.0,0.0,21.0,26.0,-0.1923076923076923,0.0461215932914046,0.0373935579415032,-0.008728035349901395
10c2908c0138da3222fd,2026-09-04T11:08:49Z,e564afb0a5ab84ab43befa56bdb90522,401858423,fpi_only,home,False,21.0,37.0,loss,-1.0,-0.0,1.015384615384615,1.0125,0.002849002849002691,0.9538784067085954,0.9626064420584968,0.008728035349901409
fcbd840d0299c00ad3e6,2026-09-04T11:08:49Z,e564afb0a5ab84ab43befa56bdb90522,401858423,fpi_only,away,False,21.0,37.0,win,20.0,0.0,21.0,26.0,-0.1923076923076923,0.0461215932914046,0.0373935579415032,-0.008728035349901395
bf1f99d1c1f916a37751,2026-09-04T11:08:49Z,e564afb0a5ab84ab43befa56bdb90522,401858423,ratings_only,home,False,21.0,37.0,loss,-1.0,-0.0,1.015384615384615,1.0125,0.002849002849002691,0.9538784067085954,0.9626064420584968,0.008728035349901409
baf8f568881b8b03ca0c,2026-09-04T11:08:49Z,e564afb0a5ab84ab43befa56bdb90522,401858423,ratings_only,away,False,21.0,37.0,win,20.0,0.0,21.0,26.0,-0.1923076923076923,0.0461215932914046,0.0373935579415032,-0.008728035349901395
f5bc350a311438b670f8,2026-09-04T11:08:49Z,e564afb0a5ab84ab43befa56bdb90522,401858423,market_only,home,False,21.0,37.0,loss,-1.0,-0.0,1.015384615384615,1.0125,0.002849002849002691,0.9538784067085954,0.9626064420584968,0.008728035349901409
3e12ef1818446805bccc,2026-09-04T11:08:49Z,e564afb0a5ab84ab43befa56bdb90522,401858423,market_only,away,False,21.0,37.0,win,20.0,0.0,21.0,26.0,-0.1923076923076923,0.0461215932914046,0.0373935579415032,-0.008728035349901395
9ae24143148d2418840d,2026-09-04T11:08:49Z,f089e3d943a34a9c4fe1808568b96529,401858204,market_fpi_residual,home,False,38.0,16.0,win,0.045454545454545456,0.0,1.0454545454545454,1.04,0.005244755244755206,0.9270403542316592,0.9351620947630924,0.00812174053143322
e42d2269fa5956626e4f,2026-09-04T11:08:49Z,f089e3d943a34a9c4fe1808568b96529,401858204,market_fpi_residual,away,False,38.0,16.0,loss,-1.0,-0.0,14.0,17.0,-0.17647058823529416,0.0729596457683406,0.0648379052369076,-0.008121740531432997
8c05566d88e21e023d44,2026-09-04T11:08:49Z,f089e3d943a34a9c4fe1808568b96529,401858204,market_public_ensemble,home,False,38.0,16.0,win,0.045454545454545456,0.0,1.0454545454545454,1.04,0.005244755244755206,0.9270403542316592,0.9351620947630924,0.00812174053143322
6151947b1542ef93966c,2026-09-04T11:08:49Z,f089e3d943a34a9c4fe1808568b96529,401858204,market_public_ensemble,away,False,38.0,16.0,loss,-1.0,-0.0,14.0,17.0,-0.17647058823529416,0.0729596457683406,0.0648379052369076,-0.008121740531432997
6bce69c53f4beeab1af1,2026-09-04T11:08:49Z,f089e3d943a34a9c4fe1808568b96529,401858204,fpi_only,home,False,38.0,16.0,win,0.045454545454545456,0.0,1.0454545454545454,1.04,0.005244755244755206,0.9270403542316592,0.9351620947630924,0.00812174053143322
df33ede2e17100981392,2026-09-04T11:08:49Z,f089e3d943a34a9c4fe1808568b96529,401858204,fpi_only,away,False,38.0,16.0,loss,-1.0,-0.0,14.0,17.0,-0.17647058823529416,0.0729596457683406,0.0648379052369076,-0.008121740531432997
c21fdc3468c98c16dccd,2026-09-04T11:08:49Z,f089e3d943a34a9c4fe1808568b96529,401858204,ratings_only,home,False,38.0,16.0,win,0.045454545454545456,0.0,1.0454545454545454,1.04,0.005244755244755206,0.9270403542316592,0.9351620947630924,0.00812174053143322
d91d7dad0bdac2c0bd2c,2026-09-04T11:08:49Z,f089e3d943a34a9c4fe1808568b96529,401858204,ratings_only,away,False,38.0,16.0,loss,-1.0,-0.0,14.0,17.0,-0.17647058823529416,0.0729596457683406,0.0648379052369076,-0.008121740531432997
5109eb5513afb790870c,2026-09-04T11:08:49Z,f089e3d943a34a9c4fe1808568b96529,401858204,market_only,home,False,38.0,16.0,win,0.045454545454545456,0.0,1.0454545454545454,1.04,0.005244755244755206,0.9270403542316592,0.9351620947630924,0.00812174053143322
166cb1a2162825d7407b,2026-09-04T11:08:49Z,f089e3d943a34a9c4fe1808568b96529,401858204,market_only,away,False,38.0,16.0,loss,-1.0,-0.0,14.0,17.0,-0.17647058823529416,0.0729596457683406,0.0648379052369076,-0.008121740531432997
156d1436785e0ad436ab,2026-09-04T11:08:49Z,99279326548a5f5399cc9a2efe27a057,401864424,market_fpi_residual,home,False,42.0,7.0,win,0.01,0.0,1.01,1.01,0.0,0.9648080707189616,0.9711510996858042,0.006343028966842579
1e2aefe89f123cbc1dc0,2026-09-04T11:08:49Z,99279326548a5f5399cc9a2efe27a057,401864424,market_fpi_residual,away,False,42.0,7.0,loss,-1.0,-0.0,31.0,36.0,-0.13888888888888884,0.0351919292810385,0.0288489003141958,-0.0063430289668427
090d206c20b67a9f1032,2026-09-04T11:08:49Z,99279326548a5f5399cc9a2efe27a057,401864424,market_public_ensemble,home,False,42.0,7.0,win,0.01,0.0,1.01,1.01,0.0,0.9648080707189616,0.9711510996858042,0.006343028966842579
62c3500aa369812a074f,2026-09-04T11:08:49Z,99279326548a5f5399cc9a2efe27a057,401864424,market_public_ensemble,away,False,42.0,7.0,loss,-1.0,-0.0,31.0,36.0,-0.13888888888888884,0.0351919292810385,0.0288489003141958,-0.0063430289668427
b544f69040c76545f685,2026-09-04T11:08:49Z,99279326548a5f5399cc9a2efe27a057,401864424,fpi_only,home,False,42.0,7.0,win,0.01,0.0,1.01,1.01,0.0,0.9648080707189616,0.9711510996858042,0.006343028966842579
5c52ff409cb24c8b5014,2026-09-04T11:08:49Z,99279326548a5f5399cc9a2efe27a057,401864424,fpi_only,away,False,42.0,7.0,loss,-1.0,-0.0,31.0,36.0,-0.13888888888888884,0.0351919292810385,0.0288489003141958,-0.0063430289668427
d57326ce6294f86013a0,2026-09-04T11:08:49Z,99279326548a5f5399cc9a2efe27a057,401864424,market_only,home,False,42.0,7.0,win,0.01,0.0,1.01,1.01,0.0,0.9648080707189616,0.9711510996858042,0.006343028966842579
12e94cd9321fb838713d,2026-09-04T11:08:49Z,99279326548a5f5399cc9a2efe27a057,401864424,market_only,away,False,42.0,7.0,loss,-1.0,-0.0,31.0,36.0,-0.13888888888888884,0.0351919292810385,0.0288489003141958,-0.0063430289668427
e24a02db3b0bc9830b70,2026-09-04T11:08:49Z,018e668269a3b5dc4055758ca86b1062,401864425,market_fpi_residual,home,False,47.0,0.0,win,0.02857142857142857,0.0,1.0285714285714285,1.04,-0.010989010989011172,0.9351384737244104,0.9338827461559928,-0.0012557275684176306
61136a5b3995a7fa9990,2026-09-04T11:08:49Z,018e668269a3b5dc4055758ca86b1062,401864425,market_fpi_residual,away,False,47.0,0.0,loss,-1.0,-0.0,16.0,16.0,0.0,0.0648615262755896,0.0661172538440071,0.0012557275684175057
ba47337c3b3f634ca671,2026-09-04T11:08:49Z,018e668269a3b5dc4055758ca86b1062,401864425,market_public_ensemble,home,False,47.0,0.0,win,0.02857142857142857,0.0,1.0285714285714285,1.04,-0.010989010989011172,0.9351384737244104,0.9338827461559928,-0.0012557275684176306
7141015dee304e92e2fa,2026-09-04T11:08:49Z,018e668269a3b5dc4055758ca86b1062,401864425,market_public_ensemble,away,False,47.0,0.0,loss,-1.0,-0.0,16.0,16.0,0.0,0.0648615262755896,0.0661172538440071,0.0012557275684175057
9d7024454ce7706a697c,2026-09-04T11:08:49Z,018e668269a3b5dc4055758ca86b1062,401864425,fpi_only,home,False,47.0,0.0,win,0.02857142857142857,0.0,1.0285714285714285,1.04,-0.010989010989011172,0.9351384737244104,0.9338827461559928,-0.0012557275684176306
f047de1e0aa457921001,2026-09-04T11:08:49Z,018e668269a3b5dc4055758ca86b1062,401864425,fpi_only,away,False,47.0,0.0,loss,-1.0,-0.0,16.0,16.0,0.0,0.0648615262755896,0.0661172538440071,0.0012557275684175057
c3fe0930cfb767add505,2026-09-04T11:08:49Z,018e668269a3b5dc4055758ca86b1062,401864425,market_only,home,False,47.0,0.0,win,0.02857142857142857,0.0,1.0285714285714285,1.04,-0.010989010989011172,0.9351384737244104,0.9338827461559928,-0.0012557275684176306
c8c7238cc51ca22fd23f,2026-09-04T11:08:49Z,018e668269a3b5dc4055758ca86b1062,401864425,market_only,away,False,47.0,0.0,loss,-1.0,-0.0,16.0,16.0,0.0,0.0648615262755896,0.0661172538440071,0.0012557275684175057
47a7ec8ac7787bb8ab1d,2026-09-04T11:08:49Z,1d6daad1c93bf7e5ae16be1db12e27d5,401856776,market_fpi_residual,home,False,13.0,14.0,loss,-1.0,-0.0,1.4,1.425531914893617,-0.017910447761194104,0.6946564885496184,0.6778846153846154,-0.01677187316500295
22185401742d1b957163,2026-09-04T11:08:49Z,1d6daad1c93bf7e5ae16be1db12e27d5,401856776,market_fpi_residual,away,False,13.0,14.0,win,2.22,0.0,3.22,3.1,0.03870967741935494,0.3053435114503816,0.3221153846153846,0.016771873165003004
766e62461975c7b08de8,2026-09-04T11:08:49Z,1d6daad1c93bf7e5ae16be1db12e27d5,401856776,market_public_ensemble,home,False,13.0,14.0,loss,-1.0,-0.0,1.4,1.425531914893617,-0.017910447761194104,0.6946564885496184,0.6778846153846154,-0.01677187316500295
0051d4e27e36dcc9a548,2026-09-04T11:08:49Z,1d6daad1c93bf7e5ae16be1db12e27d5,401856776,market_public_ensemble,away,False,13.0,14.0,win,2.22,0.0,3.22,3.1,0.03870967741935494,0.3053435114503816,0.3221153846153846,0.016771873165003004
04f2fb03429e0a4c8bac,2026-09-04T11:08:49Z,1d6daad1c93bf7e5ae16be1db12e27d5,401856776,fpi_only,home,False,13.0,14.0,loss,-1.0,-0.0,1.4,1.425531914893617,-0.017910447761194104,0.6946564885496184,0.6778846153846154,-0.01677187316500295
3ad919c24a4e82bf170a,2026-09-04T11:08:49Z,1d6daad1c93bf7e5ae16be1db12e27d5,401856776,fpi_only,away,False,13.0,14.0,win,2.22,0.0,3.22,3.1,0.03870967741935494,0.3053435114503816,0.3221153846153846,0.016771873165003004
e412499bf423a5cfef1e,2026-09-04T11:08:49Z,1d6daad1c93bf7e5ae16be1db12e27d5,401856776,ratings_only,home,False,13.0,14.0,loss,-1.0,-0.0,1.4,1.425531914893617,-0.017910447761194104,0.6946564885496184,0.6778846153846154,-0.01677187316500295
6a0b1fab2cff602269e8,2026-09-04T11:08:49Z,1d6daad1c93bf7e5ae16be1db12e27d5,401856776,ratings_only,away,False,13.0,14.0,win,2.22,0.0,3.22,3.1,0.03870967741935494,0.3053435114503816,0.3221153846153846,0.016771873165003004
9f854bca62132f67090b,2026-09-04T11:08:49Z,1d6daad1c93bf7e5ae16be1db12e27d5,401856776,market_only,home,False,13.0,14.0,loss,-1.0,-0.0,1.4,1.425531914893617,-0.017910447761194104,0.6946564885496184,0.6778846153846154,-0.01677187316500295
7658315403a11c9aa16c,2026-09-04T11:08:49Z,1d6daad1c93bf7e5ae16be1db12e27d5,401856776,market_only,away,False,13.0,14.0,win,2.22,0.0,3.22,3.1,0.03870967741935494,0.3053435114503816,0.3221153846153846,0.016771873165003004
8c4dcc93066046aaa9f7,2026-09-04T11:08:49Z,86e3c86de584357bb263fa4ae819ed30,401856768,market_fpi_residual,home,False,66.0,14.0,win,0.0033333333333333335,0.0,1.0033333333333334,1.002,0.0013306719893546592,0.9761285000236988,0.9807409402558572,0.0046124402321584546
28ee322a5da2d83b94a2,2026-09-04T11:08:49Z,86e3c86de584357bb263fa4ae819ed30,401856768,market_fpi_residual,away,False,66.0,14.0,loss,-1.0,-0.0,41.0,51.0,-0.196078431372549,0.0238714999763012,0.0192590597441426,-0.0046124402321586
721dce0683cad78ba372,2026-09-04T11:08:49Z,86e3c86de584357bb263fa4ae819ed30,401856768,market_public_ensemble,home,False,66.0,14.0,win,0.0033333333333333335,0.0,1.0033333333333334,1.002,0.0013306719893546592,0.9761285000236988,0.9807409402558572,0.0046124402321584546
4044c9ceb1712ba1703a,2026-09-04T11:08:49Z,86e3c86de584357bb263fa4ae819ed30,401856768,market_public_ensemble,away,False,66.0,14.0,loss,-1.0,-0.0,41.0,51.0,-0.196078431372549,0.0238714999763012,0.0192590597441426,-0.0046124402321586
f28b95722b5309b067b1,2026-09-04T11:08:49Z,86e3c86de584357bb263fa4ae819ed30,401856768,fpi_only,home,False,66.0,14.0,win,0.0033333333333333335,0.0,1.0033333333333334,1.002,0.0013306719893546592,0.9761285000236988,0.9807409402558572,0.0046124402321584546
63572c29f06d395ee9b3,2026-09-04T11:08:49Z,86e3c86de584357bb263fa4ae819ed30,401856768,fpi_only,away,False,66.0,14.0,loss,-1.0,-0.0,41.0,51.0,-0.196078431372549,0.0238714999763012,0.0192590597441426,-0.0046124402321586
7660f8011a2fa5e4ef1f,2026-09-04T11:08:49Z,86e3c86de584357bb263fa4ae819ed30,401856768,market_only,home,False,66.0,14.0,win,0.0033333333333333335,0.0,1.0033333333333334,1.002,0.0013306719893546592,0.9761285000236988,0.9807409402558572,0.0046124402321584546
1e881b996b3b8e9d6467,2026-09-04T11:08:49Z,86e3c86de584357bb263fa4ae819ed30,401856768,market_only,away,False,66.0,14.0,loss,-1.0,-0.0,41.0,51.0,-0.196078431372549,0.0238714999763012,0.0192590597441426,-0.0046124402321586
e0d213c1506103f6e9d1,2026-09-04T11:08:49Z,1697069330d0343bdf7930ac0b0c3863,401858424,market_fpi_residual,home,False,42.0,23.0,win,0.02,0.0,1.02,1.022222222222222,-0.0021739130434779153,0.9495252373813096,0.9447903839573994,-0.0047348534239101125
281d272fe737fd6f93bf,2026-09-04T11:08:49Z,1697069330d0343bdf7930ac0b0c3863,401858424,market_fpi_residual,away,False,42.0,23.0,loss,-1.0,-0.0,31.0,21.0,0.4761904761904763,0.0504747626186905,0.0552096160426005,0.0047348534239100015
bc3ef9eae1a6dc476d46,2026-09-04T11:08:49Z,1697069330d0343bdf7930ac0b0c3863,401858424,market_public_ensemble,home,False,42.0,23.0,win,0.02,0.0,1.02,1.022222222222222,-0.0021739130434779153,0.9495252373813096,0.9447903839573994,-0.0047348534239101125
e07814a94fb2ab71f92b,2026-09-04T11:08:49Z,1697069330d0343bdf7930ac0b0c3863,401858424,market_public_ensemble,away,False,42.0,23.0,loss,-1.0,-0.0,31.0,21.0,0.4761904761904763,0.0504747626186905,0.0552096160426005,0.0047348534239100015
4325791b8f1269a73851,2026-09-04T11:08:49Z,1697069330d0343bdf7930ac0b0c3863,401858424,fpi_only,home,False,42.0,23.0,win,0.02,0.0,1.02,1.022222222222222,-0.0021739130434779153,0.9495252373813096,0.9447903839573994,-0.0047348534239101125
da763fa97a7a8061575b,2026-09-04T11:08:49Z,1697069330d0343bdf7930ac0b0c3863,401858424,fpi_only,away,False,42.0,23.0,loss,-1.0,-0.0,31.0,21.0,0.4761904761904763,0.0504747626186905,0.0552096160426005,0.0047348534239100015
2861323e86cc8607fcdc,2026-09-04T11:08:49Z,1697069330d0343bdf7930ac0b0c3863,401858424,ratings_only,home,False,42.0,23.0,win,0.02,0.0,1.02,1.022222222222222,-0.0021739130434779153,0.9495252373813096,0.9447903839573994,-0.0047348534239101125
5d68b045c78091711fbf,2026-09-04T11:08:49Z,1697069330d0343bdf7930ac0b0c3863,401858424,ratings_only,away,False,42.0,23.0,loss,-1.0,-0.0,31.0,21.0,0.4761904761904763,0.0504747626186905,0.0552096160426005,0.0047348534239100015
cd9268296ca62b9bc9b8,2026-09-04T11:08:49Z,1697069330d0343bdf7930ac0b0c3863,401858424,market_only,home,False,42.0,23.0,win,0.02,0.0,1.02,1.022222222222222,-0.0021739130434779153,0.9495252373813096,0.9447903839573994,-0.0047348534239101125
5adcd2ffdf0dc9a02586,2026-09-04T11:08:49Z,1697069330d0343bdf7930ac0b0c3863,401858424,market_only,away,False,42.0,23.0,loss,-1.0,-0.0,31.0,21.0,0.4761904761904763,0.0504747626186905,0.0552096160426005,0.0047348534239100015
147478c6d5044c0bd72f,2026-09-04T11:08:49Z,e564afb0a5ab84ab43befa56bdb90522,401858423,market_fpi_residual,home,False,21.0,37.0,loss,-1.0,-0.0,1.015384615384615,1.0125,0.002849002849002691,0.9538784067085954,0.9626064420584968,0.008728035349901409
a854b3162ce5c689fa6e,2026-09-04T11:08:49Z,e564afb0a5ab84ab43befa56bdb90522,401858423,market_fpi_residual,away,False,21.0,37.0,win,20.0,0.0,21.0,26.0,-0.1923076923076923,0.0461215932914046,0.0373935579415032,-0.008728035349901395
818aff9d096ce4e63f6a,2026-09-04T11:08:49Z,e564afb0a5ab84ab43befa56bdb90522,401858423,market_public_ensemble,home,False,21.0,37.0,loss,-1.0,-0.0,1.015384615384615,1.0125,0.002849002849002691,0.9538784067085954,0.9626064420584968,0.008728035349901409
188fdf1194e3ad3cd0d8,2026-09-04T11:08:49Z,e564afb0a5ab84ab43befa56bdb90522,401858423,market_public_ensemble,away,False,21.0,37.0,win,20.0,0.0,21.0,26.0,-0.1923076923076923,0.0461215932914046,0.0373935579415032,-0.008728035349901395
dcec4a1797f288e0ba8d,2026-09-04T11:08:49Z,e564afb0a5ab84ab43befa56bdb90522,401858423,fpi_only,home,False,21.0,37.0,loss,-1.0,-0.0,1.015384615384615,1.0125,0.002849002849002691,0.9538784067085954,0.9626064420584968,0.008728035349901409
c9411dea4b20482b5135,2026-09-04T11:08:49Z,e564afb0a5ab84ab43befa56bdb90522,401858423,fpi_only,away,False,21.0,37.0,win,20.0,0.0,21.0,26.0,-0.1923076923076923,0.0461215932914046,0.0373935579415032,-0.008728035349901395
4e42727151a7c366b7ae,2026-09-04T11:08:49Z,e564afb0a5ab84ab43befa56bdb90522,401858423,ratings_only,home,False,21.0,37.0,loss,-1.0,-0.0,1.015384615384615,1.0125,0.002849002849002691,0.9538784067085954,0.9626064420584968,0.008728035349901409
11466f22457e512b7a8e,2026-09-04T11:08:49Z,e564afb0a5ab84ab43befa56bdb90522,401858423,ratings_only,away,False,21.0,37.0,win,20.0,0.0,21.0,26.0,-0.1923076923076923,0.0461215932914046,0.0373935579415032,-0.008728035349901395
98e764b782f8b74594f9,2026-09-04T11:08:49Z,e564afb0a5ab84ab43befa56bdb90522,401858423,market_only,home,False,21.0,37.0,loss,-1.0,-0.0,1.015384615384615,1.0125,0.002849002849002691,0.9538784067085954,0.9626064420584968,0.008728035349901409
94be5d9498a4ac9462aa,2026-09-04T11:08:49Z,e564afb0a5ab84ab43befa56bdb90522,401858423,market_only,away,False,21.0,37.0,win,20.0,0.0,21.0,26.0,-0.1923076923076923,0.0461215932914046,0.0373935579415032,-0.008728035349901395
d0043288edcf3c523606,2026-09-04T11:08:49Z,f089e3d943a34a9c4fe1808568b96529,401858204,market_fpi_residual,home,False,38.0,16.0,win,0.045454545454545456,0.0,1.0454545454545454,1.04,0.005244755244755206,0.9270403542316592,0.9351620947630924,0.00812174053143322
5ca14fff22637728fa07,2026-09-04T11:08:49Z,f089e3d943a34a9c4fe1808568b96529,401858204,market_fpi_residual,away,False,38.0,16.0,loss,-1.0,-0.0,14.0,17.0,-0.17647058823529416,0.0729596457683406,0.0648379052369076,-0.008121740531432997
24fd5272457f8f4eeed2,2026-09-04T11:08:49Z,f089e3d943a34a9c4fe1808568b96529,401858204,market_public_ensemble,home,False,38.0,16.0,win,0.045454545454545456,0.0,1.0454545454545454,1.04,0.005244755244755206,0.9270403542316592,0.9351620947630924,0.00812174053143322
587c0c5c40b7b5bf9313,2026-09-04T11:08:49Z,f089e3d943a34a9c4fe1808568b96529,401858204,market_public_ensemble,away,False,38.0,16.0,loss,-1.0,-0.0,14.0,17.0,-0.17647058823529416,0.0729596457683406,0.0648379052369076,-0.008121740531432997
dda5a40050d58d274928,2026-09-04T11:08:49Z,f089e3d943a34a9c4fe1808568b96529,401858204,fpi_only,home,False,38.0,16.0,win,0.045454545454545456,0.0,1.0454545454545454,1.04,0.005244755244755206,0.9270403542316592,0.9351620947630924,0.00812174053143322
7daadd8e01706d193abf,2026-09-04T11:08:49Z,f089e3d943a34a9c4fe1808568b96529,401858204,fpi_only,away,False,38.0,16.0,loss,-1.0,-0.0,14.0,17.0,-0.17647058823529416,0.0729596457683406,0.0648379052369076,-0.008121740531432997
b84a83f1560a20a1218e,2026-09-04T11:08:49Z,f089e3d943a34a9c4fe1808568b96529,401858204,ratings_only,home,False,38.0,16.0,win,0.045454545454545456,0.0,1.0454545454545454,1.04,0.005244755244755206,0.9270403542316592,0.9351620947630924,0.00812174053143322
cdf4cf9b0b7dfe2fcf0f,2026-09-04T11:08:49Z,f089e3d943a34a9c4fe1808568b96529,401858204,ratings_only,away,False,38.0,16.0,loss,-1.0,-0.0,14.0,17.0,-0.17647058823529416,0.0729596457683406,0.0648379052369076,-0.008121740531432997
72c63d5bed3447ec385a,2026-09-04T11:08:49Z,f089e3d943a34a9c4fe1808568b96529,401858204,market_only,home,False,38.0,16.0,win,0.045454545454545456,0.0,1.0454545454545454,1.04,0.005244755244755206,0.9270403542316592,0.9351620947630924,0.00812174053143322
ddff2ecb608354c4a6ff,2026-09-04T11:08:49Z,f089e3d943a34a9c4fe1808568b96529,401858204,market_only,away,False,38.0,16.0,loss,-1.0,-0.0,14.0,17.0,-0.17647058823529416,0.0729596457683406,0.0648379052369076,-0.008121740531432997
471a9dfa0230b2592756,2026-09-04T11:08:49Z,2f02052c3228ed6d9dc2e8ff8cdf5cdd,401866409,market_fpi_residual,home,False,21.0,17.0,win,0.014285714285714285,0.0,1.0142857142857142,1.0833333333333333,-0.06373626373626373,0.9558802416408552,0.8986300147451887,-0.0572502268956665
524afbcf2204b699d4d6,2026-09-04T11:08:49Z,2f02052c3228ed6d9dc2e8ff8cdf5cdd,401866409,market_fpi_residual,away,False,21.0,17.0,loss,-1.0,-0.0,23.0,9.9,1.323232323232323,0.0441197583591448,0.1013699852548113,0.05725022689566651
0367a8b3defe0fc84afe,2026-09-04T11:08:49Z,2f02052c3228ed6d9dc2e8ff8cdf5cdd,401866409,market_public_ensemble,home,False,21.0,17.0,win,0.014285714285714285,0.0,1.0142857142857142,1.0833333333333333,-0.06373626373626373,0.9558802416408552,0.8986300147451887,-0.0572502268956665
59921407d039a0265c91,2026-09-04T11:08:49Z,2f02052c3228ed6d9dc2e8ff8cdf5cdd,401866409,market_public_ensemble,away,False,21.0,17.0,loss,-1.0,-0.0,23.0,9.9,1.323232323232323,0.0441197583591448,0.1013699852548113,0.05725022689566651
ccdabda839a5741ec296,2026-09-04T11:08:49Z,2f02052c3228ed6d9dc2e8ff8cdf5cdd,401866409,fpi_only,home,False,21.0,17.0,win,0.014285714285714285,0.0,1.0142857142857142,1.0833333333333333,-0.06373626373626373,0.9558802416408552,0.8986300147451887,-0.0572502268956665
9cfbd81e03b61019c062,2026-09-04T11:08:49Z,2f02052c3228ed6d9dc2e8ff8cdf5cdd,401866409,fpi_only,away,False,21.0,17.0,loss,-1.0,-0.0,23.0,9.9,1.323232323232323,0.0441197583591448,0.1013699852548113,0.05725022689566651
538637f604c3e6184e20,2026-09-04T11:08:49Z,2f02052c3228ed6d9dc2e8ff8cdf5cdd,401866409,market_only,home,False,21.0,17.0,win,0.014285714285714285,0.0,1.0142857142857142,1.0833333333333333,-0.06373626373626373,0.9558802416408552,0.8986300147451887,-0.0572502268956665
22ca591931b1e2acfcb8,2026-09-04T11:08:49Z,2f02052c3228ed6d9dc2e8ff8cdf5cdd,401866409,market_only,away,False,21.0,17.0,loss,-1.0,-0.0,23.0,9.9,1.323232323232323,0.0441197583591448,0.1013699852548113,0.05725022689566651
77088cf3cc083219cc07,2026-09-04T11:08:49Z,99279326548a5f5399cc9a2efe27a057,401864424,market_fpi_residual,home,False,42.0,7.0,win,0.01,0.0,1.01,1.01,0.0,0.9648080707189616,0.9711510996858042,0.006343028966842579
028671016e1e04b5243c,2026-09-04T11:08:49Z,99279326548a5f5399cc9a2efe27a057,401864424,market_fpi_residual,away,False,42.0,7.0,loss,-1.0,-0.0,31.0,36.0,-0.13888888888888884,0.0351919292810385,0.0288489003141958,-0.0063430289668427
826c48121dcfa8dc4c64,2026-09-04T11:08:49Z,99279326548a5f5399cc9a2efe27a057,401864424,market_public_ensemble,home,False,42.0,7.0,win,0.01,0.0,1.01,1.01,0.0,0.9648080707189616,0.9711510996858042,0.006343028966842579
e0d45739aed355626721,2026-09-04T11:08:49Z,99279326548a5f5399cc9a2efe27a057,401864424,market_public_ensemble,away,False,42.0,7.0,loss,-1.0,-0.0,31.0,36.0,-0.13888888888888884,0.0351919292810385,0.0288489003141958,-0.0063430289668427
ebc1bdcd15b89e473f5a,2026-09-04T11:08:49Z,99279326548a5f5399cc9a2efe27a057,401864424,fpi_only,home,False,42.0,7.0,win,0.01,0.0,1.01,1.01,0.0,0.9648080707189616,0.9711510996858042,0.006343028966842579
fcfa181cd202cc4abc59,2026-09-04T11:08:49Z,99279326548a5f5399cc9a2efe27a057,401864424,fpi_only,away,False,42.0,7.0,loss,-1.0,-0.0,31.0,36.0,-0.13888888888888884,0.0351919292810385,0.0288489003141958,-0.0063430289668427
3748b7cec311ac74dd8b,2026-09-04T11:08:49Z,99279326548a5f5399cc9a2efe27a057,401864424,market_only,home,False,42.0,7.0,win,0.01,0.0,1.01,1.01,0.0,0.9648080707189616,0.9711510996858042,0.006343028966842579
8a434522df78ecc53e62,2026-09-04T11:08:49Z,99279326548a5f5399cc9a2efe27a057,401864424,market_only,away,False,42.0,7.0,loss,-1.0,-0.0,31.0,36.0,-0.13888888888888884,0.0351919292810385,0.0288489003141958,-0.0063430289668427
87227565b1a5f1c85c42,2026-09-04T11:08:49Z,018e668269a3b5dc4055758ca86b1062,401864425,market_fpi_residual,home,False,47.0,0.0,win,0.02857142857142857,0.0,1.0285714285714285,1.04,-0.010989010989011172,0.9351384737244104,0.9338827461559928,-0.0012557275684176306
596cc009d967b3b73737,2026-09-04T11:08:49Z,018e668269a3b5dc4055758ca86b1062,401864425,market_fpi_residual,away,False,47.0,0.0,loss,-1.0,-0.0,16.0,16.0,0.0,0.0648615262755896,0.0661172538440071,0.0012557275684175057
37ed541431f67c578158,2026-09-04T11:08:49Z,018e668269a3b5dc4055758ca86b1062,401864425,market_public_ensemble,home,False,47.0,0.0,win,0.02857142857142857,0.0,1.0285714285714285,1.04,-0.010989010989011172,0.9351384737244104,0.9338827461559928,-0.0012557275684176306
97e8774dc6ad1ac91be4,2026-09-04T11:08:49Z,018e668269a3b5dc4055758ca86b1062,401864425,market_public_ensemble,away,False,47.0,0.0,loss,-1.0,-0.0,16.0,16.0,0.0,0.0648615262755896,0.0661172538440071,0.0012557275684175057
48080b699ca66b2d1458,2026-09-04T11:08:49Z,018e668269a3b5dc4055758ca86b1062,401864425,fpi_only,home,False,47.0,0.0,win,0.02857142857142857,0.0,1.0285714285714285,1.04,-0.010989010989011172,0.9351384737244104,0.9338827461559928,-0.0012557275684176306
f3a22b63f14b5e9eb6f0,2026-09-04T11:08:49Z,018e668269a3b5dc4055758ca86b1062,401864425,fpi_only,away,False,47.0,0.0,loss,-1.0,-0.0,16.0,16.0,0.0,0.0648615262755896,0.0661172538440071,0.0012557275684175057
cb96397d76ab7619ff06,2026-09-04T11:08:49Z,018e668269a3b5dc4055758ca86b1062,401864425,market_only,home,False,47.0,0.0,win,0.02857142857142857,0.0,1.0285714285714285,1.04,-0.010989010989011172,0.9351384737244104,0.9338827461559928,-0.0012557275684176306
66ffa879333cf6ab5bd5,2026-09-04T11:08:49Z,018e668269a3b5dc4055758ca86b1062,401864425,market_only,away,False,47.0,0.0,loss,-1.0,-0.0,16.0,16.0,0.0,0.0648615262755896,0.0661172538440071,0.0012557275684175057
8fca5895f6f23e65a5db,2026-09-04T11:08:49Z,1d6daad1c93bf7e5ae16be1db12e27d5,401856776,market_fpi_residual,home,False,13.0,14.0,loss,-1.0,-0.0,1.4,1.425531914893617,-0.017910447761194104,0.6946564885496184,0.6778846153846154,-0.01677187316500295
2b876f49d14abfc342d1,2026-09-04T11:08:49Z,1d6daad1c93bf7e5ae16be1db12e27d5,401856776,market_fpi_residual,away,False,13.0,14.0,win,2.22,0.0,3.22,3.1,0.03870967741935494,0.3053435114503816,0.3221153846153846,0.016771873165003004
d0a6145fc971213ab04d,2026-09-04T11:08:49Z,1d6daad1c93bf7e5ae16be1db12e27d5,401856776,market_public_ensemble,home,False,13.0,14.0,loss,-1.0,-0.0,1.4,1.425531914893617,-0.017910447761194104,0.6946564885496184,0.6778846153846154,-0.01677187316500295
1110f8797c4ad4e21572,2026-09-04T11:08:49Z,1d6daad1c93bf7e5ae16be1db12e27d5,401856776,market_public_ensemble,away,False,13.0,14.0,win,2.22,0.0,3.22,3.1,0.03870967741935494,0.3053435114503816,0.3221153846153846,0.016771873165003004
83e018717e039e34cfc0,2026-09-04T11:08:49Z,1d6daad1c93bf7e5ae16be1db12e27d5,401856776,fpi_only,home,False,13.0,14.0,loss,-1.0,-0.0,1.4,1.425531914893617,-0.017910447761194104,0.6946564885496184,0.6778846153846154,-0.01677187316500295
4448f840a559b0b930d3,2026-09-04T11:08:49Z,1d6daad1c93bf7e5ae16be1db12e27d5,401856776,fpi_only,away,False,13.0,14.0,win,2.22,0.0,3.22,3.1,0.03870967741935494,0.3053435114503816,0.3221153846153846,0.016771873165003004
f384229924945c7f01d9,2026-09-04T11:08:49Z,1d6daad1c93bf7e5ae16be1db12e27d5,401856776,ratings_only,home,False,13.0,14.0,loss,-1.0,-0.0,1.4,1.425531914893617,-0.017910447761194104,0.6946564885496184,0.6778846153846154,-0.01677187316500295
c6a331eff9ee5ef7956b,2026-09-04T11:08:49Z,1d6daad1c93bf7e5ae16be1db12e27d5,401856776,ratings_only,away,False,13.0,14.0,win,2.22,0.0,3.22,3.1,0.03870967741935494,0.3053435114503816,0.3221153846153846,0.016771873165003004
c15446809b337ff40de0,2026-09-04T11:08:49Z,1d6daad1c93bf7e5ae16be1db12e27d5,401856776,market_only,home,False,13.0,14.0,loss,-1.0,-0.0,1.4,1.425531914893617,-0.017910447761194104,0.6946564885496184,0.6778846153846154,-0.01677187316500295
c656118ead66e7ed0a3f,2026-09-04T11:08:49Z,1d6daad1c93bf7e5ae16be1db12e27d5,401856776,market_only,away,False,13.0,14.0,win,2.22,0.0,3.22,3.1,0.03870967741935494,0.3053435114503816,0.3221153846153846,0.016771873165003004
8a7ff0e03b51b5a782e2,2026-09-04T11:08:49Z,86e3c86de584357bb263fa4ae819ed30,401856768,market_fpi_residual,home,False,66.0,14.0,win,0.0033333333333333335,0.0,1.0033333333333334,1.002,0.0013306719893546592,0.9761285000236988,0.9807409402558572,0.0046124402321584546
20087e64e110eedc0c3b,2026-09-04T11:08:49Z,86e3c86de584357bb263fa4ae819ed30,401856768,market_fpi_residual,away,False,66.0,14.0,loss,-1.0,-0.0,41.0,51.0,-0.196078431372549,0.0238714999763012,0.0192590597441426,-0.0046124402321586
694abc6986fc6ada0ec9,2026-09-04T11:08:49Z,86e3c86de584357bb263fa4ae819ed30,401856768,market_public_ensemble,home,False,66.0,14.0,win,0.0033333333333333335,0.0,1.0033333333333334,1.002,0.0013306719893546592,0.9761285000236988,0.9807409402558572,0.0046124402321584546
08f8066d022abf528c29,2026-09-04T11:08:49Z,86e3c86de584357bb263fa4ae819ed30,401856768,market_public_ensemble,away,False,66.0,14.0,loss,-1.0,-0.0,41.0,51.0,-0.196078431372549,0.0238714999763012,0.0192590597441426,-0.0046124402321586
315c7d9c05185e37e69d,2026-09-04T11:08:49Z,86e3c86de584357bb263fa4ae819ed30,401856768,fpi_only,home,False,66.0,14.0,win,0.0033333333333333335,0.0,1.0033333333333334,1.002,0.0013306719893546592,0.9761285000236988,0.9807409402558572,0.0046124402321584546
56da8deaa61f2988f823,2026-09-04T11:08:49Z,86e3c86de584357bb263fa4ae819ed30,401856768,fpi_only,away,False,66.0,14.0,loss,-1.0,-0.0,41.0,51.0,-0.196078431372549,0.0238714999763012,0.0192590597441426,-0.0046124402321586
ced85555e03e0b7d6de4,2026-09-04T11:08:49Z,86e3c86de584357bb263fa4ae819ed30,401856768,market_only,home,False,66.0,14.0,win,0.0033333333333333335,0.0,1.0033333333333334,1.002,0.0013306719893546592,0.9761285000236988,0.9807409402558572,0.0046124402321584546
63aca7d0542db5d4df0a,2026-09-04T11:08:49Z,86e3c86de584357bb263fa4ae819ed30,401856768,market_only,away,False,66.0,14.0,loss,-1.0,-0.0,41.0,51.0,-0.196078431372549,0.0238714999763012,0.0192590597441426,-0.0046124402321586
3d0b709925eefddb5230,2026-09-04T11:08:49Z,1697069330d0343bdf7930ac0b0c3863,401858424,market_fpi_residual,home,False,42.0,23.0,win,0.02,0.0,1.02,1.022222222222222,-0.0021739130434779153,0.9495252373813096,0.9447903839573994,-0.0047348534239101125
c5d8a9d9d05fd1e24148,2026-09-04T11:08:49Z,1697069330d0343bdf7930ac0b0c3863,401858424,market_fpi_residual,away,False,42.0,23.0,loss,-1.0,-0.0,31.0,21.0,0.4761904761904763,0.0504747626186905,0.0552096160426005,0.0047348534239100015
00f95b4d14a8e83d0174,2026-09-04T11:08:49Z,1697069330d0343bdf7930ac0b0c3863,401858424,market_public_ensemble,home,False,42.0,23.0,win,0.02,0.0,1.02,1.022222222222222,-0.0021739130434779153,0.9495252373813096,0.9447903839573994,-0.0047348534239101125
b5eb3483f7c337af82e6,2026-09-04T11:08:49Z,1697069330d0343bdf7930ac0b0c3863,401858424,market_public_ensemble,away,False,42.0,23.0,loss,-1.0,-0.0,31.0,21.0,0.4761904761904763,0.0504747626186905,0.0552096160426005,0.0047348534239100015
6a2bf33ed8d2609abd19,2026-09-04T11:08:49Z,1697069330d0343bdf7930ac0b0c3863,401858424,fpi_only,home,False,42.0,23.0,win,0.02,0.0,1.02,1.022222222222222,-0.0021739130434779153,0.9495252373813096,0.9447903839573994,-0.0047348534239101125
8a71c3b726660567a49e,2026-09-04T11:08:49Z,1697069330d0343bdf7930ac0b0c3863,401858424,fpi_only,away,False,42.0,23.0,loss,-1.0,-0.0,31.0,21.0,0.4761904761904763,0.0504747626186905,0.0552096160426005,0.0047348534239100015
723d9b6534d76e6ea257,2026-09-04T11:08:49Z,1697069330d0343bdf7930ac0b0c3863,401858424,ratings_only,home,False,42.0,23.0,win,0.02,0.0,1.02,1.022222222222222,-0.0021739130434779153,0.9495252373813096,0.9447903839573994,-0.0047348534239101125
fc11ea3894c069294e13,2026-09-04T11:08:49Z,1697069330d0343bdf7930ac0b0c3863,401858424,ratings_only,away,False,42.0,23.0,loss,-1.0,-0.0,31.0,21.0,0.4761904761904763,0.0504747626186905,0.0552096160426005,0.0047348534239100015
a72feed0f8ef26681b83,2026-09-04T11:08:49Z,1697069330d0343bdf7930ac0b0c3863,401858424,market_only,home,False,42.0,23.0,win,0.02,0.0,1.02,1.022222222222222,-0.0021739130434779153,0.9495252373813096,0.9447903839573994,-0.0047348534239101125
480998348949610c1d42,2026-09-04T11:08:49Z,1697069330d0343bdf7930ac0b0c3863,401858424,market_only,away,False,42.0,23.0,loss,-1.0,-0.0,31.0,21.0,0.4761904761904763,0.0504747626186905,0.0552096160426005,0.0047348534239100015
43e1de9a6f740cfc5c0b,2026-09-04T11:08:49Z,e564afb0a5ab84ab43befa56bdb90522,401858423,market_fpi_residual,home,False,21.0,37.0,loss,-1.0,-0.0,1.015384615384615,1.0125,0.002849002849002691,0.9538784067085954,0.9626064420584968,0.008728035349901409
9092328fc8b22d55a765,2026-09-04T11:08:49Z,e564afb0a5ab84ab43befa56bdb90522,401858423,market_fpi_residual,away,False,21.0,37.0,win,20.0,0.0,21.0,26.0,-0.1923076923076923,0.0461215932914046,0.0373935579415032,-0.008728035349901395
eca2e534dd70ddc5d196,2026-09-04T11:08:49Z,e564afb0a5ab84ab43befa56bdb90522,401858423,market_public_ensemble,home,False,21.0,37.0,loss,-1.0,-0.0,1.015384615384615,1.0125,0.002849002849002691,0.9538784067085954,0.9626064420584968,0.008728035349901409
3d4389166d7e276b6d79,2026-09-04T11:08:49Z,e564afb0a5ab84ab43befa56bdb90522,401858423,market_public_ensemble,away,False,21.0,37.0,win,20.0,0.0,21.0,26.0,-0.1923076923076923,0.0461215932914046,0.0373935579415032,-0.008728035349901395
a6aa9e6208b7ccbe1206,2026-09-04T11:08:49Z,e564afb0a5ab84ab43befa56bdb90522,401858423,fpi_only,home,False,21.0,37.0,loss,-1.0,-0.0,1.015384615384615,1.0125,0.002849002849002691,0.9538784067085954,0.9626064420584968,0.008728035349901409
ede4a940436db343b9b5,2026-09-04T11:08:49Z,e564afb0a5ab84ab43befa56bdb90522,401858423,fpi_only,away,False,21.0,37.0,win,20.0,0.0,21.0,26.0,-0.1923076923076923,0.0461215932914046,0.0373935579415032,-0.008728035349901395
5c0f9ab7bee4eb29706d,2026-09-04T11:08:49Z,e564afb0a5ab84ab43befa56bdb90522,401858423,ratings_only,home,False,21.0,37.0,loss,-1.0,-0.0,1.015384615384615,1.0125,0.002849002849002691,0.9538784067085954,0.9626064420584968,0.008728035349901409
2fbfb4687c3d1c0fcd00,2026-09-04T11:08:49Z,e564afb0a5ab84ab43befa56bdb90522,401858423,ratings_only,away,False,21.0,37.0,win,20.0,0.0,21.0,26.0,-0.1923076923076923,0.0461215932914046,0.0373935579415032,-0.008728035349901395
a619bdbce1c21a386e4c,2026-09-04T11:08:49Z,e564afb0a5ab84ab43befa56bdb90522,401858423,market_only,home,False,21.0,37.0,loss,-1.0,-0.0,1.015384615384615,1.0125,0.002849002849002691,0.9538784067085954,0.9626064420584968,0.008728035349901409
93812dd59fdafd6f6f0b,2026-09-04T11:08:49Z,e564afb0a5ab84ab43befa56bdb90522,401858423,market_only,away,False,21.0,37.0,win,20.0,0.0,21.0,26.0,-0.1923076923076923,0.0461215932914046,0.0373935579415032,-0.008728035349901395
fbe5dabbd6428bcc207a,2026-09-04T11:08:49Z,f089e3d943a34a9c4fe1808568b96529,401858204,market_fpi_residual,home,False,38.0,16.0,win,0.045454545454545456,0.0,1.0454545454545454,1.04,0.005244755244755206,0.9270403542316592,0.9351620947630924,0.00812174053143322
ffcdc8633facded13cdc,2026-09-04T11:08:49Z,f089e3d943a34a9c4fe1808568b96529,401858204,market_fpi_residual,away,False,38.0,16.0,loss,-1.0,-0.0,14.0,17.0,-0.17647058823529416,0.0729596457683406,0.0648379052369076,-0.008121740531432997
8eaacc7f1e51008be47e,2026-09-04T11:08:49Z,f089e3d943a34a9c4fe1808568b96529,401858204,market_public_ensemble,home,False,38.0,16.0,win,0.045454545454545456,0.0,1.0454545454545454,1.04,0.005244755244755206,0.9270403542316592,0.9351620947630924,0.00812174053143322
836a4ec412319e6242a0,2026-09-04T11:08:49Z,f089e3d943a34a9c4fe1808568b96529,401858204,market_public_ensemble,away,False,38.0,16.0,loss,-1.0,-0.0,14.0,17.0,-0.17647058823529416,0.0729596457683406,0.0648379052369076,-0.008121740531432997
f46b484333052937860c,2026-09-04T11:08:49Z,f089e3d943a34a9c4fe1808568b96529,401858204,fpi_only,home,False,38.0,16.0,win,0.045454545454545456,0.0,1.0454545454545454,1.04,0.005244755244755206,0.9270403542316592,0.9351620947630924,0.00812174053143322
b0d92907d5c490c8f1ec,2026-09-04T11:08:49Z,f089e3d943a34a9c4fe1808568b96529,401858204,fpi_only,away,False,38.0,16.0,loss,-1.0,-0.0,14.0,17.0,-0.17647058823529416,0.0729596457683406,0.0648379052369076,-0.008121740531432997
22500633f68eb3111001,2026-09-04T11:08:49Z,f089e3d943a34a9c4fe1808568b96529,401858204,ratings_only,home,False,38.0,16.0,win,0.045454545454545456,0.0,1.0454545454545454,1.04,0.005244755244755206,0.9270403542316592,0.9351620947630924,0.00812174053143322
ed52bc3130d3d023899f,2026-09-04T11:08:49Z,f089e3d943a34a9c4fe1808568b96529,401858204,ratings_only,away,False,38.0,16.0,loss,-1.0,-0.0,14.0,17.0,-0.17647058823529416,0.0729596457683406,0.0648379052369076,-0.008121740531432997
600f7b9a7d4a65603690,2026-09-04T11:08:49Z,f089e3d943a34a9c4fe1808568b96529,401858204,market_only,home,False,38.0,16.0,win,0.045454545454545456,0.0,1.0454545454545454,1.04,0.005244755244755206,0.9270403542316592,0.9351620947630924,0.00812174053143322
5620745a542a384cabcb,2026-09-04T11:08:49Z,f089e3d943a34a9c4fe1808568b96529,401858204,market_only,away,False,38.0,16.0,loss,-1.0,-0.0,14.0,17.0,-0.17647058823529416,0.0729596457683406,0.0648379052369076,-0.008121740531432997
e8519b9f1e5ab68697cf,2026-09-04T11:08:49Z,2f02052c3228ed6d9dc2e8ff8cdf5cdd,401866409,market_fpi_residual,home,False,21.0,17.0,win,0.014285714285714285,0.0,1.0142857142857142,1.0833333333333333,-0.06373626373626373,0.9558802416408552,0.8986300147451887,-0.0572502268956665
4c5e4faa6144c0df3341,2026-09-04T11:08:49Z,2f02052c3228ed6d9dc2e8ff8cdf5cdd,401866409,market_fpi_residual,away,False,21.0,17.0,loss,-1.0,-0.0,23.0,9.9,1.323232323232323,0.0441197583591448,0.1013699852548113,0.05725022689566651
71da735ef66f1a43ac74,2026-09-04T11:08:49Z,2f02052c3228ed6d9dc2e8ff8cdf5cdd,401866409,market_public_ensemble,home,False,21.0,17.0,win,0.014285714285714285,0.0,1.0142857142857142,1.0833333333333333,-0.06373626373626373,0.9558802416408552,0.8986300147451887,-0.0572502268956665
17062ec5166659fc32ad,2026-09-04T11:08:49Z,2f02052c3228ed6d9dc2e8ff8cdf5cdd,401866409,market_public_ensemble,away,False,21.0,17.0,loss,-1.0,-0.0,23.0,9.9,1.323232323232323,0.0441197583591448,0.1013699852548113,0.05725022689566651
d385f0a336bfb6c6859c,2026-09-04T11:08:49Z,2f02052c3228ed6d9dc2e8ff8cdf5cdd,401866409,fpi_only,home,False,21.0,17.0,win,0.014285714285714285,0.0,1.0142857142857142,1.0833333333333333,-0.06373626373626373,0.9558802416408552,0.8986300147451887,-0.0572502268956665
0a71da6b4e6b78586b21,2026-09-04T11:08:49Z,2f02052c3228ed6d9dc2e8ff8cdf5cdd,401866409,fpi_only,away,False,21.0,17.0,loss,-1.0,-0.0,23.0,9.9,1.323232323232323,0.0441197583591448,0.1013699852548113,0.05725022689566651
ff4e9160e466e1ccc60d,2026-09-04T11:08:49Z,2f02052c3228ed6d9dc2e8ff8cdf5cdd,401866409,market_only,home,False,21.0,17.0,win,0.014285714285714285,0.0,1.0142857142857142,1.0833333333333333,-0.06373626373626373,0.9558802416408552,0.8986300147451887,-0.0572502268956665
cc1a462b657f6bff4e0c,2026-09-04T11:08:49Z,2f02052c3228ed6d9dc2e8ff8cdf5cdd,401866409,market_only,away,False,21.0,17.0,loss,-1.0,-0.0,23.0,9.9,1.323232323232323,0.0441197583591448,0.1013699852548113,0.05725022689566651
cb6cd288266c6dd832c8,2026-09-04T11:08:49Z,99279326548a5f5399cc9a2efe27a057,401864424,market_fpi_residual,home,False,42.0,7.0,win,0.01,0.0,1.01,1.01,0.0,0.9648080707189616,0.9711510996858042,0.006343028966842579
161e15817f66485a590d,2026-09-04T11:08:49Z,99279326548a5f5399cc9a2efe27a057,401864424,market_fpi_residual,away,False,42.0,7.0,loss,-1.0,-0.0,31.0,36.0,-0.13888888888888884,0.0351919292810385,0.0288489003141958,-0.0063430289668427
18a0595348447fe7c2f4,2026-09-04T11:08:49Z,99279326548a5f5399cc9a2efe27a057,401864424,market_public_ensemble,home,False,42.0,7.0,win,0.01,0.0,1.01,1.01,0.0,0.9648080707189616,0.9711510996858042,0.006343028966842579
cfb67d2ef699f229aa32,2026-09-04T11:08:49Z,99279326548a5f5399cc9a2efe27a057,401864424,market_public_ensemble,away,False,42.0,7.0,loss,-1.0,-0.0,31.0,36.0,-0.13888888888888884,0.0351919292810385,0.0288489003141958,-0.0063430289668427
d5be2802cd3473eeb856,2026-09-04T11:08:49Z,99279326548a5f5399cc9a2efe27a057,401864424,fpi_only,home,False,42.0,7.0,win,0.01,0.0,1.01,1.01,0.0,0.9648080707189616,0.9711510996858042,0.006343028966842579
d89081be38e617a7db6a,2026-09-04T11:08:49Z,99279326548a5f5399cc9a2efe27a057,401864424,fpi_only,away,False,42.0,7.0,loss,-1.0,-0.0,31.0,36.0,-0.13888888888888884,0.0351919292810385,0.0288489003141958,-0.0063430289668427
5be483ec42cab3dedcbc,2026-09-04T11:08:49Z,99279326548a5f5399cc9a2efe27a057,401864424,market_only,home,False,42.0,7.0,win,0.01,0.0,1.01,1.01,0.0,0.9648080707189616,0.9711510996858042,0.006343028966842579
ac93d07383c77daebbd4,2026-09-04T11:08:49Z,99279326548a5f5399cc9a2efe27a057,401864424,market_only,away,False,42.0,7.0,loss,-1.0,-0.0,31.0,36.0,-0.13888888888888884,0.0351919292810385,0.0288489003141958,-0.0063430289668427
b8bb0e49ad33ab8d2d85,2026-09-04T11:08:49Z,018e668269a3b5dc4055758ca86b1062,401864425,market_fpi_residual,home,False,47.0,0.0,win,0.02857142857142857,0.0,1.0285714285714285,1.04,-0.010989010989011172,0.9351384737244104,0.9338827461559928,-0.0012557275684176306
b45671f165acd4ebc38b,2026-09-04T11:08:49Z,018e668269a3b5dc4055758ca86b1062,401864425,market_fpi_residual,away,False,47.0,0.0,loss,-1.0,-0.0,16.0,16.0,0.0,0.0648615262755896,0.0661172538440071,0.0012557275684175057
10ea283435c9ac8fe47b,2026-09-04T11:08:49Z,018e668269a3b5dc4055758ca86b1062,401864425,market_public_ensemble,home,False,47.0,0.0,win,0.02857142857142857,0.0,1.0285714285714285,1.04,-0.010989010989011172,0.9351384737244104,0.9338827461559928,-0.0012557275684176306
cfb3cabfe908f64e922a,2026-09-04T11:08:49Z,018e668269a3b5dc4055758ca86b1062,401864425,market_public_ensemble,away,False,47.0,0.0,loss,-1.0,-0.0,16.0,16.0,0.0,0.0648615262755896,0.0661172538440071,0.0012557275684175057
3e083db60d73a165b693,2026-09-04T11:08:49Z,018e668269a3b5dc4055758ca86b1062,401864425,fpi_only,home,False,47.0,0.0,win,0.02857142857142857,0.0,1.0285714285714285,1.04,-0.010989010989011172,0.9351384737244104,0.9338827461559928,-0.0012557275684176306
e63246073f9ebbf88bb3,2026-09-04T11:08:49Z,018e668269a3b5dc4055758ca86b1062,401864425,fpi_only,away,False,47.0,0.0,loss,-1.0,-0.0,16.0,16.0,0.0,0.0648615262755896,0.0661172538440071,0.0012557275684175057
89bf327f500172795875,2026-09-04T11:08:49Z,018e668269a3b5dc4055758ca86b1062,401864425,market_only,home,False,47.0,0.0,win,0.02857142857142857,0.0,1.0285714285714285,1.04,-0.010989010989011172,0.9351384737244104,0.9338827461559928,-0.0012557275684176306
5162b3e0cf54a24b24e4,2026-09-04T11:08:49Z,018e668269a3b5dc4055758ca86b1062,401864425,market_only,away,False,47.0,0.0,loss,-1.0,-0.0,16.0,16.0,0.0,0.0648615262755896,0.0661172538440071,0.0012557275684175057
67f6b4cfed8f4cfd8bdd,2026-09-04T11:08:49Z,1d6daad1c93bf7e5ae16be1db12e27d5,401856776,market_fpi_residual,home,False,13.0,14.0,loss,-1.0,-0.0,1.4,1.425531914893617,-0.017910447761194104,0.6946564885496184,0.6778846153846154,-0.01677187316500295
4bbd02d539a8f8098a4d,2026-09-04T11:08:49Z,1d6daad1c93bf7e5ae16be1db12e27d5,401856776,market_fpi_residual,away,False,13.0,14.0,win,2.22,0.0,3.22,3.1,0.03870967741935494,0.3053435114503816,0.3221153846153846,0.016771873165003004
54fe7be7ed67dee419f4,2026-09-04T11:08:49Z,1d6daad1c93bf7e5ae16be1db12e27d5,401856776,market_public_ensemble,home,False,13.0,14.0,loss,-1.0,-0.0,1.4,1.425531914893617,-0.017910447761194104,0.6946564885496184,0.6778846153846154,-0.01677187316500295
e9c15af3ff3019383c21,2026-09-04T11:08:49Z,1d6daad1c93bf7e5ae16be1db12e27d5,401856776,market_public_ensemble,away,False,13.0,14.0,win,2.22,0.0,3.22,3.1,0.03870967741935494,0.3053435114503816,0.3221153846153846,0.016771873165003004
fcfc8e70422a33a1038d,2026-09-04T11:08:49Z,1d6daad1c93bf7e5ae16be1db12e27d5,401856776,fpi_only,home,False,13.0,14.0,loss,-1.0,-0.0,1.4,1.425531914893617,-0.017910447761194104,0.6946564885496184,0.6778846153846154,-0.01677187316500295
83853411484f32c132d1,2026-09-04T11:08:49Z,1d6daad1c93bf7e5ae16be1db12e27d5,401856776,fpi_only,away,False,13.0,14.0,win,2.22,0.0,3.22,3.1,0.03870967741935494,0.3053435114503816,0.3221153846153846,0.016771873165003004
63cdcf4a1783352a29b2,2026-09-04T11:08:49Z,1d6daad1c93bf7e5ae16be1db12e27d5,401856776,ratings_only,home,False,13.0,14.0,loss,-1.0,-0.0,1.4,1.425531914893617,-0.017910447761194104,0.6946564885496184,0.6778846153846154,-0.01677187316500295
2a1ecc01a4796ef3de9c,2026-09-04T11:08:49Z,1d6daad1c93bf7e5ae16be1db12e27d5,401856776,ratings_only,away,False,13.0,14.0,win,2.22,0.0,3.22,3.1,0.03870967741935494,0.3053435114503816,0.3221153846153846,0.016771873165003004
4eae5380d2b8ef3eb08c,2026-09-04T11:08:49Z,1d6daad1c93bf7e5ae16be1db12e27d5,401856776,market_only,home,False,13.0,14.0,loss,-1.0,-0.0,1.4,1.425531914893617,-0.017910447761194104,0.6946564885496184,0.6778846153846154,-0.01677187316500295
feface267352c27c3e3e,2026-09-04T11:08:49Z,1d6daad1c93bf7e5ae16be1db12e27d5,401856776,market_only,away,False,13.0,14.0,win,2.22,0.0,3.22,3.1,0.03870967741935494,0.3053435114503816,0.3221153846153846,0.016771873165003004
da445528696effc8d4f4,2026-09-04T11:08:49Z,86e3c86de584357bb263fa4ae819ed30,401856768,market_fpi_residual,home,False,66.0,14.0,win,0.0033333333333333335,0.0,1.0033333333333334,1.002,0.0013306719893546592,0.9761285000236988,0.9807409402558572,0.0046124402321584546
22b0e54b5589b882d7be,2026-09-04T11:08:49Z,86e3c86de584357bb263fa4ae819ed30,401856768,market_fpi_residual,away,False,66.0,14.0,loss,-1.0,-0.0,41.0,51.0,-0.196078431372549,0.0238714999763012,0.0192590597441426,-0.0046124402321586
d1bbf9cf667fe7d48d8f,2026-09-04T11:08:49Z,86e3c86de584357bb263fa4ae819ed30,401856768,market_public_ensemble,home,False,66.0,14.0,win,0.0033333333333333335,0.0,1.0033333333333334,1.002,0.0013306719893546592,0.9761285000236988,0.9807409402558572,0.0046124402321584546
7832b64205b4621e7377,2026-09-04T11:08:49Z,86e3c86de584357bb263fa4ae819ed30,401856768,market_public_ensemble,away,False,66.0,14.0,loss,-1.0,-0.0,41.0,51.0,-0.196078431372549,0.0238714999763012,0.0192590597441426,-0.0046124402321586
5f056391df05b730ce5c,2026-09-04T11:08:49Z,86e3c86de584357bb263fa4ae819ed30,401856768,fpi_only,home,False,66.0,14.0,win,0.0033333333333333335,0.0,1.0033333333333334,1.002,0.0013306719893546592,0.9761285000236988,0.9807409402558572,0.0046124402321584546
9e7023295c09342b64af,2026-09-04T11:08:49Z,86e3c86de584357bb263fa4ae819ed30,401856768,fpi_only,away,False,66.0,14.0,loss,-1.0,-0.0,41.0,51.0,-0.196078431372549,0.0238714999763012,0.0192590597441426,-0.0046124402321586
2f7ab804c09d128e7445,2026-09-04T11:08:49Z,86e3c86de584357bb263fa4ae819ed30,401856768,market_only,home,False,66.0,14.0,win,0.0033333333333333335,0.0,1.0033333333333334,1.002,0.0013306719893546592,0.9761285000236988,0.9807409402558572,0.0046124402321584546
bafde839eb28b9cb5d5f,2026-09-04T11:08:49Z,86e3c86de584357bb263fa4ae819ed30,401856768,market_only,away,False,66.0,14.0,loss,-1.0,-0.0,41.0,51.0,-0.196078431372549,0.0238714999763012,0.0192590597441426,-0.0046124402321586
a7868014c14595a08805,2026-09-04T11:08:49Z,1697069330d0343bdf7930ac0b0c3863,401858424,market_fpi_residual,home,False,42.0,23.0,win,0.02,0.0,1.02,1.022222222222222,-0.0021739130434779153,0.9495252373813096,0.9447903839573994,-0.0047348534239101125
ad950dee39c15fe84b57,2026-09-04T11:08:49Z,1697069330d0343bdf7930ac0b0c3863,401858424,market_fpi_residual,away,False,42.0,23.0,loss,-1.0,-0.0,31.0,21.0,0.4761904761904763,0.0504747626186905,0.0552096160426005,0.0047348534239100015
040d7357a02c419eb831,2026-09-04T11:08:49Z,1697069330d0343bdf7930ac0b0c3863,401858424,market_public_ensemble,home,False,42.0,23.0,win,0.02,0.0,1.02,1.022222222222222,-0.0021739130434779153,0.9495252373813096,0.9447903839573994,-0.0047348534239101125
cf5b0249b650cdc9fc3f,2026-09-04T11:08:49Z,1697069330d0343bdf7930ac0b0c3863,401858424,market_public_ensemble,away,False,42.0,23.0,loss,-1.0,-0.0,31.0,21.0,0.4761904761904763,0.0504747626186905,0.0552096160426005,0.0047348534239100015
1c318448b48ad393b334,2026-09-04T11:08:49Z,1697069330d0343bdf7930ac0b0c3863,401858424,fpi_only,home,False,42.0,23.0,win,0.02,0.0,1.02,1.022222222222222,-0.0021739130434779153,0.9495252373813096,0.9447903839573994,-0.0047348534239101125
ef3a433228e343c5e3e5,2026-09-04T11:08:49Z,1697069330d0343bdf7930ac0b0c3863,401858424,fpi_only,away,False,42.0,23.0,loss,-1.0,-0.0,31.0,21.0,0.4761904761904763,0.0504747626186905,0.0552096160426005,0.0047348534239100015
831dc3d1032c70101a1e,2026-09-04T11:08:49Z,1697069330d0343bdf7930ac0b0c3863,401858424,ratings_only,home,False,42.0,23.0,win,0.02,0.0,1.02,1.022222222222222,-0.0021739130434779153,0.9495252373813096,0.9447903839573994,-0.0047348534239101125
1191bdac8ce4741c376d,2026-09-04T11:08:49Z,1697069330d0343bdf7930ac0b0c3863,401858424,ratings_only,away,False,42.0,23.0,loss,-1.0,-0.0,31.0,21.0,0.4761904761904763,0.0504747626186905,0.0552096160426005,0.0047348534239100015
cd53a5c01e28ea4a40e7,2026-09-04T11:08:49Z,1697069330d0343bdf7930ac0b0c3863,401858424,market_only,home,False,42.0,23.0,win,0.02,0.0,1.02,1.022222222222222,-0.0021739130434779153,0.9495252373813096,0.9447903839573994,-0.0047348534239101125
a6a2242093eeb34c090f,2026-09-04T11:08:49Z,1697069330d0343bdf7930ac0b0c3863,401858424,market_only,away,False,42.0,23.0,loss,-1.0,-0.0,31.0,21.0,0.4761904761904763,0.0504747626186905,0.0552096160426005,0.0047348534239100015
9709447a22235209aeac,2026-09-04T11:08:49Z,e564afb0a5ab84ab43befa56bdb90522,401858423,market_fpi_residual,home,False,21.0,37.0,loss,-1.0,-0.0,1.015384615384615,1.0125,0.002849002849002691,0.9538784067085954,0.9626064420584968,0.008728035349901409
7b3c1d2afa76323f25d4,2026-09-04T11:08:49Z,e564afb0a5ab84ab43befa56bdb90522,401858423,market_fpi_residual,away,False,21.0,37.0,win,20.0,0.0,21.0,26.0,-0.1923076923076923,0.0461215932914046,0.0373935579415032,-0.008728035349901395
09a99088f93eda87e54e,2026-09-04T11:08:49Z,e564afb0a5ab84ab43befa56bdb90522,401858423,market_public_ensemble,home,False,21.0,37.0,loss,-1.0,-0.0,1.015384615384615,1.0125,0.002849002849002691,0.9538784067085954,0.9626064420584968,0.008728035349901409
9d1c37ad88e4d418ae65,2026-09-04T11:08:49Z,e564afb0a5ab84ab43befa56bdb90522,401858423,market_public_ensemble,away,False,21.0,37.0,win,20.0,0.0,21.0,26.0,-0.1923076923076923,0.0461215932914046,0.0373935579415032,-0.008728035349901395
771da31ab1d3f3b3ab48,2026-09-04T11:08:49Z,e564afb0a5ab84ab43befa56bdb90522,401858423,fpi_only,home,False,21.0,37.0,loss,-1.0,-0.0,1.015384615384615,1.0125,0.002849002849002691,0.9538784067085954,0.9626064420584968,0.008728035349901409
b7d68f198c41cc813509,2026-09-04T11:08:49Z,e564afb0a5ab84ab43befa56bdb90522,401858423,fpi_only,away,False,21.0,37.0,win,20.0,0.0,21.0,26.0,-0.1923076923076923,0.0461215932914046,0.0373935579415032,-0.008728035349901395
f14a03abb1e41b3f14f0,2026-09-04T11:08:49Z,e564afb0a5ab84ab43befa56bdb90522,401858423,ratings_only,home,False,21.0,37.0,loss,-1.0,-0.0,1.015384615384615,1.0125,0.002849002849002691,0.9538784067085954,0.9626064420584968,0.008728035349901409
95e5767688e3e0422b0b,2026-09-04T11:08:49Z,e564afb0a5ab84ab43befa56bdb90522,401858423,ratings_only,away,False,21.0,37.0,win,20.0,0.0,21.0,26.0,-0.1923076923076923,0.0461215932914046,0.0373935579415032,-0.008728035349901395
e5cf09681d3e6890e766,2026-09-04T11:08:49Z,e564afb0a5ab84ab43befa56bdb90522,401858423,market_only,home,False,21.0,37.0,loss,-1.0,-0.0,1.015384615384615,1.0125,0.002849002849002691,0.9538784067085954,0.9626064420584968,0.008728035349901409
4802fb6824b122755420,2026-09-04T11:08:49Z,e564afb0a5ab84ab43befa56bdb90522,401858423,market_only,away,False,21.0,37.0,win,20.0,0.0,21.0,26.0,-0.1923076923076923,0.0461215932914046,0.0373935579415032,-0.008728035349901395
9a1ebe91bc88cead6e19,2026-09-04T11:08:49Z,f089e3d943a34a9c4fe1808568b96529,401858204,market_fpi_residual,home,False,38.0,16.0,win,0.045454545454545456,0.0,1.0454545454545454,1.04,0.005244755244755206,0.9270403542316592,0.9351620947630924,0.00812174053143322
2ef7f9ca0a53b839c1f2,2026-09-04T11:08:49Z,f089e3d943a34a9c4fe1808568b96529,401858204,market_fpi_residual,away,False,38.0,16.0,loss,-1.0,-0.0,15.0,17.0,-0.11764705882352944,0.0729596457683406,0.0648379052369076,-0.008121740531432997
b733bd2ebefb3b3c1ac7,2026-09-04T11:08:49Z,f089e3d943a34a9c4fe1808568b96529,401858204,market_public_ensemble,home,False,38.0,16.0,win,0.045454545454545456,0.0,1.0454545454545454,1.04,0.005244755244755206,0.9270403542316592,0.9351620947630924,0.00812174053143322
0b78fbf2525323877089,2026-09-04T11:08:49Z,f089e3d943a34a9c4fe1808568b96529,401858204,market_public_ensemble,away,False,38.0,16.0,loss,-1.0,-0.0,15.0,17.0,-0.11764705882352944,0.0729596457683406,0.0648379052369076,-0.008121740531432997
8112810b079ebf1cdbd8,2026-09-04T11:08:49Z,f089e3d943a34a9c4fe1808568b96529,401858204,fpi_only,home,False,38.0,16.0,win,0.045454545454545456,0.0,1.0454545454545454,1.04,0.005244755244755206,0.9270403542316592,0.9351620947630924,0.00812174053143322
17f7ad08b7c0d7d9f568,2026-09-04T11:08:49Z,f089e3d943a34a9c4fe1808568b96529,401858204,fpi_only,away,False,38.0,16.0,loss,-1.0,-0.0,15.0,17.0,-0.11764705882352944,0.0729596457683406,0.0648379052369076,-0.008121740531432997
7d4b8b117e6b5fc1c199,2026-09-04T11:08:49Z,f089e3d943a34a9c4fe1808568b96529,401858204,ratings_only,home,False,38.0,16.0,win,0.045454545454545456,0.0,1.0454545454545454,1.04,0.005244755244755206,0.9270403542316592,0.9351620947630924,0.00812174053143322
304c5a4475d94679428e,2026-09-04T11:08:49Z,f089e3d943a34a9c4fe1808568b96529,401858204,ratings_only,away,False,38.0,16.0,loss,-1.0,-0.0,15.0,17.0,-0.11764705882352944,0.0729596457683406,0.0648379052369076,-0.008121740531432997
060da299ff14b8159fe5,2026-09-04T11:08:49Z,f089e3d943a34a9c4fe1808568b96529,401858204,market_only,home,False,38.0,16.0,win,0.045454545454545456,0.0,1.0454545454545454,1.04,0.005244755244755206,0.9270403542316592,0.9351620947630924,0.00812174053143322
c649d5fdf0a831e73ed5,2026-09-04T11:08:49Z,f089e3d943a34a9c4fe1808568b96529,401858204,market_only,away,False,38.0,16.0,loss,-1.0,-0.0,15.0,17.0,-0.11764705882352944,0.0729596457683406,0.0648379052369076,-0.008121740531432997
16b23d9b9ca4a28b7169,2026-09-04T11:08:49Z,2f02052c3228ed6d9dc2e8ff8cdf5cdd,401866409,market_fpi_residual,home,False,21.0,17.0,win,0.014285714285714285,0.0,1.0142857142857142,1.0833333333333333,-0.06373626373626373,0.9558802416408552,0.8986300147451887,-0.0572502268956665
0f5bb0d1bacbd53d6c67,2026-09-04T11:08:49Z,2f02052c3228ed6d9dc2e8ff8cdf5cdd,401866409,market_fpi_residual,away,False,21.0,17.0,loss,-1.0,-0.0,23.0,9.9,1.323232323232323,0.0441197583591448,0.1013699852548113,0.05725022689566651
9a861199d54841262c17,2026-09-04T11:08:49Z,2f02052c3228ed6d9dc2e8ff8cdf5cdd,401866409,market_public_ensemble,home,False,21.0,17.0,win,0.014285714285714285,0.0,1.0142857142857142,1.0833333333333333,-0.06373626373626373,0.9558802416408552,0.8986300147451887,-0.0572502268956665
1b5fed97cd495de6ebaf,2026-09-04T11:08:49Z,2f02052c3228ed6d9dc2e8ff8cdf5cdd,401866409,market_public_ensemble,away,False,21.0,17.0,loss,-1.0,-0.0,23.0,9.9,1.323232323232323,0.0441197583591448,0.1013699852548113,0.05725022689566651
872dbcc46bd1e9992eb8,2026-09-04T11:08:49Z,2f02052c3228ed6d9dc2e8ff8cdf5cdd,401866409,fpi_only,home,False,21.0,17.0,win,0.014285714285714285,0.0,1.0142857142857142,1.0833333333333333,-0.06373626373626373,0.9558802416408552,0.8986300147451887,-0.0572502268956665
a5155ba99c198571b8be,2026-09-04T11:08:49Z,2f02052c3228ed6d9dc2e8ff8cdf5cdd,401866409,fpi_only,away,False,21.0,17.0,loss,-1.0,-0.0,23.0,9.9,1.323232323232323,0.0441197583591448,0.1013699852548113,0.05725022689566651
f881a48236171df8a5fb,2026-09-04T11:08:49Z,2f02052c3228ed6d9dc2e8ff8cdf5cdd,401866409,market_only,home,False,21.0,17.0,win,0.014285714285714285,0.0,1.0142857142857142,1.0833333333333333,-0.06373626373626373,0.9558802416408552,0.8986300147451887,-0.0572502268956665
820495c66d0e852c2351,2026-09-04T11:08:49Z,2f02052c3228ed6d9dc2e8ff8cdf5cdd,401866409,market_only,away,False,21.0,17.0,loss,-1.0,-0.0,23.0,9.9,1.323232323232323,0.0441197583591448,0.1013699852548113,0.05725022689566651
7de7f5259f17bd87c02b,2026-09-04T11:08:49Z,99279326548a5f5399cc9a2efe27a057,401864424,market_fpi_residual,home,False,42.0,7.0,win,0.01,0.0,1.01,1.01,0.0,0.9648080707189616,0.9711510996858042,0.006343028966842579
4c0d01ee1e69eda587b7,2026-09-04T11:08:49Z,99279326548a5f5399cc9a2efe27a057,401864424,market_fpi_residual,away,False,42.0,7.0,loss,-1.0,-0.0,31.0,36.0,-0.13888888888888884,0.0351919292810385,0.0288489003141958,-0.0063430289668427
f88e32d0322bded88dbc,2026-09-04T11:08:49Z,99279326548a5f5399cc9a2efe27a057,401864424,market_public_ensemble,home,False,42.0,7.0,win,0.01,0.0,1.01,1.01,0.0,0.9648080707189616,0.9711510996858042,0.006343028966842579
d9894aaf02d175416af1,2026-09-04T11:08:49Z,99279326548a5f5399cc9a2efe27a057,401864424,market_public_ensemble,away,False,42.0,7.0,loss,-1.0,-0.0,31.0,36.0,-0.13888888888888884,0.0351919292810385,0.0288489003141958,-0.0063430289668427
401cca14fe0ccab13a0c,2026-09-04T11:08:49Z,99279326548a5f5399cc9a2efe27a057,401864424,fpi_only,home,False,42.0,7.0,win,0.01,0.0,1.01,1.01,0.0,0.9648080707189616,0.9711510996858042,0.006343028966842579
8323ecc268a24abc76ce,2026-09-04T11:08:49Z,99279326548a5f5399cc9a2efe27a057,401864424,fpi_only,away,False,42.0,7.0,loss,-1.0,-0.0,31.0,36.0,-0.13888888888888884,0.0351919292810385,0.0288489003141958,-0.0063430289668427
461df94feded6c7e371c,2026-09-04T11:08:49Z,99279326548a5f5399cc9a2efe27a057,401864424,market_only,home,False,42.0,7.0,win,0.01,0.0,1.01,1.01,0.0,0.9648080707189616,0.9711510996858042,0.006343028966842579
c847646fe87f2c0b8d00,2026-09-04T11:08:49Z,99279326548a5f5399cc9a2efe27a057,401864424,market_only,away,False,42.0,7.0,loss,-1.0,-0.0,31.0,36.0,-0.13888888888888884,0.0351919292810385,0.0288489003141958,-0.0063430289668427
2d7781d79f31fab01477,2026-09-04T11:08:49Z,018e668269a3b5dc4055758ca86b1062,401864425,market_fpi_residual,home,False,47.0,0.0,win,0.02857142857142857,0.0,1.0285714285714285,1.04,-0.010989010989011172,0.9351384737244104,0.9338827461559928,-0.0012557275684176306
f2bd5fca9457f11605ba,2026-09-04T11:08:49Z,018e668269a3b5dc4055758ca86b1062,401864425,market_fpi_residual,away,False,47.0,0.0,loss,-1.0,-0.0,16.0,16.0,0.0,0.0648615262755896,0.0661172538440071,0.0012557275684175057
b36b8e2c15ca9a8d04f8,2026-09-04T11:08:49Z,018e668269a3b5dc4055758ca86b1062,401864425,market_public_ensemble,home,False,47.0,0.0,win,0.02857142857142857,0.0,1.0285714285714285,1.04,-0.010989010989011172,0.9351384737244104,0.9338827461559928,-0.0012557275684176306
93147436c380ee33115c,2026-09-04T11:08:49Z,018e668269a3b5dc4055758ca86b1062,401864425,market_public_ensemble,away,False,47.0,0.0,loss,-1.0,-0.0,16.0,16.0,0.0,0.0648615262755896,0.0661172538440071,0.0012557275684175057
71e1ed0aa0003d1ab412,2026-09-04T11:08:49Z,018e668269a3b5dc4055758ca86b1062,401864425,fpi_only,home,False,47.0,0.0,win,0.02857142857142857,0.0,1.0285714285714285,1.04,-0.010989010989011172,0.9351384737244104,0.9338827461559928,-0.0012557275684176306
556dc1efe31a9d2be0ed,2026-09-04T11:08:49Z,018e668269a3b5dc4055758ca86b1062,401864425,fpi_only,away,False,47.0,0.0,loss,-1.0,-0.0,16.0,16.0,0.0,0.0648615262755896,0.0661172538440071,0.0012557275684175057
921f414e8c6655bed2e7,2026-09-04T11:08:49Z,018e668269a3b5dc4055758ca86b1062,401864425,market_only,home,False,47.0,0.0,win,0.02857142857142857,0.0,1.0285714285714285,1.04,-0.010989010989011172,0.9351384737244104,0.9338827461559928,-0.0012557275684176306
fdb863e4acd14862344c,2026-09-04T11:08:49Z,018e668269a3b5dc4055758ca86b1062,401864425,market_only,away,False,47.0,0.0,loss,-1.0,-0.0,16.0,16.0,0.0,0.0648615262755896,0.0661172538440071,0.0012557275684175057
3d364f27318655a3ae83,2026-09-04T11:08:49Z,1d6daad1c93bf7e5ae16be1db12e27d5,401856776,market_fpi_residual,home,False,13.0,14.0,loss,-1.0,-0.0,1.4081632653061225,1.425531914893617,-0.012183978068839418,0.6907800182918863,0.6778846153846154,-0.01289540290727087
801baf080c943b71b23b,2026-09-04T11:08:49Z,1d6daad1c93bf7e5ae16be1db12e27d5,401856776,market_fpi_residual,away,False,13.0,14.0,win,2.2,0.0,3.2,3.1,0.032258064516129004,0.3092199817081137,0.3221153846153846,0.01289540290727087
4df7464d2634962304db,2026-09-04T11:08:49Z,1d6daad1c93bf7e5ae16be1db12e27d5,401856776,market_public_ensemble,home,False,13.0,14.0,loss,-1.0,-0.0,1.4081632653061225,1.425531914893617,-0.012183978068839418,0.6907800182918863,0.6778846153846154,-0.01289540290727087
869efbd8dd37620222b3,2026-09-04T11:08:49Z,1d6daad1c93bf7e5ae16be1db12e27d5,401856776,market_public_ensemble,away,False,13.0,14.0,win,2.2,0.0,3.2,3.1,0.032258064516129004,0.3092199817081137,0.3221153846153846,0.01289540290727087
f664bb2ee3377d137320,2026-09-04T11:08:49Z,1d6daad1c93bf7e5ae16be1db12e27d5,401856776,fpi_only,home,False,13.0,14.0,loss,-1.0,-0.0,1.4081632653061225,1.425531914893617,-0.012183978068839418,0.6907800182918863,0.6778846153846154,-0.01289540290727087
52862eb7a3065ab04e29,2026-09-04T11:08:49Z,1d6daad1c93bf7e5ae16be1db12e27d5,401856776,fpi_only,away,False,13.0,14.0,win,2.2,0.0,3.2,3.1,0.032258064516129004,0.3092199817081137,0.3221153846153846,0.01289540290727087
cdc96ffcedaddc27a62a,2026-09-04T11:08:49Z,1d6daad1c93bf7e5ae16be1db12e27d5,401856776,ratings_only,home,False,13.0,14.0,loss,-1.0,-0.0,1.4081632653061225,1.425531914893617,-0.012183978068839418,0.6907800182918863,0.6778846153846154,-0.01289540290727087
d3d08d70ddf96170eea6,2026-09-04T11:08:49Z,1d6daad1c93bf7e5ae16be1db12e27d5,401856776,ratings_only,away,False,13.0,14.0,win,2.2,0.0,3.2,3.1,0.032258064516129004,0.3092199817081137,0.3221153846153846,0.01289540290727087
a695f01eb84172521d6d,2026-09-04T11:08:49Z,1d6daad1c93bf7e5ae16be1db12e27d5,401856776,market_only,home,False,13.0,14.0,loss,-1.0,-0.0,1.4081632653061225,1.425531914893617,-0.012183978068839418,0.6907800182918863,0.6778846153846154,-0.01289540290727087
21a042ffb5e73461d673,2026-09-04T11:08:49Z,1d6daad1c93bf7e5ae16be1db12e27d5,401856776,market_only,away,False,13.0,14.0,win,2.2,0.0,3.2,3.1,0.032258064516129004,0.3092199817081137,0.3221153846153846,0.01289540290727087
923cf30cb65c82fd8b27,2026-09-04T11:08:49Z,86e3c86de584357bb263fa4ae819ed30,401856768,market_fpi_residual,home,False,66.0,14.0,win,0.0033333333333333335,0.0,1.0033333333333334,1.002,0.0013306719893546592,0.9761285000236988,0.9807409402558572,0.0046124402321584546
66e2ed346545c0db0dba,2026-09-04T11:08:49Z,86e3c86de584357bb263fa4ae819ed30,401856768,market_fpi_residual,away,False,66.0,14.0,loss,-1.0,-0.0,41.0,51.0,-0.196078431372549,0.0238714999763012,0.0192590597441426,-0.0046124402321586
e8bf75064af8061c04a6,2026-09-04T11:08:49Z,86e3c86de584357bb263fa4ae819ed30,401856768,market_public_ensemble,home,False,66.0,14.0,win,0.0033333333333333335,0.0,1.0033333333333334,1.002,0.0013306719893546592,0.9761285000236988,0.9807409402558572,0.0046124402321584546
b7c8803d3d74982a64ab,2026-09-04T11:08:49Z,86e3c86de584357bb263fa4ae819ed30,401856768,market_public_ensemble,away,False,66.0,14.0,loss,-1.0,-0.0,41.0,51.0,-0.196078431372549,0.0238714999763012,0.0192590597441426,-0.0046124402321586
1a95a518764c7d25c886,2026-09-04T11:08:49Z,86e3c86de584357bb263fa4ae819ed30,401856768,fpi_only,home,False,66.0,14.0,win,0.0033333333333333335,0.0,1.0033333333333334,1.002,0.0013306719893546592,0.9761285000236988,0.9807409402558572,0.0046124402321584546
eaf0ac11bc76486b0bad,2026-09-04T11:08:49Z,86e3c86de584357bb263fa4ae819ed30,401856768,fpi_only,away,False,66.0,14.0,loss,-1.0,-0.0,41.0,51.0,-0.196078431372549,0.0238714999763012,0.0192590597441426,-0.0046124402321586
aab914d564140abdba34,2026-09-04T11:08:49Z,86e3c86de584357bb263fa4ae819ed30,401856768,market_only,home,False,66.0,14.0,win,0.0033333333333333335,0.0,1.0033333333333334,1.002,0.0013306719893546592,0.9761285000236988,0.9807409402558572,0.0046124402321584546
12274547619732c3d0e4,2026-09-04T11:08:49Z,86e3c86de584357bb263fa4ae819ed30,401856768,market_only,away,False,66.0,14.0,loss,-1.0,-0.0,41.0,51.0,-0.196078431372549,0.0238714999763012,0.0192590597441426,-0.0046124402321586
dbcb854e13813dde097b,2026-09-04T11:08:49Z,1697069330d0343bdf7930ac0b0c3863,401858424,market_fpi_residual,home,False,42.0,23.0,win,0.02,0.0,1.02,1.022222222222222,-0.0021739130434779153,0.9495252373813096,0.9447903839573994,-0.0047348534239101125
18411ee2bcd6575a848f,2026-09-04T11:08:49Z,1697069330d0343bdf7930ac0b0c3863,401858424,market_fpi_residual,away,False,42.0,23.0,loss,-1.0,-0.0,31.0,21.0,0.4761904761904763,0.0504747626186905,0.0552096160426005,0.0047348534239100015
7380a03f489c35c5859f,2026-09-04T11:08:49Z,1697069330d0343bdf7930ac0b0c3863,401858424,market_public_ensemble,home,False,42.0,23.0,win,0.02,0.0,1.02,1.022222222222222,-0.0021739130434779153,0.9495252373813096,0.9447903839573994,-0.0047348534239101125
95a44816e0f810c55cb8,2026-09-04T11:08:49Z,1697069330d0343bdf7930ac0b0c3863,401858424,market_public_ensemble,away,False,42.0,23.0,loss,-1.0,-0.0,31.0,21.0,0.4761904761904763,0.0504747626186905,0.0552096160426005,0.0047348534239100015
d414ba61dce1cb20d8e8,2026-09-04T11:08:49Z,1697069330d0343bdf7930ac0b0c3863,401858424,fpi_only,home,False,42.0,23.0,win,0.02,0.0,1.02,1.022222222222222,-0.0021739130434779153,0.9495252373813096,0.9447903839573994,-0.0047348534239101125
31fd1d925d29f3463dd1,2026-09-04T11:08:49Z,1697069330d0343bdf7930ac0b0c3863,401858424,fpi_only,away,False,42.0,23.0,loss,-1.0,-0.0,31.0,21.0,0.4761904761904763,0.0504747626186905,0.0552096160426005,0.0047348534239100015
e85383828681d70f4d89,2026-09-04T11:08:49Z,1697069330d0343bdf7930ac0b0c3863,401858424,ratings_only,home,False,42.0,23.0,win,0.02,0.0,1.02,1.022222222222222,-0.0021739130434779153,0.9495252373813096,0.9447903839573994,-0.0047348534239101125
38a395c8f79854d7bfd0,2026-09-04T11:08:49Z,1697069330d0343bdf7930ac0b0c3863,401858424,ratings_only,away,False,42.0,23.0,loss,-1.0,-0.0,31.0,21.0,0.4761904761904763,0.0504747626186905,0.0552096160426005,0.0047348534239100015
d95905c11ced707ad478,2026-09-04T11:08:49Z,1697069330d0343bdf7930ac0b0c3863,401858424,market_only,home,False,42.0,23.0,win,0.02,0.0,1.02,1.022222222222222,-0.0021739130434779153,0.9495252373813096,0.9447903839573994,-0.0047348534239101125
16de6319700e132799f8,2026-09-04T11:08:49Z,1697069330d0343bdf7930ac0b0c3863,401858424,market_only,away,False,42.0,23.0,loss,-1.0,-0.0,31.0,21.0,0.4761904761904763,0.0504747626186905,0.0552096160426005,0.0047348534239100015
73989c376b66a2cee082,2026-09-04T11:08:49Z,e564afb0a5ab84ab43befa56bdb90522,401858423,market_fpi_residual,home,False,21.0,37.0,loss,-1.0,-0.0,1.015384615384615,1.0125,0.002849002849002691,0.9538784067085954,0.9626064420584968,0.008728035349901409
c196eeec7f80b28c5235,2026-09-04T11:08:49Z,e564afb0a5ab84ab43befa56bdb90522,401858423,market_fpi_residual,away,False,21.0,37.0,win,20.0,0.0,21.0,26.0,-0.1923076923076923,0.0461215932914046,0.0373935579415032,-0.008728035349901395
5dee41c1927a266e0656,2026-09-04T11:08:49Z,e564afb0a5ab84ab43befa56bdb90522,401858423,market_public_ensemble,home,False,21.0,37.0,loss,-1.0,-0.0,1.015384615384615,1.0125,0.002849002849002691,0.9538784067085954,0.9626064420584968,0.008728035349901409
d53bb4623d6db860808b,2026-09-04T11:08:49Z,e564afb0a5ab84ab43befa56bdb90522,401858423,market_public_ensemble,away,False,21.0,37.0,win,20.0,0.0,21.0,26.0,-0.1923076923076923,0.0461215932914046,0.0373935579415032,-0.008728035349901395
f39736736093a0e0cb85,2026-09-04T11:08:49Z,e564afb0a5ab84ab43befa56bdb90522,401858423,fpi_only,home,False,21.0,37.0,loss,-1.0,-0.0,1.015384615384615,1.0125,0.002849002849002691,0.9538784067085954,0.9626064420584968,0.008728035349901409
6f67ce17d02fd4db6548,2026-09-04T11:08:49Z,e564afb0a5ab84ab43befa56bdb90522,401858423,fpi_only,away,False,21.0,37.0,win,20.0,0.0,21.0,26.0,-0.1923076923076923,0.0461215932914046,0.0373935579415032,-0.008728035349901395
4d68774f4d2ba0939bac,2026-09-04T11:08:49Z,e564afb0a5ab84ab43befa56bdb90522,401858423,ratings_only,home,False,21.0,37.0,loss,-1.0,-0.0,1.015384615384615,1.0125,0.002849002849002691,0.9538784067085954,0.9626064420584968,0.008728035349901409
c9a039c0a71bf3c6f462,2026-09-04T11:08:49Z,e564afb0a5ab84ab43befa56bdb90522,401858423,ratings_only,away,False,21.0,37.0,win,20.0,0.0,21.0,26.0,-0.1923076923076923,0.0461215932914046,0.0373935579415032,-0.008728035349901395
670beb1b1ffc747e8cb4,2026-09-04T11:08:49Z,e564afb0a5ab84ab43befa56bdb90522,401858423,market_only,home,False,21.0,37.0,loss,-1.0,-0.0,1.015384615384615,1.0125,0.002849002849002691,0.9538784067085954,0.9626064420584968,0.008728035349901409
d94b28b2a761c03e12e5,2026-09-04T11:08:49Z,e564afb0a5ab84ab43befa56bdb90522,401858423,market_only,away,False,21.0,37.0,win,20.0,0.0,21.0,26.0,-0.1923076923076923,0.0461215932914046,0.0373935579415032,-0.008728035349901395
9c0023ea1d24d6b6fb54,2026-09-04T11:08:49Z,f089e3d943a34a9c4fe1808568b96529,401858204,market_fpi_residual,home,False,38.0,16.0,win,0.045454545454545456,0.0,1.0454545454545454,1.04,0.005244755244755206,0.9270403542316592,0.9351620947630924,0.00812174053143322
dc3d68bda9e96d83c2c6,2026-09-04T11:08:49Z,f089e3d943a34a9c4fe1808568b96529,401858204,market_fpi_residual,away,False,38.0,16.0,loss,-1.0,-0.0,15.0,17.0,-0.11764705882352944,0.0729596457683406,0.0648379052369076,-0.008121740531432997
840507641fe4817fbec0,2026-09-04T11:08:49Z,f089e3d943a34a9c4fe1808568b96529,401858204,market_public_ensemble,home,False,38.0,16.0,win,0.045454545454545456,0.0,1.0454545454545454,1.04,0.005244755244755206,0.9270403542316592,0.9351620947630924,0.00812174053143322
5c2e6e2070b4c8e09430,2026-09-04T11:08:49Z,f089e3d943a34a9c4fe1808568b96529,401858204,market_public_ensemble,away,False,38.0,16.0,loss,-1.0,-0.0,15.0,17.0,-0.11764705882352944,0.0729596457683406,0.0648379052369076,-0.008121740531432997
4fe4641c6782d7446981,2026-09-04T11:08:49Z,f089e3d943a34a9c4fe1808568b96529,401858204,fpi_only,home,False,38.0,16.0,win,0.045454545454545456,0.0,1.0454545454545454,1.04,0.005244755244755206,0.9270403542316592,0.9351620947630924,0.00812174053143322
4816aa330b4d560a29c2,2026-09-04T11:08:49Z,f089e3d943a34a9c4fe1808568b96529,401858204,fpi_only,away,False,38.0,16.0,loss,-1.0,-0.0,15.0,17.0,-0.11764705882352944,0.0729596457683406,0.0648379052369076,-0.008121740531432997
8f5d1ccbba7c39afa541,2026-09-04T11:08:49Z,f089e3d943a34a9c4fe1808568b96529,401858204,ratings_only,home,False,38.0,16.0,win,0.045454545454545456,0.0,1.0454545454545454,1.04,0.005244755244755206,0.9270403542316592,0.9351620947630924,0.00812174053143322
58933b3db4fdefaf46ed,2026-09-04T11:08:49Z,f089e3d943a34a9c4fe1808568b96529,401858204,ratings_only,away,False,38.0,16.0,loss,-1.0,-0.0,15.0,17.0,-0.11764705882352944,0.0729596457683406,0.0648379052369076,-0.008121740531432997
d15ce1484f1cd9e3a775,2026-09-04T11:08:49Z,f089e3d943a34a9c4fe1808568b96529,401858204,market_only,home,False,38.0,16.0,win,0.045454545454545456,0.0,1.0454545454545454,1.04,0.005244755244755206,0.9270403542316592,0.9351620947630924,0.00812174053143322
e10da9c1d80100867537,2026-09-04T11:08:49Z,f089e3d943a34a9c4fe1808568b96529,401858204,market_only,away,False,38.0,16.0,loss,-1.0,-0.0,15.0,17.0,-0.11764705882352944,0.0729596457683406,0.0648379052369076,-0.008121740531432997
d05cdb6eabfb0b780843,2026-09-04T11:08:49Z,2f02052c3228ed6d9dc2e8ff8cdf5cdd,401866409,market_fpi_residual,home,False,21.0,17.0,win,0.014285714285714285,0.0,1.0142857142857142,1.0833333333333333,-0.06373626373626373,0.9558802416408552,0.8986300147451887,-0.0572502268956665
c55fd5ffb5bc9bd759ba,2026-09-04T11:08:49Z,2f02052c3228ed6d9dc2e8ff8cdf5cdd,401866409,market_fpi_residual,away,False,21.0,17.0,loss,-1.0,-0.0,23.0,9.9,1.323232323232323,0.0441197583591448,0.1013699852548113,0.05725022689566651
6ebe56964ba090286331,2026-09-04T11:08:49Z,2f02052c3228ed6d9dc2e8ff8cdf5cdd,401866409,market_public_ensemble,home,False,21.0,17.0,win,0.014285714285714285,0.0,1.0142857142857142,1.0833333333333333,-0.06373626373626373,0.9558802416408552,0.8986300147451887,-0.0572502268956665
aea14c00e511afbaafca,2026-09-04T11:08:49Z,2f02052c3228ed6d9dc2e8ff8cdf5cdd,401866409,market_public_ensemble,away,False,21.0,17.0,loss,-1.0,-0.0,23.0,9.9,1.323232323232323,0.0441197583591448,0.1013699852548113,0.05725022689566651
d7cb84d96f1335b2bb5e,2026-09-04T11:08:49Z,2f02052c3228ed6d9dc2e8ff8cdf5cdd,401866409,fpi_only,home,False,21.0,17.0,win,0.014285714285714285,0.0,1.0142857142857142,1.0833333333333333,-0.06373626373626373,0.9558802416408552,0.8986300147451887,-0.0572502268956665
36b7526e09261e08b5ca,2026-09-04T11:08:49Z,2f02052c3228ed6d9dc2e8ff8cdf5cdd,401866409,fpi_only,away,False,21.0,17.0,loss,-1.0,-0.0,23.0,9.9,1.323232323232323,0.0441197583591448,0.1013699852548113,0.05725022689566651
90367944ce6cba3ebc84,2026-09-04T11:08:49Z,2f02052c3228ed6d9dc2e8ff8cdf5cdd,401866409,market_only,home,False,21.0,17.0,win,0.014285714285714285,0.0,1.0142857142857142,1.0833333333333333,-0.06373626373626373,0.9558802416408552,0.8986300147451887,-0.0572502268956665
ac1d125765e2673f97de,2026-09-04T11:08:49Z,2f02052c3228ed6d9dc2e8ff8cdf5cdd,401866409,market_only,away,False,21.0,17.0,loss,-1.0,-0.0,23.0,9.9,1.323232323232323,0.0441197583591448,0.1013699852548113,0.05725022689566651
52c9168fe379751a1265,2026-09-04T11:08:49Z,99279326548a5f5399cc9a2efe27a057,401864424,market_fpi_residual,home,False,42.0,7.0,win,0.01,0.0,1.01,1.01,0.0,0.9648080707189616,0.9711510996858042,0.006343028966842579
730200dfcd29d5b95a76,2026-09-04T11:08:49Z,99279326548a5f5399cc9a2efe27a057,401864424,market_fpi_residual,away,False,42.0,7.0,loss,-1.0,-0.0,31.0,36.0,-0.13888888888888884,0.0351919292810385,0.0288489003141958,-0.0063430289668427
6169227e03cbbb7694b7,2026-09-04T11:08:49Z,99279326548a5f5399cc9a2efe27a057,401864424,market_public_ensemble,home,False,42.0,7.0,win,0.01,0.0,1.01,1.01,0.0,0.9648080707189616,0.9711510996858042,0.006343028966842579
dcdadfbeca39f54da726,2026-09-04T11:08:49Z,99279326548a5f5399cc9a2efe27a057,401864424,market_public_ensemble,away,False,42.0,7.0,loss,-1.0,-0.0,31.0,36.0,-0.13888888888888884,0.0351919292810385,0.0288489003141958,-0.0063430289668427
2468c59935f91793ae9a,2026-09-04T11:08:49Z,99279326548a5f5399cc9a2efe27a057,401864424,fpi_only,home,False,42.0,7.0,win,0.01,0.0,1.01,1.01,0.0,0.9648080707189616,0.9711510996858042,0.006343028966842579
18f4a2169e2be0362289,2026-09-04T11:08:49Z,99279326548a5f5399cc9a2efe27a057,401864424,fpi_only,away,False,42.0,7.0,loss,-1.0,-0.0,31.0,36.0,-0.13888888888888884,0.0351919292810385,0.0288489003141958,-0.0063430289668427
db057b12531d080cf06f,2026-09-04T11:08:50Z,99279326548a5f5399cc9a2efe27a057,401864424,market_only,home,False,42.0,7.0,win,0.01,0.0,1.01,1.01,0.0,0.9648080707189616,0.9711510996858042,0.006343028966842579
0f1e4a702f2f2d432acc,2026-09-04T11:08:50Z,99279326548a5f5399cc9a2efe27a057,401864424,market_only,away,False,42.0,7.0,loss,-1.0,-0.0,31.0,36.0,-0.13888888888888884,0.0351919292810385,0.0288489003141958,-0.0063430289668427
17f75c4bf4bf08a307fd,2026-09-04T11:08:50Z,018e668269a3b5dc4055758ca86b1062,401864425,market_fpi_residual,home,False,47.0,0.0,win,0.02857142857142857,0.0,1.0285714285714285,1.04,-0.010989010989011172,0.9351384737244104,0.9338827461559928,-0.0012557275684176306
aa2ef41eca232abdc844,2026-09-04T11:08:50Z,018e668269a3b5dc4055758ca86b1062,401864425,market_fpi_residual,away,False,47.0,0.0,loss,-1.0,-0.0,16.0,16.0,0.0,0.0648615262755896,0.0661172538440071,0.0012557275684175057
f44861dcd895409c46e1,2026-09-04T11:08:50Z,018e668269a3b5dc4055758ca86b1062,401864425,market_public_ensemble,home,False,47.0,0.0,win,0.02857142857142857,0.0,1.0285714285714285,1.04,-0.010989010989011172,0.9351384737244104,0.9338827461559928,-0.0012557275684176306
28fbbd01926ae6c543f3,2026-09-04T11:08:50Z,018e668269a3b5dc4055758ca86b1062,401864425,market_public_ensemble,away,False,47.0,0.0,loss,-1.0,-0.0,16.0,16.0,0.0,0.0648615262755896,0.0661172538440071,0.0012557275684175057
bca4ddcf2f6535cb457b,2026-09-04T11:08:50Z,018e668269a3b5dc4055758ca86b1062,401864425,fpi_only,home,False,47.0,0.0,win,0.02857142857142857,0.0,1.0285714285714285,1.04,-0.010989010989011172,0.9351384737244104,0.9338827461559928,-0.0012557275684176306
57dba9f9ac6da5c45d31,2026-09-04T11:08:50Z,018e668269a3b5dc4055758ca86b1062,401864425,fpi_only,away,False,47.0,0.0,loss,-1.0,-0.0,16.0,16.0,0.0,0.0648615262755896,0.0661172538440071,0.0012557275684175057
403c505fe3636cad7f2a,2026-09-04T11:08:50Z,018e668269a3b5dc4055758ca86b1062,401864425,market_only,home,False,47.0,0.0,win,0.02857142857142857,0.0,1.0285714285714285,1.04,-0.010989010989011172,0.9351384737244104,0.9338827461559928,-0.0012557275684176306
ff58c19d62be076f872c,2026-09-04T11:08:50Z,018e668269a3b5dc4055758ca86b1062,401864425,market_only,away,False,47.0,0.0,loss,-1.0,-0.0,16.0,16.0,0.0,0.0648615262755896,0.0661172538440071,0.0012557275684175057
eb823a038eeee611e346,2026-09-04T11:08:50Z,1d6daad1c93bf7e5ae16be1db12e27d5,401856776,market_fpi_residual,home,False,13.0,14.0,loss,-1.0,-0.0,1.4081632653061225,1.425531914893617,-0.012183978068839418,0.6907800182918863,0.6778846153846154,-0.01289540290727087
5b11014a1fdb1d858be3,2026-09-04T11:08:50Z,1d6daad1c93bf7e5ae16be1db12e27d5,401856776,market_fpi_residual,away,False,13.0,14.0,win,2.2,0.0,3.2,3.1,0.032258064516129004,0.3092199817081137,0.3221153846153846,0.01289540290727087
8e6dfbcd699dcd44a318,2026-09-04T11:08:50Z,1d6daad1c93bf7e5ae16be1db12e27d5,401856776,market_public_ensemble,home,False,13.0,14.0,loss,-1.0,-0.0,1.4081632653061225,1.425531914893617,-0.012183978068839418,0.6907800182918863,0.6778846153846154,-0.01289540290727087
7da7ef87141cec63dc6b,2026-09-04T11:08:50Z,1d6daad1c93bf7e5ae16be1db12e27d5,401856776,market_public_ensemble,away,False,13.0,14.0,win,2.2,0.0,3.2,3.1,0.032258064516129004,0.3092199817081137,0.3221153846153846,0.01289540290727087
ff9db33b6bef99463e15,2026-09-04T11:08:50Z,1d6daad1c93bf7e5ae16be1db12e27d5,401856776,fpi_only,home,False,13.0,14.0,loss,-1.0,-0.0,1.4081632653061225,1.425531914893617,-0.012183978068839418,0.6907800182918863,0.6778846153846154,-0.01289540290727087
68c8296b124e663d5171,2026-09-04T11:08:50Z,1d6daad1c93bf7e5ae16be1db12e27d5,401856776,fpi_only,away,False,13.0,14.0,win,2.2,0.0,3.2,3.1,0.032258064516129004,0.3092199817081137,0.3221153846153846,0.01289540290727087
8ecc193ca1107d07a257,2026-09-04T11:08:50Z,1d6daad1c93bf7e5ae16be1db12e27d5,401856776,ratings_only,home,False,13.0,14.0,loss,-1.0,-0.0,1.4081632653061225,1.425531914893617,-0.012183978068839418,0.6907800182918863,0.6778846153846154,-0.01289540290727087
d38d6595703cecae55cb,2026-09-04T11:08:50Z,1d6daad1c93bf7e5ae16be1db12e27d5,401856776,ratings_only,away,False,13.0,14.0,win,2.2,0.0,3.2,3.1,0.032258064516129004,0.3092199817081137,0.3221153846153846,0.01289540290727087
b1c8d428064fd3c32be5,2026-09-04T11:08:50Z,1d6daad1c93bf7e5ae16be1db12e27d5,401856776,market_only,home,False,13.0,14.0,loss,-1.0,-0.0,1.4081632653061225,1.425531914893617,-0.012183978068839418,0.6907800182918863,0.6778846153846154,-0.01289540290727087
dc2a34ec20fb2ba89de9,2026-09-04T11:08:50Z,1d6daad1c93bf7e5ae16be1db12e27d5,401856776,market_only,away,False,13.0,14.0,win,2.2,0.0,3.2,3.1,0.032258064516129004,0.3092199817081137,0.3221153846153846,0.01289540290727087
901521e49489002fcca1,2026-09-04T11:08:50Z,86e3c86de584357bb263fa4ae819ed30,401856768,market_fpi_residual,home,False,66.0,14.0,win,0.01,0.0,1.01,1.002,0.007984031936127733,0.9722801835520758,0.9807409402558572,0.008460756703781436
771839cc0363b2e5e02b,2026-09-04T11:08:50Z,86e3c86de584357bb263fa4ae819ed30,401856768,market_fpi_residual,away,False,66.0,14.0,loss,-1.0,-0.0,41.0,51.0,-0.196078431372549,0.0277198164479242,0.0192590597441426,-0.008460756703781599
a18f291c43fac0edc1da,2026-09-04T11:08:50Z,86e3c86de584357bb263fa4ae819ed30,401856768,market_public_ensemble,home,False,66.0,14.0,win,0.01,0.0,1.01,1.002,0.007984031936127733,0.9722801835520758,0.9807409402558572,0.008460756703781436
fdf63a5cb93bf36da875,2026-09-04T11:08:50Z,86e3c86de584357bb263fa4ae819ed30,401856768,market_public_ensemble,away,False,66.0,14.0,loss,-1.0,-0.0,41.0,51.0,-0.196078431372549,0.0277198164479242,0.0192590597441426,-0.008460756703781599
f04b42e5f1c8503c9954,2026-09-04T11:08:50Z,86e3c86de584357bb263fa4ae819ed30,401856768,fpi_only,home,False,66.0,14.0,win,0.01,0.0,1.01,1.002,0.007984031936127733,0.9722801835520758,0.9807409402558572,0.008460756703781436
90c61098d3754a93c548,2026-09-04T11:08:50Z,86e3c86de584357bb263fa4ae819ed30,401856768,fpi_only,away,False,66.0,14.0,loss,-1.0,-0.0,41.0,51.0,-0.196078431372549,0.0277198164479242,0.0192590597441426,-0.008460756703781599
67f28064a5ba2c0f1238,2026-09-04T11:08:50Z,86e3c86de584357bb263fa4ae819ed30,401856768,market_only,home,False,66.0,14.0,win,0.01,0.0,1.01,1.002,0.007984031936127733,0.9722801835520758,0.9807409402558572,0.008460756703781436
679b5a6f64a6df03c0d8,2026-09-04T11:08:50Z,86e3c86de584357bb263fa4ae819ed30,401856768,market_only,away,False,66.0,14.0,loss,-1.0,-0.0,41.0,51.0,-0.196078431372549,0.0277198164479242,0.0192590597441426,-0.008460756703781599
18dbc89dd78073e10f07,2026-09-04T11:08:50Z,1697069330d0343bdf7930ac0b0c3863,401858424,market_fpi_residual,home,False,42.0,23.0,win,0.02,0.0,1.02,1.022222222222222,-0.0021739130434779153,0.9495252373813096,0.9447903839573994,-0.0047348534239101125
fb80d924a62571d8e411,2026-09-04T11:08:50Z,1697069330d0343bdf7930ac0b0c3863,401858424,market_fpi_residual,away,False,42.0,23.0,loss,-1.0,-0.0,31.0,21.0,0.4761904761904763,0.0504747626186905,0.0552096160426005,0.0047348534239100015
19a9e9fabeed5f4b4e86,2026-09-04T11:08:50Z,1697069330d0343bdf7930ac0b0c3863,401858424,market_public_ensemble,home,False,42.0,23.0,win,0.02,0.0,1.02,1.022222222222222,-0.0021739130434779153,0.9495252373813096,0.9447903839573994,-0.0047348534239101125
fd350f7fc58eb15b8938,2026-09-04T11:08:50Z,1697069330d0343bdf7930ac0b0c3863,401858424,market_public_ensemble,away,False,42.0,23.0,loss,-1.0,-0.0,31.0,21.0,0.4761904761904763,0.0504747626186905,0.0552096160426005,0.0047348534239100015
6efbfd1b9c41fab6d2d2,2026-09-04T11:08:50Z,1697069330d0343bdf7930ac0b0c3863,401858424,fpi_only,home,False,42.0,23.0,win,0.02,0.0,1.02,1.022222222222222,-0.0021739130434779153,0.9495252373813096,0.9447903839573994,-0.0047348534239101125
45d09169fed72f3985f8,2026-09-04T11:08:50Z,1697069330d0343bdf7930ac0b0c3863,401858424,fpi_only,away,False,42.0,23.0,loss,-1.0,-0.0,31.0,21.0,0.4761904761904763,0.0504747626186905,0.0552096160426005,0.0047348534239100015
bbd94fb3d6bf9842fc5c,2026-09-04T11:08:50Z,1697069330d0343bdf7930ac0b0c3863,401858424,ratings_only,home,False,42.0,23.0,win,0.02,0.0,1.02,1.022222222222222,-0.0021739130434779153,0.9495252373813096,0.9447903839573994,-0.0047348534239101125
23a60a34aea099941d0c,2026-09-04T11:08:50Z,1697069330d0343bdf7930ac0b0c3863,401858424,ratings_only,away,False,42.0,23.0,loss,-1.0,-0.0,31.0,21.0,0.4761904761904763,0.0504747626186905,0.0552096160426005,0.0047348534239100015
c87ddc391f8453c54aaa,2026-09-04T11:08:50Z,1697069330d0343bdf7930ac0b0c3863,401858424,market_only,home,False,42.0,23.0,win,0.02,0.0,1.02,1.022222222222222,-0.0021739130434779153,0.9495252373813096,0.9447903839573994,-0.0047348534239101125
fe69cb12633c6ee425ae,2026-09-04T11:08:50Z,1697069330d0343bdf7930ac0b0c3863,401858424,market_only,away,False,42.0,23.0,loss,-1.0,-0.0,31.0,21.0,0.4761904761904763,0.0504747626186905,0.0552096160426005,0.0047348534239100015
ba53be41a372337c7097,2026-09-04T11:08:50Z,e564afb0a5ab84ab43befa56bdb90522,401858423,market_fpi_residual,home,False,21.0,37.0,loss,-1.0,-0.0,1.015384615384615,1.0125,0.002849002849002691,0.9538784067085954,0.9626064420584968,0.008728035349901409
2aec7fee8cc4f480b160,2026-09-04T11:08:50Z,e564afb0a5ab84ab43befa56bdb90522,401858423,market_fpi_residual,away,False,21.0,37.0,win,20.0,0.0,21.0,26.0,-0.1923076923076923,0.0461215932914046,0.0373935579415032,-0.008728035349901395
27e38fb5f412deb3d4fe,2026-09-04T11:08:50Z,e564afb0a5ab84ab43befa56bdb90522,401858423,market_public_ensemble,home,False,21.0,37.0,loss,-1.0,-0.0,1.015384615384615,1.0125,0.002849002849002691,0.9538784067085954,0.9626064420584968,0.008728035349901409
86391f4a51db7f651722,2026-09-04T11:08:50Z,e564afb0a5ab84ab43befa56bdb90522,401858423,market_public_ensemble,away,False,21.0,37.0,win,20.0,0.0,21.0,26.0,-0.1923076923076923,0.0461215932914046,0.0373935579415032,-0.008728035349901395
cb6f061932ce71b70e5c,2026-09-04T11:08:50Z,e564afb0a5ab84ab43befa56bdb90522,401858423,fpi_only,home,False,21.0,37.0,loss,-1.0,-0.0,1.015384615384615,1.0125,0.002849002849002691,0.9538784067085954,0.9626064420584968,0.008728035349901409
f7181f1fa653e774ab9a,2026-09-04T11:08:50Z,e564afb0a5ab84ab43befa56bdb90522,401858423,fpi_only,away,False,21.0,37.0,win,20.0,0.0,21.0,26.0,-0.1923076923076923,0.0461215932914046,0.0373935579415032,-0.008728035349901395
754ce607f9a57b58a8a8,2026-09-04T11:08:50Z,e564afb0a5ab84ab43befa56bdb90522,401858423,ratings_only,home,False,21.0,37.0,loss,-1.0,-0.0,1.015384615384615,1.0125,0.002849002849002691,0.9538784067085954,0.9626064420584968,0.008728035349901409
aa3c4ac6037f920f194c,2026-09-04T11:08:50Z,e564afb0a5ab84ab43befa56bdb90522,401858423,ratings_only,away,False,21.0,37.0,win,20.0,0.0,21.0,26.0,-0.1923076923076923,0.0461215932914046,0.0373935579415032,-0.008728035349901395
651a1c9a6bed0108811f,2026-09-04T11:08:50Z,e564afb0a5ab84ab43befa56bdb90522,401858423,market_only,home,False,21.0,37.0,loss,-1.0,-0.0,1.015384615384615,1.0125,0.002849002849002691,0.9538784067085954,0.9626064420584968,0.008728035349901409
a9026967a02fc727d142,2026-09-04T11:08:50Z,e564afb0a5ab84ab43befa56bdb90522,401858423,market_only,away,False,21.0,37.0,win,20.0,0.0,21.0,26.0,-0.1923076923076923,0.0461215932914046,0.0373935579415032,-0.008728035349901395
131155b07b3b51e82abb,2026-09-04T11:08:50Z,f089e3d943a34a9c4fe1808568b96529,401858204,market_fpi_residual,home,False,38.0,16.0,win,0.03571428571428571,0.0,1.0357142857142858,1.04,-0.004120879120879106,0.9270403542316592,0.9351620947630924,0.00812174053143322
f1a7e84179fe289620af,2026-09-04T11:08:50Z,f089e3d943a34a9c4fe1808568b96529,401858204,market_fpi_residual,away,False,38.0,16.0,loss,-1.0,-0.0,15.0,17.0,-0.11764705882352944,0.0729596457683406,0.0648379052369076,-0.008121740531432997
b00adb04845a578d4dcd,2026-09-04T11:08:50Z,f089e3d943a34a9c4fe1808568b96529,401858204,market_public_ensemble,home,False,38.0,16.0,win,0.03571428571428571,0.0,1.0357142857142858,1.04,-0.004120879120879106,0.9270403542316592,0.9351620947630924,0.00812174053143322
21a271ef706de4ddb66d,2026-09-04T11:08:50Z,f089e3d943a34a9c4fe1808568b96529,401858204,market_public_ensemble,away,False,38.0,16.0,loss,-1.0,-0.0,15.0,17.0,-0.11764705882352944,0.0729596457683406,0.0648379052369076,-0.008121740531432997
fbd7500a76b2c8496117,2026-09-04T11:08:50Z,f089e3d943a34a9c4fe1808568b96529,401858204,fpi_only,home,False,38.0,16.0,win,0.03571428571428571,0.0,1.0357142857142858,1.04,-0.004120879120879106,0.9270403542316592,0.9351620947630924,0.00812174053143322
937c69782c3d42d95c2c,2026-09-04T11:08:50Z,f089e3d943a34a9c4fe1808568b96529,401858204,fpi_only,away,False,38.0,16.0,loss,-1.0,-0.0,15.0,17.0,-0.11764705882352944,0.0729596457683406,0.0648379052369076,-0.008121740531432997
39548a3612ba4e9df133,2026-09-04T11:08:50Z,f089e3d943a34a9c4fe1808568b96529,401858204,ratings_only,home,False,38.0,16.0,win,0.03571428571428571,0.0,1.0357142857142858,1.04,-0.004120879120879106,0.9270403542316592,0.9351620947630924,0.00812174053143322
9355aed9315a57ff2e24,2026-09-04T11:08:50Z,f089e3d943a34a9c4fe1808568b96529,401858204,ratings_only,away,False,38.0,16.0,loss,-1.0,-0.0,15.0,17.0,-0.11764705882352944,0.0729596457683406,0.0648379052369076,-0.008121740531432997
cd2a58acf1bf32dbaaea,2026-09-04T11:08:50Z,f089e3d943a34a9c4fe1808568b96529,401858204,market_only,home,False,38.0,16.0,win,0.03571428571428571,0.0,1.0357142857142858,1.04,-0.004120879120879106,0.9270403542316592,0.9351620947630924,0.00812174053143322
8752e8f05cd3edea4716,2026-09-04T11:08:50Z,f089e3d943a34a9c4fe1808568b96529,401858204,market_only,away,False,38.0,16.0,loss,-1.0,-0.0,15.0,17.0,-0.11764705882352944,0.0729596457683406,0.0648379052369076,-0.008121740531432997
fa6d8747adc54c00b0ff,2026-09-04T11:08:50Z,2f02052c3228ed6d9dc2e8ff8cdf5cdd,401866409,market_fpi_residual,home,False,21.0,17.0,win,0.014285714285714285,0.0,1.0142857142857142,1.0833333333333333,-0.06373626373626373,0.9558802416408552,0.8986300147451887,-0.0572502268956665
b96e6337348ef80447af,2026-09-04T11:08:50Z,2f02052c3228ed6d9dc2e8ff8cdf5cdd,401866409,market_fpi_residual,away,False,21.0,17.0,loss,-1.0,-0.0,23.0,9.9,1.323232323232323,0.0441197583591448,0.1013699852548113,0.05725022689566651
8e1a5ec7e6cddfca461e,2026-09-04T11:08:50Z,2f02052c3228ed6d9dc2e8ff8cdf5cdd,401866409,market_public_ensemble,home,False,21.0,17.0,win,0.014285714285714285,0.0,1.0142857142857142,1.0833333333333333,-0.06373626373626373,0.9558802416408552,0.8986300147451887,-0.0572502268956665
0988d9aaa8882f2c9373,2026-09-04T11:08:50Z,2f02052c3228ed6d9dc2e8ff8cdf5cdd,401866409,market_public_ensemble,away,False,21.0,17.0,loss,-1.0,-0.0,23.0,9.9,1.323232323232323,0.0441197583591448,0.1013699852548113,0.05725022689566651
f4d859d052b1ae77fb59,2026-09-04T11:08:50Z,2f02052c3228ed6d9dc2e8ff8cdf5cdd,401866409,fpi_only,home,False,21.0,17.0,win,0.014285714285714285,0.0,1.0142857142857142,1.0833333333333333,-0.06373626373626373,0.9558802416408552,0.8986300147451887,-0.0572502268956665
7c75ffcd8633fdf61e83,2026-09-04T11:08:50Z,2f02052c3228ed6d9dc2e8ff8cdf5cdd,401866409,fpi_only,away,False,21.0,17.0,loss,-1.0,-0.0,23.0,9.9,1.323232323232323,0.0441197583591448,0.1013699852548113,0.05725022689566651
a753c75184d8b0368762,2026-09-04T11:08:50Z,2f02052c3228ed6d9dc2e8ff8cdf5cdd,401866409,market_only,home,False,21.0,17.0,win,0.014285714285714285,0.0,1.0142857142857142,1.0833333333333333,-0.06373626373626373,0.9558802416408552,0.8986300147451887,-0.0572502268956665
2de090b5b65879434dd9,2026-09-04T11:08:50Z,2f02052c3228ed6d9dc2e8ff8cdf5cdd,401866409,market_only,away,False,21.0,17.0,loss,-1.0,-0.0,23.0,9.9,1.323232323232323,0.0441197583591448,0.1013699852548113,0.05725022689566651
43af88c10ec7f8d41008,2026-09-04T11:08:50Z,99279326548a5f5399cc9a2efe27a057,401864424,market_fpi_residual,home,False,42.0,7.0,win,0.01,0.0,1.01,1.01,0.0,0.9648080707189616,0.9711510996858042,0.006343028966842579
9c9e534649485c6013ef,2026-09-04T11:08:50Z,99279326548a5f5399cc9a2efe27a057,401864424,market_fpi_residual,away,False,42.0,7.0,loss,-1.0,-0.0,31.0,36.0,-0.13888888888888884,0.0351919292810385,0.0288489003141958,-0.0063430289668427
e88bd43582834da72f1a,2026-09-04T11:08:50Z,99279326548a5f5399cc9a2efe27a057,401864424,market_public_ensemble,home,False,42.0,7.0,win,0.01,0.0,1.01,1.01,0.0,0.9648080707189616,0.9711510996858042,0.006343028966842579
4e63bd1830f752943556,2026-09-04T11:08:50Z,99279326548a5f5399cc9a2efe27a057,401864424,market_public_ensemble,away,False,42.0,7.0,loss,-1.0,-0.0,31.0,36.0,-0.13888888888888884,0.0351919292810385,0.0288489003141958,-0.0063430289668427
91fc5fd4de73360a2110,2026-09-04T11:08:50Z,99279326548a5f5399cc9a2efe27a057,401864424,fpi_only,home,False,42.0,7.0,win,0.01,0.0,1.01,1.01,0.0,0.9648080707189616,0.9711510996858042,0.006343028966842579
15dc88fe2a598e4a8ca7,2026-09-04T11:08:50Z,99279326548a5f5399cc9a2efe27a057,401864424,fpi_only,away,False,42.0,7.0,loss,-1.0,-0.0,31.0,36.0,-0.13888888888888884,0.0351919292810385,0.0288489003141958,-0.0063430289668427
8cd2d3e29d589ebcc1fe,2026-09-04T11:08:50Z,99279326548a5f5399cc9a2efe27a057,401864424,market_only,home,False,42.0,7.0,win,0.01,0.0,1.01,1.01,0.0,0.9648080707189616,0.9711510996858042,0.006343028966842579
2260b3a5bfa47072cbb1,2026-09-04T11:08:50Z,99279326548a5f5399cc9a2efe27a057,401864424,market_only,away,False,42.0,7.0,loss,-1.0,-0.0,31.0,36.0,-0.13888888888888884,0.0351919292810385,0.0288489003141958,-0.0063430289668427
be3d61bf6228afd2318a,2026-09-04T11:08:50Z,018e668269a3b5dc4055758ca86b1062,401864425,market_fpi_residual,home,False,47.0,0.0,win,0.02857142857142857,0.0,1.0285714285714285,1.04,-0.010989010989011172,0.9351384737244104,0.9338827461559928,-0.0012557275684176306
4633cea4cfb5f3d7fd9d,2026-09-04T11:08:50Z,018e668269a3b5dc4055758ca86b1062,401864425,market_fpi_residual,away,False,47.0,0.0,loss,-1.0,-0.0,16.0,16.0,0.0,0.0648615262755896,0.0661172538440071,0.0012557275684175057
b79f12690b3d63ac8192,2026-09-04T11:08:50Z,018e668269a3b5dc4055758ca86b1062,401864425,market_public_ensemble,home,False,47.0,0.0,win,0.02857142857142857,0.0,1.0285714285714285,1.04,-0.010989010989011172,0.9351384737244104,0.9338827461559928,-0.0012557275684176306
bb50e34ffe51a796a962,2026-09-04T11:08:50Z,018e668269a3b5dc4055758ca86b1062,401864425,market_public_ensemble,away,False,47.0,0.0,loss,-1.0,-0.0,16.0,16.0,0.0,0.0648615262755896,0.0661172538440071,0.0012557275684175057
4b6d70a6b82bc69c4b22,2026-09-04T11:08:50Z,018e668269a3b5dc4055758ca86b1062,401864425,fpi_only,home,False,47.0,0.0,win,0.02857142857142857,0.0,1.0285714285714285,1.04,-0.010989010989011172,0.9351384737244104,0.9338827461559928,-0.0012557275684176306
7061b1a85ba8e27526ce,2026-09-04T11:08:50Z,018e668269a3b5dc4055758ca86b1062,401864425,fpi_only,away,False,47.0,0.0,loss,-1.0,-0.0,16.0,16.0,0.0,0.0648615262755896,0.0661172538440071,0.0012557275684175057
d25265eb0a735fcd04d1,2026-09-04T11:08:50Z,018e668269a3b5dc4055758ca86b1062,401864425,market_only,home,False,47.0,0.0,win,0.02857142857142857,0.0,1.0285714285714285,1.04,-0.010989010989011172,0.9351384737244104,0.9338827461559928,-0.0012557275684176306
949298bb799f7ce11a96,2026-09-04T11:08:50Z,018e668269a3b5dc4055758ca86b1062,401864425,market_only,away,False,47.0,0.0,loss,-1.0,-0.0,16.0,16.0,0.0,0.0648615262755896,0.0661172538440071,0.0012557275684175057
9fd2b3518cb4942a9c7b,2026-09-04T11:08:50Z,1d6daad1c93bf7e5ae16be1db12e27d5,401856776,market_fpi_residual,home,False,13.0,14.0,loss,-1.0,-0.0,1.4081632653061225,1.425531914893617,-0.012183978068839418,0.6907800182918863,0.6778846153846154,-0.01289540290727087
3ed93f2ec8a694c09776,2026-09-04T11:08:50Z,1d6daad1c93bf7e5ae16be1db12e27d5,401856776,market_fpi_residual,away,False,13.0,14.0,win,2.2,0.0,3.2,3.1,0.032258064516129004,0.3092199817081137,0.3221153846153846,0.01289540290727087
a310af8cfef8a9b66e9d,2026-09-04T11:08:50Z,1d6daad1c93bf7e5ae16be1db12e27d5,401856776,market_public_ensemble,home,False,13.0,14.0,loss,-1.0,-0.0,1.4081632653061225,1.425531914893617,-0.012183978068839418,0.6907800182918863,0.6778846153846154,-0.01289540290727087
e41c80abf9e1ffca78be,2026-09-04T11:08:50Z,1d6daad1c93bf7e5ae16be1db12e27d5,401856776,market_public_ensemble,away,False,13.0,14.0,win,2.2,0.0,3.2,3.1,0.032258064516129004,0.3092199817081137,0.3221153846153846,0.01289540290727087
b64bbd257d499cb6e3b8,2026-09-04T11:08:50Z,1d6daad1c93bf7e5ae16be1db12e27d5,401856776,fpi_only,home,False,13.0,14.0,loss,-1.0,-0.0,1.4081632653061225,1.425531914893617,-0.012183978068839418,0.6907800182918863,0.6778846153846154,-0.01289540290727087
63197e64b0c823fcfb2d,2026-09-04T11:08:50Z,1d6daad1c93bf7e5ae16be1db12e27d5,401856776,fpi_only,away,False,13.0,14.0,win,2.2,0.0,3.2,3.1,0.032258064516129004,0.3092199817081137,0.3221153846153846,0.01289540290727087
4353b119230968287f61,2026-09-04T11:08:50Z,1d6daad1c93bf7e5ae16be1db12e27d5,401856776,ratings_only,home,False,13.0,14.0,loss,-1.0,-0.0,1.4081632653061225,1.425531914893617,-0.012183978068839418,0.6907800182918863,0.6778846153846154,-0.01289540290727087
f9c3f55d962a20567479,2026-09-04T11:08:50Z,1d6daad1c93bf7e5ae16be1db12e27d5,401856776,ratings_only,away,False,13.0,14.0,win,2.2,0.0,3.2,3.1,0.032258064516129004,0.3092199817081137,0.3221153846153846,0.01289540290727087
7e2a1443b66cc1b6b197,2026-09-04T11:08:50Z,1d6daad1c93bf7e5ae16be1db12e27d5,401856776,market_only,home,False,13.0,14.0,loss,-1.0,-0.0,1.4081632653061225,1.425531914893617,-0.012183978068839418,0.6907800182918863,0.6778846153846154,-0.01289540290727087
9ddbe7ad3db1733d6cab,2026-09-04T11:08:50Z,1d6daad1c93bf7e5ae16be1db12e27d5,401856776,market_only,away,False,13.0,14.0,win,2.2,0.0,3.2,3.1,0.032258064516129004,0.3092199817081137,0.3221153846153846,0.01289540290727087
a2f9d451be3f4fb060ac,2026-09-04T11:08:50Z,86e3c86de584357bb263fa4ae819ed30,401856768,market_fpi_residual,home,False,66.0,14.0,win,0.01,0.0,1.01,1.002,0.007984031936127733,0.9722801835520758,0.9807409402558572,0.008460756703781436
91ed29ec625d50b3465f,2026-09-04T11:08:50Z,86e3c86de584357bb263fa4ae819ed30,401856768,market_fpi_residual,away,False,66.0,14.0,loss,-1.0,-0.0,41.0,51.0,-0.196078431372549,0.0277198164479242,0.0192590597441426,-0.008460756703781599
e563dd9c2dcc90bdb40e,2026-09-04T11:08:50Z,86e3c86de584357bb263fa4ae819ed30,401856768,market_public_ensemble,home,False,66.0,14.0,win,0.01,0.0,1.01,1.002,0.007984031936127733,0.9722801835520758,0.9807409402558572,0.008460756703781436
fb20c5511ef01ecaaf92,2026-09-04T11:08:50Z,86e3c86de584357bb263fa4ae819ed30,401856768,market_public_ensemble,away,False,66.0,14.0,loss,-1.0,-0.0,41.0,51.0,-0.196078431372549,0.0277198164479242,0.0192590597441426,-0.008460756703781599
7dacb3c5b7b299293eff,2026-09-04T11:08:50Z,86e3c86de584357bb263fa4ae819ed30,401856768,fpi_only,home,False,66.0,14.0,win,0.01,0.0,1.01,1.002,0.007984031936127733,0.9722801835520758,0.9807409402558572,0.008460756703781436
f690e7697f7dc5c07763,2026-09-04T11:08:50Z,86e3c86de584357bb263fa4ae819ed30,401856768,fpi_only,away,False,66.0,14.0,loss,-1.0,-0.0,41.0,51.0,-0.196078431372549,0.0277198164479242,0.0192590597441426,-0.008460756703781599
63c7e104afb842a51685,2026-09-04T11:08:50Z,86e3c86de584357bb263fa4ae819ed30,401856768,market_only,home,False,66.0,14.0,win,0.01,0.0,1.01,1.002,0.007984031936127733,0.9722801835520758,0.9807409402558572,0.008460756703781436
d2befdae8b8129aa0030,2026-09-04T11:08:50Z,86e3c86de584357bb263fa4ae819ed30,401856768,market_only,away,False,66.0,14.0,loss,-1.0,-0.0,41.0,51.0,-0.196078431372549,0.0277198164479242,0.0192590597441426,-0.008460756703781599
a9aa4b57e45974c9cfdf,2026-09-04T11:08:50Z,1697069330d0343bdf7930ac0b0c3863,401858424,market_fpi_residual,home,False,42.0,23.0,win,0.02,0.0,1.02,1.022222222222222,-0.0021739130434779153,0.9495252373813096,0.9447903839573994,-0.0047348534239101125
a714abd26ed2087c405b,2026-09-04T11:08:50Z,1697069330d0343bdf7930ac0b0c3863,401858424,market_fpi_residual,away,False,42.0,23.0,loss,-1.0,-0.0,31.0,21.0,0.4761904761904763,0.0504747626186905,0.0552096160426005,0.0047348534239100015
c354d11923ffb11b5555,2026-09-04T11:08:50Z,1697069330d0343bdf7930ac0b0c3863,401858424,market_public_ensemble,home,False,42.0,23.0,win,0.02,0.0,1.02,1.022222222222222,-0.0021739130434779153,0.9495252373813096,0.9447903839573994,-0.0047348534239101125
b2b537314c3816358287,2026-09-04T11:08:50Z,1697069330d0343bdf7930ac0b0c3863,401858424,market_public_ensemble,away,False,42.0,23.0,loss,-1.0,-0.0,31.0,21.0,0.4761904761904763,0.0504747626186905,0.0552096160426005,0.0047348534239100015
62312df3aaeea7acc35a,2026-09-04T11:08:50Z,1697069330d0343bdf7930ac0b0c3863,401858424,fpi_only,home,False,42.0,23.0,win,0.02,0.0,1.02,1.022222222222222,-0.0021739130434779153,0.9495252373813096,0.9447903839573994,-0.0047348534239101125
8090351c4c248493995d,2026-09-04T11:08:50Z,1697069330d0343bdf7930ac0b0c3863,401858424,fpi_only,away,False,42.0,23.0,loss,-1.0,-0.0,31.0,21.0,0.4761904761904763,0.0504747626186905,0.0552096160426005,0.0047348534239100015
e62b6316b360c2459c0f,2026-09-04T11:08:50Z,1697069330d0343bdf7930ac0b0c3863,401858424,ratings_only,home,False,42.0,23.0,win,0.02,0.0,1.02,1.022222222222222,-0.0021739130434779153,0.9495252373813096,0.9447903839573994,-0.0047348534239101125
f99f79e3986dbd943d39,2026-09-04T11:08:50Z,1697069330d0343bdf7930ac0b0c3863,401858424,ratings_only,away,False,42.0,23.0,loss,-1.0,-0.0,31.0,21.0,0.4761904761904763,0.0504747626186905,0.0552096160426005,0.0047348534239100015
fb9613462fb65599cda0,2026-09-04T11:08:50Z,1697069330d0343bdf7930ac0b0c3863,401858424,market_only,home,False,42.0,23.0,win,0.02,0.0,1.02,1.022222222222222,-0.0021739130434779153,0.9495252373813096,0.9447903839573994,-0.0047348534239101125
e9951f6848ba867baa8a,2026-09-04T11:08:50Z,1697069330d0343bdf7930ac0b0c3863,401858424,market_only,away,False,42.0,23.0,loss,-1.0,-0.0,31.0,21.0,0.4761904761904763,0.0504747626186905,0.0552096160426005,0.0047348534239100015
af2234801934fc6cb26c,2026-09-04T11:08:50Z,e564afb0a5ab84ab43befa56bdb90522,401858423,market_fpi_residual,home,False,21.0,37.0,loss,-1.0,-0.0,1.015384615384615,1.0125,0.002849002849002691,0.9538784067085954,0.9626064420584968,0.008728035349901409
b1e5ee08f327611740c6,2026-09-04T11:08:50Z,e564afb0a5ab84ab43befa56bdb90522,401858423,market_fpi_residual,away,False,21.0,37.0,win,20.0,0.0,21.0,26.0,-0.1923076923076923,0.0461215932914046,0.0373935579415032,-0.008728035349901395
a763b808347d731ccb94,2026-09-04T11:08:50Z,e564afb0a5ab84ab43befa56bdb90522,401858423,market_public_ensemble,home,False,21.0,37.0,loss,-1.0,-0.0,1.015384615384615,1.0125,0.002849002849002691,0.9538784067085954,0.9626064420584968,0.008728035349901409
abbcc6a2074ef06b3970,2026-09-04T11:08:50Z,e564afb0a5ab84ab43befa56bdb90522,401858423,market_public_ensemble,away,False,21.0,37.0,win,20.0,0.0,21.0,26.0,-0.1923076923076923,0.0461215932914046,0.0373935579415032,-0.008728035349901395
ef6cc44743c86dcf20fd,2026-09-04T11:08:50Z,e564afb0a5ab84ab43befa56bdb90522,401858423,fpi_only,home,False,21.0,37.0,loss,-1.0,-0.0,1.015384615384615,1.0125,0.002849002849002691,0.9538784067085954,0.9626064420584968,0.008728035349901409
7428351106e670bf841b,2026-09-04T11:08:50Z,e564afb0a5ab84ab43befa56bdb90522,401858423,fpi_only,away,False,21.0,37.0,win,20.0,0.0,21.0,26.0,-0.1923076923076923,0.0461215932914046,0.0373935579415032,-0.008728035349901395
2f5cf25298758ce13f63,2026-09-04T11:08:50Z,e564afb0a5ab84ab43befa56bdb90522,401858423,ratings_only,home,False,21.0,37.0,loss,-1.0,-0.0,1.015384615384615,1.0125,0.002849002849002691,0.9538784067085954,0.9626064420584968,0.008728035349901409
6637ddec234abcd44978,2026-09-04T11:08:50Z,e564afb0a5ab84ab43befa56bdb90522,401858423,ratings_only,away,False,21.0,37.0,win,20.0,0.0,21.0,26.0,-0.1923076923076923,0.0461215932914046,0.0373935579415032,-0.008728035349901395
807b7949e4a669d3641a,2026-09-04T11:08:50Z,e564afb0a5ab84ab43befa56bdb90522,401858423,market_only,home,False,21.0,37.0,loss,-1.0,-0.0,1.015384615384615,1.0125,0.002849002849002691,0.9538784067085954,0.9626064420584968,0.008728035349901409
88bfc48a3bb0717b49be,2026-09-04T11:08:50Z,e564afb0a5ab84ab43befa56bdb90522,401858423,market_only,away,False,21.0,37.0,win,20.0,0.0,21.0,26.0,-0.1923076923076923,0.0461215932914046,0.0373935579415032,-0.008728035349901395
32084dd721f61f94b547,2026-09-04T11:08:50Z,f089e3d943a34a9c4fe1808568b96529,401858204,market_fpi_residual,home,False,38.0,16.0,win,0.03571428571428571,0.0,1.0357142857142858,1.04,-0.004120879120879106,0.9270403542316592,0.9351620947630924,0.00812174053143322
c35df9174b3c5fcf73e2,2026-09-04T11:08:50Z,f089e3d943a34a9c4fe1808568b96529,401858204,market_fpi_residual,away,False,38.0,16.0,loss,-1.0,-0.0,15.0,17.0,-0.11764705882352944,0.0729596457683406,0.0648379052369076,-0.008121740531432997
a6dcdd2154c78a029489,2026-09-04T11:08:50Z,f089e3d943a34a9c4fe1808568b96529,401858204,market_public_ensemble,home,False,38.0,16.0,win,0.03571428571428571,0.0,1.0357142857142858,1.04,-0.004120879120879106,0.9270403542316592,0.9351620947630924,0.00812174053143322
21b9ef52dc48fa8debc1,2026-09-04T11:08:50Z,f089e3d943a34a9c4fe1808568b96529,401858204,market_public_ensemble,away,False,38.0,16.0,loss,-1.0,-0.0,15.0,17.0,-0.11764705882352944,0.0729596457683406,0.0648379052369076,-0.008121740531432997
e77f3f5b475dfe1592a1,2026-09-04T11:08:50Z,f089e3d943a34a9c4fe1808568b96529,401858204,fpi_only,home,False,38.0,16.0,win,0.03571428571428571,0.0,1.0357142857142858,1.04,-0.004120879120879106,0.9270403542316592,0.9351620947630924,0.00812174053143322
70f95b4d5b37c24e57a3,2026-09-04T11:08:50Z,f089e3d943a34a9c4fe1808568b96529,401858204,fpi_only,away,False,38.0,16.0,loss,-1.0,-0.0,15.0,17.0,-0.11764705882352944,0.0729596457683406,0.0648379052369076,-0.008121740531432997
aee0d81fce657586b11c,2026-09-04T11:08:50Z,f089e3d943a34a9c4fe1808568b96529,401858204,ratings_only,home,False,38.0,16.0,win,0.03571428571428571,0.0,1.0357142857142858,1.04,-0.004120879120879106,0.9270403542316592,0.9351620947630924,0.00812174053143322
6de6435dccea32113e51,2026-09-04T11:08:50Z,f089e3d943a34a9c4fe1808568b96529,401858204,ratings_only,away,False,38.0,16.0,loss,-1.0,-0.0,15.0,17.0,-0.11764705882352944,0.0729596457683406,0.0648379052369076,-0.008121740531432997
67335944b14d245b2ba1,2026-09-04T11:08:50Z,f089e3d943a34a9c4fe1808568b96529,401858204,market_only,home,False,38.0,16.0,win,0.03571428571428571,0.0,1.0357142857142858,1.04,-0.004120879120879106,0.9270403542316592,0.9351620947630924,0.00812174053143322
b28bd72d6a88958bdc4f,2026-09-04T11:08:50Z,f089e3d943a34a9c4fe1808568b96529,401858204,market_only,away,False,38.0,16.0,loss,-1.0,-0.0,15.0,17.0,-0.11764705882352944,0.0729596457683406,0.0648379052369076,-0.008121740531432997
9bce13b28509c5a5ccdc,2026-09-04T11:08:50Z,2f02052c3228ed6d9dc2e8ff8cdf5cdd,401866409,market_fpi_residual,home,False,21.0,17.0,win,0.014285714285714285,0.0,1.0142857142857142,1.0833333333333333,-0.06373626373626373,0.9558802416408552,0.8986300147451887,-0.0572502268956665
2db071ccc1cfb1867fee,2026-09-04T11:08:50Z,2f02052c3228ed6d9dc2e8ff8cdf5cdd,401866409,market_fpi_residual,away,False,21.0,17.0,loss,-1.0,-0.0,23.0,9.9,1.323232323232323,0.0441197583591448,0.1013699852548113,0.05725022689566651
6b5107a7905b3c1e0444,2026-09-04T11:08:50Z,2f02052c3228ed6d9dc2e8ff8cdf5cdd,401866409,market_public_ensemble,home,False,21.0,17.0,win,0.014285714285714285,0.0,1.0142857142857142,1.0833333333333333,-0.06373626373626373,0.9558802416408552,0.8986300147451887,-0.0572502268956665
ad2c0efeb8b33ac47407,2026-09-04T11:08:50Z,2f02052c3228ed6d9dc2e8ff8cdf5cdd,401866409,market_public_ensemble,away,False,21.0,17.0,loss,-1.0,-0.0,23.0,9.9,1.323232323232323,0.0441197583591448,0.1013699852548113,0.05725022689566651
332474f5e77cfd3767dc,2026-09-04T11:08:50Z,2f02052c3228ed6d9dc2e8ff8cdf5cdd,401866409,fpi_only,home,False,21.0,17.0,win,0.014285714285714285,0.0,1.0142857142857142,1.0833333333333333,-0.06373626373626373,0.9558802416408552,0.8986300147451887,-0.0572502268956665
3b58ec6285e63fbc7dc4,2026-09-04T11:08:50Z,2f02052c3228ed6d9dc2e8ff8cdf5cdd,401866409,fpi_only,away,False,21.0,17.0,loss,-1.0,-0.0,23.0,9.9,1.323232323232323,0.0441197583591448,0.1013699852548113,0.05725022689566651
58c4bfdef1e8d93fbad8,2026-09-04T11:08:50Z,2f02052c3228ed6d9dc2e8ff8cdf5cdd,401866409,market_only,home,False,21.0,17.0,win,0.014285714285714285,0.0,1.0142857142857142,1.0833333333333333,-0.06373626373626373,0.9558802416408552,0.8986300147451887,-0.0572502268956665
3d2af7fa3a2863f2641e,2026-09-04T11:08:50Z,2f02052c3228ed6d9dc2e8ff8cdf5cdd,401866409,market_only,away,False,21.0,17.0,loss,-1.0,-0.0,23.0,9.9,1.323232323232323,0.0441197583591448,0.1013699852548113,0.05725022689566651
e1dc4779088df32fd815,2026-09-04T11:08:50Z,99279326548a5f5399cc9a2efe27a057,401864424,market_fpi_residual,home,False,42.0,7.0,win,0.01,0.0,1.01,1.01,0.0,0.9648080707189616,0.9711510996858042,0.006343028966842579
11dfacce156ca90b2583,2026-09-04T11:08:50Z,99279326548a5f5399cc9a2efe27a057,401864424,market_fpi_residual,away,False,42.0,7.0,loss,-1.0,-0.0,31.0,36.0,-0.13888888888888884,0.0351919292810385,0.0288489003141958,-0.0063430289668427
b094ae14af8c297c2e5d,2026-09-04T11:08:50Z,99279326548a5f5399cc9a2efe27a057,401864424,market_public_ensemble,home,False,42.0,7.0,win,0.01,0.0,1.01,1.01,0.0,0.9648080707189616,0.9711510996858042,0.006343028966842579
ad1e62122e9c6156293b,2026-09-04T11:08:50Z,99279326548a5f5399cc9a2efe27a057,401864424,market_public_ensemble,away,False,42.0,7.0,loss,-1.0,-0.0,31.0,36.0,-0.13888888888888884,0.0351919292810385,0.0288489003141958,-0.0063430289668427
cb2478f42e093b228427,2026-09-04T11:08:50Z,99279326548a5f5399cc9a2efe27a057,401864424,fpi_only,home,False,42.0,7.0,win,0.01,0.0,1.01,1.01,0.0,0.9648080707189616,0.9711510996858042,0.006343028966842579
6bc7a4b53be34bd2ab75,2026-09-04T11:08:50Z,99279326548a5f5399cc9a2efe27a057,401864424,fpi_only,away,False,42.0,7.0,loss,-1.0,-0.0,31.0,36.0,-0.13888888888888884,0.0351919292810385,0.0288489003141958,-0.0063430289668427
2b93fef7279de42bb6c5,2026-09-04T11:08:50Z,99279326548a5f5399cc9a2efe27a057,401864424,market_only,home,False,42.0,7.0,win,0.01,0.0,1.01,1.01,0.0,0.9648080707189616,0.9711510996858042,0.006343028966842579
f2f2d0bef162691c1cba,2026-09-04T11:08:50Z,99279326548a5f5399cc9a2efe27a057,401864424,market_only,away,False,42.0,7.0,loss,-1.0,-0.0,31.0,36.0,-0.13888888888888884,0.0351919292810385,0.0288489003141958,-0.0063430289668427
ca3c765e97197ac5594a,2026-09-04T11:08:50Z,018e668269a3b5dc4055758ca86b1062,401864425,market_fpi_residual,home,False,47.0,0.0,win,0.02857142857142857,0.0,1.0285714285714285,1.04,-0.010989010989011172,0.9351384737244104,0.9338827461559928,-0.0012557275684176306
56cbf2e8837249076c87,2026-09-04T11:08:50Z,018e668269a3b5dc4055758ca86b1062,401864425,market_fpi_residual,away,False,47.0,0.0,loss,-1.0,-0.0,16.0,16.0,0.0,0.0648615262755896,0.0661172538440071,0.0012557275684175057
bae881ca44e3170f6b10,2026-09-04T11:08:50Z,018e668269a3b5dc4055758ca86b1062,401864425,market_public_ensemble,home,False,47.0,0.0,win,0.02857142857142857,0.0,1.0285714285714285,1.04,-0.010989010989011172,0.9351384737244104,0.9338827461559928,-0.0012557275684176306
96773b01d29a441068b6,2026-09-04T11:08:50Z,018e668269a3b5dc4055758ca86b1062,401864425,market_public_ensemble,away,False,47.0,0.0,loss,-1.0,-0.0,16.0,16.0,0.0,0.0648615262755896,0.0661172538440071,0.0012557275684175057
afcaa961125593a3ace4,2026-09-04T11:08:50Z,018e668269a3b5dc4055758ca86b1062,401864425,fpi_only,home,False,47.0,0.0,win,0.02857142857142857,0.0,1.0285714285714285,1.04,-0.010989010989011172,0.9351384737244104,0.9338827461559928,-0.0012557275684176306
a24944eb7eb8bb894307,2026-09-04T11:08:50Z,018e668269a3b5dc4055758ca86b1062,401864425,fpi_only,away,False,47.0,0.0,loss,-1.0,-0.0,16.0,16.0,0.0,0.0648615262755896,0.0661172538440071,0.0012557275684175057
df041c9b1f9abbfcbc01,2026-09-04T11:08:50Z,018e668269a3b5dc4055758ca86b1062,401864425,market_only,home,False,47.0,0.0,win,0.02857142857142857,0.0,1.0285714285714285,1.04,-0.010989010989011172,0.9351384737244104,0.9338827461559928,-0.0012557275684176306
1f0341581dc864e2fbb9,2026-09-04T11:08:50Z,018e668269a3b5dc4055758ca86b1062,401864425,market_only,away,False,47.0,0.0,loss,-1.0,-0.0,16.0,16.0,0.0,0.0648615262755896,0.0661172538440071,0.0012557275684175057
51156ef19e75dc42f7a2,2026-09-04T11:08:50Z,1d6daad1c93bf7e5ae16be1db12e27d5,401856776,market_fpi_residual,home,False,13.0,14.0,loss,-1.0,-0.0,1.4081632653061225,1.425531914893617,-0.012183978068839418,0.6907800182918863,0.6778846153846154,-0.01289540290727087
754cabc2a8eba6cf5e4c,2026-09-04T11:08:50Z,1d6daad1c93bf7e5ae16be1db12e27d5,401856776,market_fpi_residual,away,False,13.0,14.0,win,2.2,0.0,3.2,3.1,0.032258064516129004,0.3092199817081137,0.3221153846153846,0.01289540290727087
ee083b639d7b0bc04fab,2026-09-04T11:08:50Z,1d6daad1c93bf7e5ae16be1db12e27d5,401856776,market_public_ensemble,home,False,13.0,14.0,loss,-1.0,-0.0,1.4081632653061225,1.425531914893617,-0.012183978068839418,0.6907800182918863,0.6778846153846154,-0.01289540290727087
80a1fd9c3d8876309969,2026-09-04T11:08:50Z,1d6daad1c93bf7e5ae16be1db12e27d5,401856776,market_public_ensemble,away,False,13.0,14.0,win,2.2,0.0,3.2,3.1,0.032258064516129004,0.3092199817081137,0.3221153846153846,0.01289540290727087
60200bb63b0663d7155c,2026-09-04T11:08:50Z,1d6daad1c93bf7e5ae16be1db12e27d5,401856776,fpi_only,home,False,13.0,14.0,loss,-1.0,-0.0,1.4081632653061225,1.425531914893617,-0.012183978068839418,0.6907800182918863,0.6778846153846154,-0.01289540290727087
16fd441d94f25133f023,2026-09-04T11:08:50Z,1d6daad1c93bf7e5ae16be1db12e27d5,401856776,fpi_only,away,False,13.0,14.0,win,2.2,0.0,3.2,3.1,0.032258064516129004,0.3092199817081137,0.3221153846153846,0.01289540290727087
4a7215ebc4dba3177c0a,2026-09-04T11:08:50Z,1d6daad1c93bf7e5ae16be1db12e27d5,401856776,ratings_only,home,False,13.0,14.0,loss,-1.0,-0.0,1.4081632653061225,1.425531914893617,-0.012183978068839418,0.6907800182918863,0.6778846153846154,-0.01289540290727087
9f864d4274783f327727,2026-09-04T11:08:50Z,1d6daad1c93bf7e5ae16be1db12e27d5,401856776,ratings_only,away,False,13.0,14.0,win,2.2,0.0,3.2,3.1,0.032258064516129004,0.3092199817081137,0.3221153846153846,0.01289540290727087
484a6868fc33c5367d3c,2026-09-04T11:08:50Z,1d6daad1c93bf7e5ae16be1db12e27d5,401856776,market_only,home,False,13.0,14.0,loss,-1.0,-0.0,1.4081632653061225,1.425531914893617,-0.012183978068839418,0.6907800182918863,0.6778846153846154,-0.01289540290727087
2e9ed541d2188a0a588b,2026-09-04T11:08:50Z,1d6daad1c93bf7e5ae16be1db12e27d5,401856776,market_only,away,False,13.0,14.0,win,2.2,0.0,3.2,3.1,0.032258064516129004,0.3092199817081137,0.3221153846153846,0.01289540290727087
527608bdaa82b898ec88,2026-09-04T11:08:50Z,86e3c86de584357bb263fa4ae819ed30,401856768,market_fpi_residual,home,False,66.0,14.0,win,0.01,0.0,1.01,1.002,0.007984031936127733,0.9722801835520758,0.9807409402558572,0.008460756703781436
ac46933ef5e8cd821236,2026-09-04T11:08:50Z,86e3c86de584357bb263fa4ae819ed30,401856768,market_fpi_residual,away,False,66.0,14.0,loss,-1.0,-0.0,41.0,51.0,-0.196078431372549,0.0277198164479242,0.0192590597441426,-0.008460756703781599
d4e260a848744f50ea29,2026-09-04T11:08:50Z,86e3c86de584357bb263fa4ae819ed30,401856768,market_public_ensemble,home,False,66.0,14.0,win,0.01,0.0,1.01,1.002,0.007984031936127733,0.9722801835520758,0.9807409402558572,0.008460756703781436
bc71f5339f7245f1eb5d,2026-09-04T11:08:50Z,86e3c86de584357bb263fa4ae819ed30,401856768,market_public_ensemble,away,False,66.0,14.0,loss,-1.0,-0.0,41.0,51.0,-0.196078431372549,0.0277198164479242,0.0192590597441426,-0.008460756703781599
0b1b96e1415bf12d7a27,2026-09-04T11:08:50Z,86e3c86de584357bb263fa4ae819ed30,401856768,fpi_only,home,False,66.0,14.0,win,0.01,0.0,1.01,1.002,0.007984031936127733,0.9722801835520758,0.9807409402558572,0.008460756703781436
4856bda52cfc172d6532,2026-09-04T11:08:50Z,86e3c86de584357bb263fa4ae819ed30,401856768,fpi_only,away,False,66.0,14.0,loss,-1.0,-0.0,41.0,51.0,-0.196078431372549,0.0277198164479242,0.0192590597441426,-0.008460756703781599
9f836731bcd95be00885,2026-09-04T11:08:50Z,86e3c86de584357bb263fa4ae819ed30,401856768,market_only,home,False,66.0,14.0,win,0.01,0.0,1.01,1.002,0.007984031936127733,0.9722801835520758,0.9807409402558572,0.008460756703781436
3dbdd78f3a1dd3048eca,2026-09-04T11:08:50Z,86e3c86de584357bb263fa4ae819ed30,401856768,market_only,away,False,66.0,14.0,loss,-1.0,-0.0,41.0,51.0,-0.196078431372549,0.0277198164479242,0.0192590597441426,-0.008460756703781599
d03d136313cc45481650,2026-09-04T11:08:50Z,1697069330d0343bdf7930ac0b0c3863,401858424,market_fpi_residual,home,False,42.0,23.0,win,0.02,0.0,1.02,1.022222222222222,-0.0021739130434779153,0.9495252373813096,0.9447903839573994,-0.0047348534239101125
164552a190e18460d5fe,2026-09-04T11:08:50Z,1697069330d0343bdf7930ac0b0c3863,401858424,market_fpi_residual,away,False,42.0,23.0,loss,-1.0,-0.0,31.0,21.0,0.4761904761904763,0.0504747626186905,0.0552096160426005,0.0047348534239100015
d25b9476eebf686ca545,2026-09-04T11:08:50Z,1697069330d0343bdf7930ac0b0c3863,401858424,market_public_ensemble,home,False,42.0,23.0,win,0.02,0.0,1.02,1.022222222222222,-0.0021739130434779153,0.9495252373813096,0.9447903839573994,-0.0047348534239101125
47be411727bb5e634c52,2026-09-04T11:08:50Z,1697069330d0343bdf7930ac0b0c3863,401858424,market_public_ensemble,away,False,42.0,23.0,loss,-1.0,-0.0,31.0,21.0,0.4761904761904763,0.0504747626186905,0.0552096160426005,0.0047348534239100015
89b32e77b6f693bf7864,2026-09-04T11:08:50Z,1697069330d0343bdf7930ac0b0c3863,401858424,fpi_only,home,False,42.0,23.0,win,0.02,0.0,1.02,1.022222222222222,-0.0021739130434779153,0.9495252373813096,0.9447903839573994,-0.0047348534239101125
8692b6fda720b8604958,2026-09-04T11:08:50Z,1697069330d0343bdf7930ac0b0c3863,401858424,fpi_only,away,False,42.0,23.0,loss,-1.0,-0.0,31.0,21.0,0.4761904761904763,0.0504747626186905,0.0552096160426005,0.0047348534239100015
e0bb816110a8e3fcef01,2026-09-04T11:08:50Z,1697069330d0343bdf7930ac0b0c3863,401858424,ratings_only,home,False,42.0,23.0,win,0.02,0.0,1.02,1.022222222222222,-0.0021739130434779153,0.9495252373813096,0.9447903839573994,-0.0047348534239101125
986cb4b9373147bf58dd,2026-09-04T11:08:50Z,1697069330d0343bdf7930ac0b0c3863,401858424,ratings_only,away,False,42.0,23.0,loss,-1.0,-0.0,31.0,21.0,0.4761904761904763,0.0504747626186905,0.0552096160426005,0.0047348534239100015
e5f9143faa943546198d,2026-09-04T11:08:50Z,1697069330d0343bdf7930ac0b0c3863,401858424,market_only,home,False,42.0,23.0,win,0.02,0.0,1.02,1.022222222222222,-0.0021739130434779153,0.9495252373813096,0.9447903839573994,-0.0047348534239101125
374e4c26a9905ae5a77c,2026-09-04T11:08:50Z,1697069330d0343bdf7930ac0b0c3863,401858424,market_only,away,False,42.0,23.0,loss,-1.0,-0.0,31.0,21.0,0.4761904761904763,0.0504747626186905,0.0552096160426005,0.0047348534239100015
fa538c7c56f58ee9cb2a,2026-09-04T11:08:50Z,e564afb0a5ab84ab43befa56bdb90522,401858423,market_fpi_residual,home,False,21.0,37.0,loss,-1.0,-0.0,1.015384615384615,1.0125,0.002849002849002691,0.9538784067085954,0.9626064420584968,0.008728035349901409
18e12d59215ced80b934,2026-09-04T11:08:50Z,e564afb0a5ab84ab43befa56bdb90522,401858423,market_fpi_residual,away,False,21.0,37.0,win,20.0,0.0,21.0,26.0,-0.1923076923076923,0.0461215932914046,0.0373935579415032,-0.008728035349901395
2882c4b7e1e926b78057,2026-09-04T11:08:50Z,e564afb0a5ab84ab43befa56bdb90522,401858423,market_public_ensemble,home,False,21.0,37.0,loss,-1.0,-0.0,1.015384615384615,1.0125,0.002849002849002691,0.9538784067085954,0.9626064420584968,0.008728035349901409
19832a5cf4a77c11bb30,2026-09-04T11:08:50Z,e564afb0a5ab84ab43befa56bdb90522,401858423,market_public_ensemble,away,False,21.0,37.0,win,20.0,0.0,21.0,26.0,-0.1923076923076923,0.0461215932914046,0.0373935579415032,-0.008728035349901395
93b800b2cba9e619f734,2026-09-04T11:08:50Z,e564afb0a5ab84ab43befa56bdb90522,401858423,fpi_only,home,False,21.0,37.0,loss,-1.0,-0.0,1.015384615384615,1.0125,0.002849002849002691,0.9538784067085954,0.9626064420584968,0.008728035349901409
31aded7eae529bfd0586,2026-09-04T11:08:50Z,e564afb0a5ab84ab43befa56bdb90522,401858423,fpi_only,away,False,21.0,37.0,win,20.0,0.0,21.0,26.0,-0.1923076923076923,0.0461215932914046,0.0373935579415032,-0.008728035349901395
7716edcd43397770749e,2026-09-04T11:08:50Z,e564afb0a5ab84ab43befa56bdb90522,401858423,ratings_only,home,False,21.0,37.0,loss,-1.0,-0.0,1.015384615384615,1.0125,0.002849002849002691,0.9538784067085954,0.9626064420584968,0.008728035349901409
ecfa3f6fa80c4b81156b,2026-09-04T11:08:50Z,e564afb0a5ab84ab43befa56bdb90522,401858423,ratings_only,away,False,21.0,37.0,win,20.0,0.0,21.0,26.0,-0.1923076923076923,0.0461215932914046,0.0373935579415032,-0.008728035349901395
5e5b0aedeb23590946f2,2026-09-04T11:08:50Z,e564afb0a5ab84ab43befa56bdb90522,401858423,market_only,home,False,21.0,37.0,loss,-1.0,-0.0,1.015384615384615,1.0125,0.002849002849002691,0.9538784067085954,0.9626064420584968,0.008728035349901409
f2d00958698afaedffc6,2026-09-04T11:08:50Z,e564afb0a5ab84ab43befa56bdb90522,401858423,market_only,away,False,21.0,37.0,win,20.0,0.0,21.0,26.0,-0.1923076923076923,0.0461215932914046,0.0373935579415032,-0.008728035349901395
4a3d4c06402714ab8cfa,2026-09-04T11:08:50Z,f089e3d943a34a9c4fe1808568b96529,401858204,market_fpi_residual,home,False,38.0,16.0,win,0.03571428571428571,0.0,1.0357142857142858,1.04,-0.004120879120879106,0.9270403542316592,0.9351620947630924,0.00812174053143322
0be3764783e7e4419e8b,2026-09-04T11:08:50Z,f089e3d943a34a9c4fe1808568b96529,401858204,market_fpi_residual,away,False,38.0,16.0,loss,-1.0,-0.0,15.0,17.0,-0.11764705882352944,0.0729596457683406,0.0648379052369076,-0.008121740531432997
bde5ea39a60f9219b8e0,2026-09-04T11:08:50Z,f089e3d943a34a9c4fe1808568b96529,401858204,market_public_ensemble,home,False,38.0,16.0,win,0.03571428571428571,0.0,1.0357142857142858,1.04,-0.004120879120879106,0.9270403542316592,0.9351620947630924,0.00812174053143322
ca322c7f68195ae5e30b,2026-09-04T11:08:50Z,f089e3d943a34a9c4fe1808568b96529,401858204,market_public_ensemble,away,False,38.0,16.0,loss,-1.0,-0.0,15.0,17.0,-0.11764705882352944,0.0729596457683406,0.0648379052369076,-0.008121740531432997
0ea7927ba69cfae03ef1,2026-09-04T11:08:50Z,f089e3d943a34a9c4fe1808568b96529,401858204,fpi_only,home,False,38.0,16.0,win,0.03571428571428571,0.0,1.0357142857142858,1.04,-0.004120879120879106,0.9270403542316592,0.9351620947630924,0.00812174053143322
64c850fcd62cc80684ea,2026-09-04T11:08:50Z,f089e3d943a34a9c4fe1808568b96529,401858204,fpi_only,away,False,38.0,16.0,loss,-1.0,-0.0,15.0,17.0,-0.11764705882352944,0.0729596457683406,0.0648379052369076,-0.008121740531432997
be22ff3e34343e82bbf5,2026-09-04T11:08:50Z,f089e3d943a34a9c4fe1808568b96529,401858204,ratings_only,home,False,38.0,16.0,win,0.03571428571428571,0.0,1.0357142857142858,1.04,-0.004120879120879106,0.9270403542316592,0.9351620947630924,0.00812174053143322
c51ed02501a08b4463fc,2026-09-04T11:08:50Z,f089e3d943a34a9c4fe1808568b96529,401858204,ratings_only,away,False,38.0,16.0,loss,-1.0,-0.0,15.0,17.0,-0.11764705882352944,0.0729596457683406,0.0648379052369076,-0.008121740531432997
12057a48e191dc0734d0,2026-09-04T11:08:50Z,f089e3d943a34a9c4fe1808568b96529,401858204,market_only,home,False,38.0,16.0,win,0.03571428571428571,0.0,1.0357142857142858,1.04,-0.004120879120879106,0.9270403542316592,0.9351620947630924,0.00812174053143322
6b3862aaa7aa130ffc33,2026-09-04T11:08:50Z,f089e3d943a34a9c4fe1808568b96529,401858204,market_only,away,False,38.0,16.0,loss,-1.0,-0.0,15.0,17.0,-0.11764705882352944,0.0729596457683406,0.0648379052369076,-0.008121740531432997
6ce7caf3c0c1d6b0d3db,2026-09-04T11:08:50Z,2f02052c3228ed6d9dc2e8ff8cdf5cdd,401866409,market_fpi_residual,home,False,21.0,17.0,win,0.014285714285714285,0.0,1.0142857142857142,1.0833333333333333,-0.06373626373626373,0.9558802416408552,0.8986300147451887,-0.0572502268956665
21fda65229a43ba8e5d9,2026-09-04T11:08:50Z,2f02052c3228ed6d9dc2e8ff8cdf5cdd,401866409,market_fpi_residual,away,False,21.0,17.0,loss,-1.0,-0.0,23.0,9.9,1.323232323232323,0.0441197583591448,0.1013699852548113,0.05725022689566651
9751e95f9726f7156f77,2026-09-04T11:08:50Z,2f02052c3228ed6d9dc2e8ff8cdf5cdd,401866409,market_public_ensemble,home,False,21.0,17.0,win,0.014285714285714285,0.0,1.0142857142857142,1.0833333333333333,-0.06373626373626373,0.9558802416408552,0.8986300147451887,-0.0572502268956665
ceb11c301ac0c690e8ce,2026-09-04T11:08:50Z,2f02052c3228ed6d9dc2e8ff8cdf5cdd,401866409,market_public_ensemble,away,False,21.0,17.0,loss,-1.0,-0.0,23.0,9.9,1.323232323232323,0.0441197583591448,0.1013699852548113,0.05725022689566651
5644ed06b2dd51c7edc2,2026-09-04T11:08:50Z,2f02052c3228ed6d9dc2e8ff8cdf5cdd,401866409,fpi_only,home,False,21.0,17.0,win,0.014285714285714285,0.0,1.0142857142857142,1.0833333333333333,-0.06373626373626373,0.9558802416408552,0.8986300147451887,-0.0572502268956665
5dcda8a5cbd2da04a709,2026-09-04T11:08:50Z,2f02052c3228ed6d9dc2e8ff8cdf5cdd,401866409,fpi_only,away,False,21.0,17.0,loss,-1.0,-0.0,23.0,9.9,1.323232323232323,0.0441197583591448,0.1013699852548113,0.05725022689566651
fb670b6d53626fb6ea24,2026-09-04T11:08:50Z,2f02052c3228ed6d9dc2e8ff8cdf5cdd,401866409,market_only,home,False,21.0,17.0,win,0.014285714285714285,0.0,1.0142857142857142,1.0833333333333333,-0.06373626373626373,0.9558802416408552,0.8986300147451887,-0.0572502268956665
18f0443dce3869b97a5d,2026-09-04T11:08:50Z,2f02052c3228ed6d9dc2e8ff8cdf5cdd,401866409,market_only,away,False,21.0,17.0,loss,-1.0,-0.0,23.0,9.9,1.323232323232323,0.0441197583591448,0.1013699852548113,0.05725022689566651
a3572fb84d1f0913f441,2026-09-04T11:08:50Z,99279326548a5f5399cc9a2efe27a057,401864424,market_fpi_residual,home,False,42.0,7.0,win,0.01,0.0,1.01,1.01,0.0,0.9670051445711614,0.9711510996858042,0.004145955114642774
07e0eb3a1afb5f4a6d59,2026-09-04T11:08:50Z,99279326548a5f5399cc9a2efe27a057,401864424,market_fpi_residual,away,False,42.0,7.0,loss,-1.0,-0.0,36.0,36.0,0.0,0.0329948554288386,0.0288489003141958,-0.0041459551146427985
9765917ab4c35bdbd6f5,2026-09-04T11:08:50Z,99279326548a5f5399cc9a2efe27a057,401864424,market_public_ensemble,home,False,42.0,7.0,win,0.01,0.0,1.01,1.01,0.0,0.9670051445711614,0.9711510996858042,0.004145955114642774
f7540728963776c22960,2026-09-04T11:08:50Z,99279326548a5f5399cc9a2efe27a057,401864424,market_public_ensemble,away,False,42.0,7.0,loss,-1.0,-0.0,36.0,36.0,0.0,0.0329948554288386,0.0288489003141958,-0.0041459551146427985
2ac39cef6e841189fc1c,2026-09-04T11:08:50Z,99279326548a5f5399cc9a2efe27a057,401864424,fpi_only,home,False,42.0,7.0,win,0.01,0.0,1.01,1.01,0.0,0.9670051445711614,0.9711510996858042,0.004145955114642774
d513989e54b8057a8634,2026-09-04T11:08:50Z,99279326548a5f5399cc9a2efe27a057,401864424,fpi_only,away,False,42.0,7.0,loss,-1.0,-0.0,36.0,36.0,0.0,0.0329948554288386,0.0288489003141958,-0.0041459551146427985
f50eb5f814a8360d805d,2026-09-04T11:08:50Z,99279326548a5f5399cc9a2efe27a057,401864424,market_only,home,False,42.0,7.0,win,0.01,0.0,1.01,1.01,0.0,0.9670051445711614,0.9711510996858042,0.004145955114642774
52fd4950e13f35bf62dc,2026-09-04T11:08:50Z,99279326548a5f5399cc9a2efe27a057,401864424,market_only,away,False,42.0,7.0,loss,-1.0,-0.0,36.0,36.0,0.0,0.0329948554288386,0.0288489003141958,-0.0041459551146427985
936f8111179c8a4c3dff,2026-09-04T11:08:50Z,018e668269a3b5dc4055758ca86b1062,401864425,market_fpi_residual,home,False,47.0,0.0,win,0.02857142857142857,0.0,1.0285714285714285,1.04,-0.010989010989011172,0.9351384737244104,0.9338827461559928,-0.0012557275684176306
3c3deb73f1c837045dba,2026-09-04T11:08:50Z,018e668269a3b5dc4055758ca86b1062,401864425,market_fpi_residual,away,False,47.0,0.0,loss,-1.0,-0.0,16.0,16.0,0.0,0.0648615262755896,0.0661172538440071,0.0012557275684175057
17c2744502ced646a8a2,2026-09-04T11:08:50Z,018e668269a3b5dc4055758ca86b1062,401864425,market_public_ensemble,home,False,47.0,0.0,win,0.02857142857142857,0.0,1.0285714285714285,1.04,-0.010989010989011172,0.9351384737244104,0.9338827461559928,-0.0012557275684176306
23026409fba2a62ac52c,2026-09-04T11:08:50Z,018e668269a3b5dc4055758ca86b1062,401864425,market_public_ensemble,away,False,47.0,0.0,loss,-1.0,-0.0,16.0,16.0,0.0,0.0648615262755896,0.0661172538440071,0.0012557275684175057
a6fda1b065db8c0886d6,2026-09-04T11:08:50Z,018e668269a3b5dc4055758ca86b1062,401864425,fpi_only,home,False,47.0,0.0,win,0.02857142857142857,0.0,1.0285714285714285,1.04,-0.010989010989011172,0.9351384737244104,0.9338827461559928,-0.0012557275684176306
cd6dfec947d00932996e,2026-09-04T11:08:50Z,018e668269a3b5dc4055758ca86b1062,401864425,fpi_only,away,False,47.0,0.0,loss,-1.0,-0.0,16.0,16.0,0.0,0.0648615262755896,0.0661172538440071,0.0012557275684175057
a43d49dc14b814a0b506,2026-09-04T11:08:50Z,018e668269a3b5dc4055758ca86b1062,401864425,market_only,home,False,47.0,0.0,win,0.02857142857142857,0.0,1.0285714285714285,1.04,-0.010989010989011172,0.9351384737244104,0.9338827461559928,-0.0012557275684176306
f5122f5193bd3eb2970c,2026-09-04T11:08:50Z,018e668269a3b5dc4055758ca86b1062,401864425,market_only,away,False,47.0,0.0,loss,-1.0,-0.0,16.0,16.0,0.0,0.0648615262755896,0.0661172538440071,0.0012557275684175057
0f70a186fc4e67b5afd6,2026-09-04T11:08:50Z,1d6daad1c93bf7e5ae16be1db12e27d5,401856776,market_fpi_residual,home,False,13.0,14.0,loss,-1.0,-0.0,1.4081632653061225,1.425531914893617,-0.012183978068839418,0.6907800182918863,0.6778846153846154,-0.01289540290727087
776a26b8befb103e4ea3,2026-09-04T11:08:50Z,1d6daad1c93bf7e5ae16be1db12e27d5,401856776,market_fpi_residual,away,False,13.0,14.0,win,2.2,0.0,3.2,3.1,0.032258064516129004,0.3092199817081137,0.3221153846153846,0.01289540290727087
7cb47793689d269deb20,2026-09-04T11:08:50Z,1d6daad1c93bf7e5ae16be1db12e27d5,401856776,market_public_ensemble,home,False,13.0,14.0,loss,-1.0,-0.0,1.4081632653061225,1.425531914893617,-0.012183978068839418,0.6907800182918863,0.6778846153846154,-0.01289540290727087
a44d1034a774ae1682fd,2026-09-04T11:08:50Z,1d6daad1c93bf7e5ae16be1db12e27d5,401856776,market_public_ensemble,away,False,13.0,14.0,win,2.2,0.0,3.2,3.1,0.032258064516129004,0.3092199817081137,0.3221153846153846,0.01289540290727087
11717a603b1c66bd5a6d,2026-09-04T11:08:50Z,1d6daad1c93bf7e5ae16be1db12e27d5,401856776,fpi_only,home,False,13.0,14.0,loss,-1.0,-0.0,1.4081632653061225,1.425531914893617,-0.012183978068839418,0.6907800182918863,0.6778846153846154,-0.01289540290727087
3de540fe5d3d8b32f33a,2026-09-04T11:08:50Z,1d6daad1c93bf7e5ae16be1db12e27d5,401856776,fpi_only,away,False,13.0,14.0,win,2.2,0.0,3.2,3.1,0.032258064516129004,0.3092199817081137,0.3221153846153846,0.01289540290727087
24b71591716437bc75d3,2026-09-04T11:08:50Z,1d6daad1c93bf7e5ae16be1db12e27d5,401856776,ratings_only,home,False,13.0,14.0,loss,-1.0,-0.0,1.4081632653061225,1.425531914893617,-0.012183978068839418,0.6907800182918863,0.6778846153846154,-0.01289540290727087
962f0103805de7007711,2026-09-04T11:08:50Z,1d6daad1c93bf7e5ae16be1db12e27d5,401856776,ratings_only,away,False,13.0,14.0,win,2.2,0.0,3.2,3.1,0.032258064516129004,0.3092199817081137,0.3221153846153846,0.01289540290727087
eb67eea533389a7c9e07,2026-09-04T11:08:50Z,1d6daad1c93bf7e5ae16be1db12e27d5,401856776,market_only,home,False,13.0,14.0,loss,-1.0,-0.0,1.4081632653061225,1.425531914893617,-0.012183978068839418,0.6907800182918863,0.6778846153846154,-0.01289540290727087
3ce69f34d5b94fd11ea8,2026-09-04T11:08:50Z,1d6daad1c93bf7e5ae16be1db12e27d5,401856776,market_only,away,False,13.0,14.0,win,2.2,0.0,3.2,3.1,0.032258064516129004,0.3092199817081137,0.3221153846153846,0.01289540290727087
306be26eff76e19f108d,2026-09-04T11:08:50Z,86e3c86de584357bb263fa4ae819ed30,401856768,market_fpi_residual,home,False,66.0,14.0,win,0.01,0.0,1.01,1.002,0.007984031936127733,0.9722801835520758,0.9807409402558572,0.008460756703781436
39cab4c4e7101e93d733,2026-09-04T11:08:50Z,86e3c86de584357bb263fa4ae819ed30,401856768,market_fpi_residual,away,False,66.0,14.0,loss,-1.0,-0.0,41.0,51.0,-0.196078431372549,0.0277198164479242,0.0192590597441426,-0.008460756703781599
374ca6af3d62c0055955,2026-09-04T11:08:50Z,86e3c86de584357bb263fa4ae819ed30,401856768,market_public_ensemble,home,False,66.0,14.0,win,0.01,0.0,1.01,1.002,0.007984031936127733,0.9722801835520758,0.9807409402558572,0.008460756703781436
02f6ad0154a096c8a926,2026-09-04T11:08:50Z,86e3c86de584357bb263fa4ae819ed30,401856768,market_public_ensemble,away,False,66.0,14.0,loss,-1.0,-0.0,41.0,51.0,-0.196078431372549,0.0277198164479242,0.0192590597441426,-0.008460756703781599
b8377471ad8026c174aa,2026-09-04T11:08:50Z,86e3c86de584357bb263fa4ae819ed30,401856768,fpi_only,home,False,66.0,14.0,win,0.01,0.0,1.01,1.002,0.007984031936127733,0.9722801835520758,0.9807409402558572,0.008460756703781436
84f376f7162be028a8ec,2026-09-04T11:08:50Z,86e3c86de584357bb263fa4ae819ed30,401856768,fpi_only,away,False,66.0,14.0,loss,-1.0,-0.0,41.0,51.0,-0.196078431372549,0.0277198164479242,0.0192590597441426,-0.008460756703781599
b6770fe7909d1ebbf5ae,2026-09-04T11:08:50Z,86e3c86de584357bb263fa4ae819ed30,401856768,market_only,home,False,66.0,14.0,win,0.01,0.0,1.01,1.002,0.007984031936127733,0.9722801835520758,0.9807409402558572,0.008460756703781436
42e2b0f8b2c2df2bfa11,2026-09-04T11:08:50Z,86e3c86de584357bb263fa4ae819ed30,401856768,market_only,away,False,66.0,14.0,loss,-1.0,-0.0,41.0,51.0,-0.196078431372549,0.0277198164479242,0.0192590597441426,-0.008460756703781599
f846c0dd1ca23023d6d0,2026-09-04T11:08:50Z,1697069330d0343bdf7930ac0b0c3863,401858424,market_fpi_residual,home,False,42.0,23.0,win,0.02,0.0,1.02,1.022222222222222,-0.0021739130434779153,0.9495252373813096,0.9447903839573994,-0.0047348534239101125
c688e6006f963be7ac9d,2026-09-04T11:08:50Z,1697069330d0343bdf7930ac0b0c3863,401858424,market_fpi_residual,away,False,42.0,23.0,loss,-1.0,-0.0,23.0,21.0,0.09523809523809534,0.0504747626186905,0.0552096160426005,0.0047348534239100015
72581c41b2676aed43ed,2026-09-04T11:08:50Z,1697069330d0343bdf7930ac0b0c3863,401858424,market_public_ensemble,home,False,42.0,23.0,win,0.02,0.0,1.02,1.022222222222222,-0.0021739130434779153,0.9495252373813096,0.9447903839573994,-0.0047348534239101125
8db3bcb945879a8b3ea7,2026-09-04T11:08:50Z,1697069330d0343bdf7930ac0b0c3863,401858424,market_public_ensemble,away,False,42.0,23.0,loss,-1.0,-0.0,23.0,21.0,0.09523809523809534,0.0504747626186905,0.0552096160426005,0.0047348534239100015
80c782587482ea1a2dd9,2026-09-04T11:08:50Z,1697069330d0343bdf7930ac0b0c3863,401858424,fpi_only,home,False,42.0,23.0,win,0.02,0.0,1.02,1.022222222222222,-0.0021739130434779153,0.9495252373813096,0.9447903839573994,-0.0047348534239101125
f5982b40f61e983696f1,2026-09-04T11:08:50Z,1697069330d0343bdf7930ac0b0c3863,401858424,fpi_only,away,False,42.0,23.0,loss,-1.0,-0.0,23.0,21.0,0.09523809523809534,0.0504747626186905,0.0552096160426005,0.0047348534239100015
03102406b5f2c915e374,2026-09-04T11:08:50Z,1697069330d0343bdf7930ac0b0c3863,401858424,ratings_only,home,False,42.0,23.0,win,0.02,0.0,1.02,1.022222222222222,-0.0021739130434779153,0.9495252373813096,0.9447903839573994,-0.0047348534239101125
f842fcc1688ee2167af3,2026-09-04T11:08:50Z,1697069330d0343bdf7930ac0b0c3863,401858424,ratings_only,away,False,42.0,23.0,loss,-1.0,-0.0,23.0,21.0,0.09523809523809534,0.0504747626186905,0.0552096160426005,0.0047348534239100015
f91790eea55276ef1683,2026-09-04T11:08:50Z,1697069330d0343bdf7930ac0b0c3863,401858424,market_only,home,False,42.0,23.0,win,0.02,0.0,1.02,1.022222222222222,-0.0021739130434779153,0.9495252373813096,0.9447903839573994,-0.0047348534239101125
7d9942acd2eba0a3e08a,2026-09-04T11:08:50Z,1697069330d0343bdf7930ac0b0c3863,401858424,market_only,away,False,42.0,23.0,loss,-1.0,-0.0,23.0,21.0,0.09523809523809534,0.0504747626186905,0.0552096160426005,0.0047348534239100015
239d220228a155984f87,2026-09-04T11:08:50Z,e564afb0a5ab84ab43befa56bdb90522,401858423,market_fpi_residual,home,False,21.0,37.0,loss,-1.0,-0.0,1.015384615384615,1.0125,0.002849002849002691,0.9538784067085954,0.9626064420584968,0.008728035349901409
0c24195b7f32c7b594fd,2026-09-04T11:08:50Z,e564afb0a5ab84ab43befa56bdb90522,401858423,market_fpi_residual,away,False,21.0,37.0,win,20.0,0.0,21.0,26.0,-0.1923076923076923,0.0461215932914046,0.0373935579415032,-0.008728035349901395
d5d15dc76c002cc80236,2026-09-04T11:08:50Z,e564afb0a5ab84ab43befa56bdb90522,401858423,market_public_ensemble,home,False,21.0,37.0,loss,-1.0,-0.0,1.015384615384615,1.0125,0.002849002849002691,0.9538784067085954,0.9626064420584968,0.008728035349901409
faf0aa8d8b5cca51d00a,2026-09-04T11:08:50Z,e564afb0a5ab84ab43befa56bdb90522,401858423,market_public_ensemble,away,False,21.0,37.0,win,20.0,0.0,21.0,26.0,-0.1923076923076923,0.0461215932914046,0.0373935579415032,-0.008728035349901395
ae3aa2e257b7862a0814,2026-09-04T11:08:50Z,e564afb0a5ab84ab43befa56bdb90522,401858423,fpi_only,home,False,21.0,37.0,loss,-1.0,-0.0,1.015384615384615,1.0125,0.002849002849002691,0.9538784067085954,0.9626064420584968,0.008728035349901409
8879c7a52edde7debf51,2026-09-04T11:08:50Z,e564afb0a5ab84ab43befa56bdb90522,401858423,fpi_only,away,False,21.0,37.0,win,20.0,0.0,21.0,26.0,-0.1923076923076923,0.0461215932914046,0.0373935579415032,-0.008728035349901395
297136ec59ba6876f0de,2026-09-04T11:08:50Z,e564afb0a5ab84ab43befa56bdb90522,401858423,ratings_only,home,False,21.0,37.0,loss,-1.0,-0.0,1.015384615384615,1.0125,0.002849002849002691,0.9538784067085954,0.9626064420584968,0.008728035349901409
485e74825bdbd6f28469,2026-09-04T11:08:50Z,e564afb0a5ab84ab43befa56bdb90522,401858423,ratings_only,away,False,21.0,37.0,win,20.0,0.0,21.0,26.0,-0.1923076923076923,0.0461215932914046,0.0373935579415032,-0.008728035349901395
c37aaac4f9e1fd36946a,2026-09-04T11:08:50Z,e564afb0a5ab84ab43befa56bdb90522,401858423,market_only,home,False,21.0,37.0,loss,-1.0,-0.0,1.015384615384615,1.0125,0.002849002849002691,0.9538784067085954,0.9626064420584968,0.008728035349901409
384f625b62402794c61a,2026-09-04T11:08:50Z,e564afb0a5ab84ab43befa56bdb90522,401858423,market_only,away,False,21.0,37.0,win,20.0,0.0,21.0,26.0,-0.1923076923076923,0.0461215932914046,0.0373935579415032,-0.008728035349901395
34ef7ca5420b8fad030a,2026-09-04T11:08:50Z,f089e3d943a34a9c4fe1808568b96529,401858204,market_fpi_residual,home,False,38.0,16.0,win,0.045454545454545456,0.0,1.0454545454545454,1.04,0.005244755244755206,0.9270403542316592,0.9351620947630924,0.00812174053143322
e52bbd9ef3840aef99df,2026-09-04T11:08:50Z,f089e3d943a34a9c4fe1808568b96529,401858204,market_fpi_residual,away,False,38.0,16.0,loss,-1.0,-0.0,15.0,17.0,-0.11764705882352944,0.0729596457683406,0.0648379052369076,-0.008121740531432997
a6abf7d335114c840c34,2026-09-04T11:08:50Z,f089e3d943a34a9c4fe1808568b96529,401858204,market_public_ensemble,home,False,38.0,16.0,win,0.045454545454545456,0.0,1.0454545454545454,1.04,0.005244755244755206,0.9270403542316592,0.9351620947630924,0.00812174053143322
07857def0894c5cfc17d,2026-09-04T11:08:50Z,f089e3d943a34a9c4fe1808568b96529,401858204,market_public_ensemble,away,False,38.0,16.0,loss,-1.0,-0.0,15.0,17.0,-0.11764705882352944,0.0729596457683406,0.0648379052369076,-0.008121740531432997
5f43bf92981cd930a9dc,2026-09-04T11:08:50Z,f089e3d943a34a9c4fe1808568b96529,401858204,fpi_only,home,False,38.0,16.0,win,0.045454545454545456,0.0,1.0454545454545454,1.04,0.005244755244755206,0.9270403542316592,0.9351620947630924,0.00812174053143322
48ae4ef40a305bb58243,2026-09-04T11:08:50Z,f089e3d943a34a9c4fe1808568b96529,401858204,fpi_only,away,False,38.0,16.0,loss,-1.0,-0.0,15.0,17.0,-0.11764705882352944,0.0729596457683406,0.0648379052369076,-0.008121740531432997
39ddc4b712177b6b55dd,2026-09-04T11:08:50Z,f089e3d943a34a9c4fe1808568b96529,401858204,ratings_only,home,False,38.0,16.0,win,0.045454545454545456,0.0,1.0454545454545454,1.04,0.005244755244755206,0.9270403542316592,0.9351620947630924,0.00812174053143322
93082a8abf5099ae9c3e,2026-09-04T11:08:50Z,f089e3d943a34a9c4fe1808568b96529,401858204,ratings_only,away,False,38.0,16.0,loss,-1.0,-0.0,15.0,17.0,-0.11764705882352944,0.0729596457683406,0.0648379052369076,-0.008121740531432997
83a3efa3d4ebe571c38c,2026-09-04T11:08:50Z,f089e3d943a34a9c4fe1808568b96529,401858204,market_only,home,False,38.0,16.0,win,0.045454545454545456,0.0,1.0454545454545454,1.04,0.005244755244755206,0.9270403542316592,0.9351620947630924,0.00812174053143322
ee8ca3cd54195f62f420,2026-09-04T11:08:50Z,f089e3d943a34a9c4fe1808568b96529,401858204,market_only,away,False,38.0,16.0,loss,-1.0,-0.0,15.0,17.0,-0.11764705882352944,0.0729596457683406,0.0648379052369076,-0.008121740531432997
80f46858f4a2fe35e9e9,2026-09-04T11:08:50Z,2f02052c3228ed6d9dc2e8ff8cdf5cdd,401866409,market_fpi_residual,home,False,21.0,17.0,win,0.014285714285714285,0.0,1.0142857142857142,1.0833333333333333,-0.06373626373626373,0.9558802416408552,0.8986300147451887,-0.0572502268956665
aaa83b2891ed434683c3,2026-09-04T11:08:50Z,2f02052c3228ed6d9dc2e8ff8cdf5cdd,401866409,market_fpi_residual,away,False,21.0,17.0,loss,-1.0,-0.0,23.0,9.9,1.323232323232323,0.0441197583591448,0.1013699852548113,0.05725022689566651
56d8fdb2eed02ac8e2a2,2026-09-04T11:08:50Z,2f02052c3228ed6d9dc2e8ff8cdf5cdd,401866409,market_public_ensemble,home,False,21.0,17.0,win,0.014285714285714285,0.0,1.0142857142857142,1.0833333333333333,-0.06373626373626373,0.9558802416408552,0.8986300147451887,-0.0572502268956665
2ae81d35fcc3db7aa06d,2026-09-04T11:08:50Z,2f02052c3228ed6d9dc2e8ff8cdf5cdd,401866409,market_public_ensemble,away,False,21.0,17.0,loss,-1.0,-0.0,23.0,9.9,1.323232323232323,0.0441197583591448,0.1013699852548113,0.05725022689566651
91ed496819bf4ae0b92e,2026-09-04T11:08:50Z,2f02052c3228ed6d9dc2e8ff8cdf5cdd,401866409,fpi_only,home,False,21.0,17.0,win,0.014285714285714285,0.0,1.0142857142857142,1.0833333333333333,-0.06373626373626373,0.9558802416408552,0.8986300147451887,-0.0572502268956665
09532390bc0e4abd2a22,2026-09-04T11:08:50Z,2f02052c3228ed6d9dc2e8ff8cdf5cdd,401866409,fpi_only,away,False,21.0,17.0,loss,-1.0,-0.0,23.0,9.9,1.323232323232323,0.0441197583591448,0.1013699852548113,0.05725022689566651
edf427b2555b4119dafe,2026-09-04T11:08:50Z,2f02052c3228ed6d9dc2e8ff8cdf5cdd,401866409,market_only,home,False,21.0,17.0,win,0.014285714285714285,0.0,1.0142857142857142,1.0833333333333333,-0.06373626373626373,0.9558802416408552,0.8986300147451887,-0.0572502268956665
9f391b9cf966a7eece00,2026-09-04T11:08:50Z,2f02052c3228ed6d9dc2e8ff8cdf5cdd,401866409,market_only,away,False,21.0,17.0,loss,-1.0,-0.0,23.0,9.9,1.323232323232323,0.0441197583591448,0.1013699852548113,0.05725022689566651
ef5cb06e75e96eac873f,2026-09-04T11:08:50Z,99279326548a5f5399cc9a2efe27a057,401864424,market_fpi_residual,home,False,42.0,7.0,win,0.01,0.0,1.01,1.01,0.0,0.9648080707189616,0.9711510996858042,0.006343028966842579
380dee7b3f5b3f1b53fa,2026-09-04T11:08:50Z,99279326548a5f5399cc9a2efe27a057,401864424,market_fpi_residual,away,False,42.0,7.0,loss,-1.0,-0.0,31.0,36.0,-0.13888888888888884,0.0351919292810385,0.0288489003141958,-0.0063430289668427
aba62722b68169ef436e,2026-09-04T11:08:50Z,99279326548a5f5399cc9a2efe27a057,401864424,market_public_ensemble,home,False,42.0,7.0,win,0.01,0.0,1.01,1.01,0.0,0.9648080707189616,0.9711510996858042,0.006343028966842579
d8176bb55fd9e258ae35,2026-09-04T11:08:50Z,99279326548a5f5399cc9a2efe27a057,401864424,market_public_ensemble,away,False,42.0,7.0,loss,-1.0,-0.0,31.0,36.0,-0.13888888888888884,0.0351919292810385,0.0288489003141958,-0.0063430289668427
9a45052ed5e5a59ca8e9,2026-09-04T11:08:50Z,99279326548a5f5399cc9a2efe27a057,401864424,fpi_only,home,False,42.0,7.0,win,0.01,0.0,1.01,1.01,0.0,0.9648080707189616,0.9711510996858042,0.006343028966842579
27c317d1f8dc977173ec,2026-09-04T11:08:50Z,99279326548a5f5399cc9a2efe27a057,401864424,fpi_only,away,False,42.0,7.0,loss,-1.0,-0.0,31.0,36.0,-0.13888888888888884,0.0351919292810385,0.0288489003141958,-0.0063430289668427
f88ecf95dc9bd1f28bca,2026-09-04T11:08:50Z,99279326548a5f5399cc9a2efe27a057,401864424,market_only,home,False,42.0,7.0,win,0.01,0.0,1.01,1.01,0.0,0.9648080707189616,0.9711510996858042,0.006343028966842579
2c1be17caf06462a94d1,2026-09-04T11:08:50Z,99279326548a5f5399cc9a2efe27a057,401864424,market_only,away,False,42.0,7.0,loss,-1.0,-0.0,31.0,36.0,-0.13888888888888884,0.0351919292810385,0.0288489003141958,-0.0063430289668427
792d6e0c792da60a0432,2026-09-04T11:08:50Z,018e668269a3b5dc4055758ca86b1062,401864425,market_fpi_residual,home,False,47.0,0.0,win,0.02857142857142857,0.0,1.0285714285714285,1.04,-0.010989010989011172,0.9351384737244104,0.9338827461559928,-0.0012557275684176306
c7fe9100b891f97bd14b,2026-09-04T11:08:50Z,018e668269a3b5dc4055758ca86b1062,401864425,market_fpi_residual,away,False,47.0,0.0,loss,-1.0,-0.0,16.0,16.0,0.0,0.0648615262755896,0.0661172538440071,0.0012557275684175057
e25becd46d8589220f73,2026-09-04T11:08:50Z,018e668269a3b5dc4055758ca86b1062,401864425,market_public_ensemble,home,False,47.0,0.0,win,0.02857142857142857,0.0,1.0285714285714285,1.04,-0.010989010989011172,0.9351384737244104,0.9338827461559928,-0.0012557275684176306
c76a23a3964243b69521,2026-09-04T11:08:50Z,018e668269a3b5dc4055758ca86b1062,401864425,market_public_ensemble,away,False,47.0,0.0,loss,-1.0,-0.0,16.0,16.0,0.0,0.0648615262755896,0.0661172538440071,0.0012557275684175057
e4cd04f1fa57746f6cc6,2026-09-04T11:08:50Z,018e668269a3b5dc4055758ca86b1062,401864425,fpi_only,home,False,47.0,0.0,win,0.02857142857142857,0.0,1.0285714285714285,1.04,-0.010989010989011172,0.9351384737244104,0.9338827461559928,-0.0012557275684176306
0c02e8c71af073179bbc,2026-09-04T11:08:50Z,018e668269a3b5dc4055758ca86b1062,401864425,fpi_only,away,False,47.0,0.0,loss,-1.0,-0.0,16.0,16.0,0.0,0.0648615262755896,0.0661172538440071,0.0012557275684175057
13f132d20e4e38f5299d,2026-09-04T11:08:50Z,018e668269a3b5dc4055758ca86b1062,401864425,market_only,home,False,47.0,0.0,win,0.02857142857142857,0.0,1.0285714285714285,1.04,-0.010989010989011172,0.9351384737244104,0.9338827461559928,-0.0012557275684176306
930f76f37de3a8fd7c23,2026-09-04T11:08:50Z,018e668269a3b5dc4055758ca86b1062,401864425,market_only,away,False,47.0,0.0,loss,-1.0,-0.0,16.0,16.0,0.0,0.0648615262755896,0.0661172538440071,0.0012557275684175057
7dfcaaec6ffc8116c47b,2026-09-04T11:08:50Z,1d6daad1c93bf7e5ae16be1db12e27d5,401856776,market_fpi_residual,home,False,13.0,14.0,loss,-1.0,-0.0,1.425531914893617,1.425531914893617,0.0,0.6907800182918863,0.6778846153846154,-0.01289540290727087
a241f4090683eb61dd6e,2026-09-04T11:08:50Z,1d6daad1c93bf7e5ae16be1db12e27d5,401856776,market_fpi_residual,away,False,13.0,14.0,win,2.2,0.0,3.2,3.1,0.032258064516129004,0.3092199817081137,0.3221153846153846,0.01289540290727087
66433a6c776dff706645,2026-09-04T11:08:50Z,1d6daad1c93bf7e5ae16be1db12e27d5,401856776,market_public_ensemble,home,False,13.0,14.0,loss,-1.0,-0.0,1.425531914893617,1.425531914893617,0.0,0.6907800182918863,0.6778846153846154,-0.01289540290727087
415da590ab40863e70a5,2026-09-04T11:08:50Z,1d6daad1c93bf7e5ae16be1db12e27d5,401856776,market_public_ensemble,away,False,13.0,14.0,win,2.2,0.0,3.2,3.1,0.032258064516129004,0.3092199817081137,0.3221153846153846,0.01289540290727087
2d8516482416de048133,2026-09-04T11:08:50Z,1d6daad1c93bf7e5ae16be1db12e27d5,401856776,fpi_only,home,False,13.0,14.0,loss,-1.0,-0.0,1.425531914893617,1.425531914893617,0.0,0.6907800182918863,0.6778846153846154,-0.01289540290727087
cb31f24025dd0c5d0b18,2026-09-04T11:08:50Z,1d6daad1c93bf7e5ae16be1db12e27d5,401856776,fpi_only,away,False,13.0,14.0,win,2.2,0.0,3.2,3.1,0.032258064516129004,0.3092199817081137,0.3221153846153846,0.01289540290727087
0f4c0e81b7afa46ccc14,2026-09-04T11:08:50Z,1d6daad1c93bf7e5ae16be1db12e27d5,401856776,ratings_only,home,False,13.0,14.0,loss,-1.0,-0.0,1.425531914893617,1.425531914893617,0.0,0.6907800182918863,0.6778846153846154,-0.01289540290727087
05ecfe2a9924eba46b36,2026-09-04T11:08:50Z,1d6daad1c93bf7e5ae16be1db12e27d5,401856776,ratings_only,away,False,13.0,14.0,win,2.2,0.0,3.2,3.1,0.032258064516129004,0.3092199817081137,0.3221153846153846,0.01289540290727087
942b8c74404463a3be17,2026-09-04T11:08:50Z,1d6daad1c93bf7e5ae16be1db12e27d5,401856776,market_only,home,False,13.0,14.0,loss,-1.0,-0.0,1.425531914893617,1.425531914893617,0.0,0.6907800182918863,0.6778846153846154,-0.01289540290727087
410d92e6ff75ea50801f,2026-09-04T11:08:50Z,1d6daad1c93bf7e5ae16be1db12e27d5,401856776,market_only,away,False,13.0,14.0,win,2.2,0.0,3.2,3.1,0.032258064516129004,0.3092199817081137,0.3221153846153846,0.01289540290727087
2f7095d9efc6334be204,2026-09-04T11:08:50Z,86e3c86de584357bb263fa4ae819ed30,401856768,market_fpi_residual,home,False,66.0,14.0,win,0.01,0.0,1.01,1.002,0.007984031936127733,0.9722801835520758,0.9807409402558572,0.008460756703781436
8ddf3255c7a9698417ae,2026-09-04T11:08:50Z,86e3c86de584357bb263fa4ae819ed30,401856768,market_fpi_residual,away,False,66.0,14.0,loss,-1.0,-0.0,41.0,51.0,-0.196078431372549,0.0277198164479242,0.0192590597441426,-0.008460756703781599
0e2d9a01b249c0112e3b,2026-09-04T11:08:50Z,86e3c86de584357bb263fa4ae819ed30,401856768,market_public_ensemble,home,False,66.0,14.0,win,0.01,0.0,1.01,1.002,0.007984031936127733,0.9722801835520758,0.9807409402558572,0.008460756703781436
02b788e92d7df40ce3f2,2026-09-04T11:08:50Z,86e3c86de584357bb263fa4ae819ed30,401856768,market_public_ensemble,away,False,66.0,14.0,loss,-1.0,-0.0,41.0,51.0,-0.196078431372549,0.0277198164479242,0.0192590597441426,-0.008460756703781599
3466f2cbf7701235d731,2026-09-04T11:08:50Z,86e3c86de584357bb263fa4ae819ed30,401856768,fpi_only,home,False,66.0,14.0,win,0.01,0.0,1.01,1.002,0.007984031936127733,0.9722801835520758,0.9807409402558572,0.008460756703781436
10d2c91a3932143a9f75,2026-09-04T11:08:50Z,86e3c86de584357bb263fa4ae819ed30,401856768,fpi_only,away,False,66.0,14.0,loss,-1.0,-0.0,41.0,51.0,-0.196078431372549,0.0277198164479242,0.0192590597441426,-0.008460756703781599
ae22fcb54fb41f3562d0,2026-09-04T11:08:50Z,86e3c86de584357bb263fa4ae819ed30,401856768,market_only,home,False,66.0,14.0,win,0.01,0.0,1.01,1.002,0.007984031936127733,0.9722801835520758,0.9807409402558572,0.008460756703781436
b42d3dd29b502553ae72,2026-09-04T11:08:50Z,86e3c86de584357bb263fa4ae819ed30,401856768,market_only,away,False,66.0,14.0,loss,-1.0,-0.0,41.0,51.0,-0.196078431372549,0.0277198164479242,0.0192590597441426,-0.008460756703781599
781738efd36dbdcfdfcd,2026-09-04T11:08:50Z,1697069330d0343bdf7930ac0b0c3863,401858424,market_fpi_residual,home,False,42.0,23.0,win,0.02,0.0,1.02,1.022222222222222,-0.0021739130434779153,0.9495252373813096,0.9447903839573994,-0.0047348534239101125
479b43f044e84e4bd5cf,2026-09-04T11:08:50Z,1697069330d0343bdf7930ac0b0c3863,401858424,market_fpi_residual,away,False,42.0,23.0,loss,-1.0,-0.0,23.0,21.0,0.09523809523809534,0.0504747626186905,0.0552096160426005,0.0047348534239100015
a18f5207d68cf1e8ea31,2026-09-04T11:08:50Z,1697069330d0343bdf7930ac0b0c3863,401858424,market_public_ensemble,home,False,42.0,23.0,win,0.02,0.0,1.02,1.022222222222222,-0.0021739130434779153,0.9495252373813096,0.9447903839573994,-0.0047348534239101125
1fde877fc2b76b7dcf42,2026-09-04T11:08:50Z,1697069330d0343bdf7930ac0b0c3863,401858424,market_public_ensemble,away,False,42.0,23.0,loss,-1.0,-0.0,23.0,21.0,0.09523809523809534,0.0504747626186905,0.0552096160426005,0.0047348534239100015
eb061063a8000474b5f8,2026-09-04T11:08:50Z,1697069330d0343bdf7930ac0b0c3863,401858424,fpi_only,home,False,42.0,23.0,win,0.02,0.0,1.02,1.022222222222222,-0.0021739130434779153,0.9495252373813096,0.9447903839573994,-0.0047348534239101125
1c4d01fd0dd2e29f8f2a,2026-09-04T11:08:50Z,1697069330d0343bdf7930ac0b0c3863,401858424,fpi_only,away,False,42.0,23.0,loss,-1.0,-0.0,23.0,21.0,0.09523809523809534,0.0504747626186905,0.0552096160426005,0.0047348534239100015
ce0c7f54023e786abbc6,2026-09-04T11:08:50Z,1697069330d0343bdf7930ac0b0c3863,401858424,ratings_only,home,False,42.0,23.0,win,0.02,0.0,1.02,1.022222222222222,-0.0021739130434779153,0.9495252373813096,0.9447903839573994,-0.0047348534239101125
18c6f341cf937729f16d,2026-09-04T11:08:50Z,1697069330d0343bdf7930ac0b0c3863,401858424,ratings_only,away,False,42.0,23.0,loss,-1.0,-0.0,23.0,21.0,0.09523809523809534,0.0504747626186905,0.0552096160426005,0.0047348534239100015
444eedd27717a1a3d86a,2026-09-04T11:08:50Z,1697069330d0343bdf7930ac0b0c3863,401858424,market_only,home,False,42.0,23.0,win,0.02,0.0,1.02,1.022222222222222,-0.0021739130434779153,0.9495252373813096,0.9447903839573994,-0.0047348534239101125
79a96fafddb659314c4d,2026-09-04T11:08:50Z,1697069330d0343bdf7930ac0b0c3863,401858424,market_only,away,False,42.0,23.0,loss,-1.0,-0.0,23.0,21.0,0.09523809523809534,0.0504747626186905,0.0552096160426005,0.0047348534239100015
8bfa4b2c32afdf264d39,2026-09-04T11:08:50Z,e564afb0a5ab84ab43befa56bdb90522,401858423,market_fpi_residual,home,False,21.0,37.0,loss,-1.0,-0.0,1.02,1.0125,0.007407407407407529,0.9587491546254432,0.9626064420584968,0.00385728743305358
97f6136e7ab113456ed9,2026-09-04T11:08:50Z,e564afb0a5ab84ab43befa56bdb90522,401858423,market_fpi_residual,away,False,21.0,37.0,win,30.0,0.0,31.0,26.0,0.1923076923076923,0.0412508453745567,0.0373935579415032,-0.0038572874330534968
59c11d8de560b96d72e6,2026-09-04T11:08:50Z,e564afb0a5ab84ab43befa56bdb90522,401858423,market_public_ensemble,home,False,21.0,37.0,loss,-1.0,-0.0,1.02,1.0125,0.007407407407407529,0.9587491546254432,0.9626064420584968,0.00385728743305358
b5a299ab1e3ee725f61f,2026-09-04T11:08:50Z,e564afb0a5ab84ab43befa56bdb90522,401858423,market_public_ensemble,away,False,21.0,37.0,win,30.0,0.0,31.0,26.0,0.1923076923076923,0.0412508453745567,0.0373935579415032,-0.0038572874330534968
ae0a7307d9d2d403df7e,2026-09-04T11:08:50Z,e564afb0a5ab84ab43befa56bdb90522,401858423,fpi_only,home,False,21.0,37.0,loss,-1.0,-0.0,1.02,1.0125,0.007407407407407529,0.9587491546254432,0.9626064420584968,0.00385728743305358
c552697f396a5ca2144c,2026-09-04T11:08:50Z,e564afb0a5ab84ab43befa56bdb90522,401858423,fpi_only,away,False,21.0,37.0,win,30.0,0.0,31.0,26.0,0.1923076923076923,0.0412508453745567,0.0373935579415032,-0.0038572874330534968
6f24b9527669f531a9bf,2026-09-04T11:08:51Z,e564afb0a5ab84ab43befa56bdb90522,401858423,ratings_only,home,False,21.0,37.0,loss,-1.0,-0.0,1.02,1.0125,0.007407407407407529,0.9587491546254432,0.9626064420584968,0.00385728743305358
88b6b25f909d6968cd32,2026-09-04T11:08:51Z,e564afb0a5ab84ab43befa56bdb90522,401858423,ratings_only,away,False,21.0,37.0,win,30.0,0.0,31.0,26.0,0.1923076923076923,0.0412508453745567,0.0373935579415032,-0.0038572874330534968
ee2342c6eb67949d7709,2026-09-04T11:08:51Z,e564afb0a5ab84ab43befa56bdb90522,401858423,market_only,home,False,21.0,37.0,loss,-1.0,-0.0,1.02,1.0125,0.007407407407407529,0.9587491546254432,0.9626064420584968,0.00385728743305358
fa9baf4a8c7e008c3781,2026-09-04T11:08:51Z,e564afb0a5ab84ab43befa56bdb90522,401858423,market_only,away,False,21.0,37.0,win,30.0,0.0,31.0,26.0,0.1923076923076923,0.0412508453745567,0.0373935579415032,-0.0038572874330534968
bc78fadc0b9e6ae2cf42,2026-09-04T11:08:51Z,f089e3d943a34a9c4fe1808568b96529,401858204,market_fpi_residual,home,False,38.0,16.0,win,0.045454545454545456,0.0,1.0454545454545454,1.04,0.005244755244755206,0.9291521061623929,0.9351620947630924,0.006009988600699567
8cbed41449d003d9df8e,2026-09-04T11:08:51Z,f089e3d943a34a9c4fe1808568b96529,401858204,market_fpi_residual,away,False,38.0,16.0,loss,-1.0,-0.0,15.0,17.0,-0.11764705882352944,0.0708478938376071,0.0648379052369076,-0.006009988600699498
a4c4fcd8ccd785b401b7,2026-09-04T11:08:51Z,f089e3d943a34a9c4fe1808568b96529,401858204,market_public_ensemble,home,False,38.0,16.0,win,0.045454545454545456,0.0,1.0454545454545454,1.04,0.005244755244755206,0.9291521061623929,0.9351620947630924,0.006009988600699567
a5edbcbf575a12fbe953,2026-09-04T11:08:51Z,f089e3d943a34a9c4fe1808568b96529,401858204,market_public_ensemble,away,False,38.0,16.0,loss,-1.0,-0.0,15.0,17.0,-0.11764705882352944,0.0708478938376071,0.0648379052369076,-0.006009988600699498
1cf7f3d2e60078a263eb,2026-09-04T11:08:51Z,f089e3d943a34a9c4fe1808568b96529,401858204,fpi_only,home,False,38.0,16.0,win,0.045454545454545456,0.0,1.0454545454545454,1.04,0.005244755244755206,0.9291521061623929,0.9351620947630924,0.006009988600699567
083fdf79420dc62c80c8,2026-09-04T11:08:51Z,f089e3d943a34a9c4fe1808568b96529,401858204,fpi_only,away,False,38.0,16.0,loss,-1.0,-0.0,15.0,17.0,-0.11764705882352944,0.0708478938376071,0.0648379052369076,-0.006009988600699498
ca407c671eda90de5191,2026-09-04T11:08:51Z,f089e3d943a34a9c4fe1808568b96529,401858204,ratings_only,home,False,38.0,16.0,win,0.045454545454545456,0.0,1.0454545454545454,1.04,0.005244755244755206,0.9291521061623929,0.9351620947630924,0.006009988600699567
c688129eb95a480f4d2a,2026-09-04T11:08:51Z,f089e3d943a34a9c4fe1808568b96529,401858204,ratings_only,away,False,38.0,16.0,loss,-1.0,-0.0,15.0,17.0,-0.11764705882352944,0.0708478938376071,0.0648379052369076,-0.006009988600699498
72073ff3fe2980ee2980,2026-09-04T11:08:51Z,f089e3d943a34a9c4fe1808568b96529,401858204,market_only,home,False,38.0,16.0,win,0.045454545454545456,0.0,1.0454545454545454,1.04,0.005244755244755206,0.9291521061623929,0.9351620947630924,0.006009988600699567
01fc2e005d791bda4876,2026-09-04T11:08:51Z,f089e3d943a34a9c4fe1808568b96529,401858204,market_only,away,False,38.0,16.0,loss,-1.0,-0.0,15.0,17.0,-0.11764705882352944,0.0708478938376071,0.0648379052369076,-0.006009988600699498
00fbefaf42a36ca3bcfe,2026-09-04T11:08:51Z,2f02052c3228ed6d9dc2e8ff8cdf5cdd,401866409,market_fpi_residual,home,False,21.0,17.0,win,0.022222222222222223,0.0,1.022222222222222,1.0833333333333333,-0.056410256410256654,0.9505571812872328,0.8986300147451887,-0.0519271665420441
f2208937f21b9258ba3a,2026-09-04T11:08:51Z,2f02052c3228ed6d9dc2e8ff8cdf5cdd,401866409,market_fpi_residual,away,False,21.0,17.0,loss,-1.0,-0.0,23.0,9.9,1.323232323232323,0.0494428187127671,0.1013699852548113,0.051927166542044205
28f69587b6e32acef0e3,2026-09-04T11:08:51Z,2f02052c3228ed6d9dc2e8ff8cdf5cdd,401866409,market_public_ensemble,home,False,21.0,17.0,win,0.022222222222222223,0.0,1.022222222222222,1.0833333333333333,-0.056410256410256654,0.9505571812872328,0.8986300147451887,-0.0519271665420441
a68d2841d301e2120d37,2026-09-04T11:08:51Z,2f02052c3228ed6d9dc2e8ff8cdf5cdd,401866409,market_public_ensemble,away,False,21.0,17.0,loss,-1.0,-0.0,23.0,9.9,1.323232323232323,0.0494428187127671,0.1013699852548113,0.051927166542044205
c12d4928b6452698dd35,2026-09-04T11:08:51Z,2f02052c3228ed6d9dc2e8ff8cdf5cdd,401866409,fpi_only,home,False,21.0,17.0,win,0.022222222222222223,0.0,1.022222222222222,1.0833333333333333,-0.056410256410256654,0.9505571812872328,0.8986300147451887,-0.0519271665420441
72a316de6c84377f656d,2026-09-04T11:08:51Z,2f02052c3228ed6d9dc2e8ff8cdf5cdd,401866409,fpi_only,away,False,21.0,17.0,loss,-1.0,-0.0,23.0,9.9,1.323232323232323,0.0494428187127671,0.1013699852548113,0.051927166542044205
d4209230a237be0c4b2d,2026-09-04T11:08:51Z,2f02052c3228ed6d9dc2e8ff8cdf5cdd,401866409,market_only,home,False,21.0,17.0,win,0.022222222222222223,0.0,1.022222222222222,1.0833333333333333,-0.056410256410256654,0.9505571812872328,0.8986300147451887,-0.0519271665420441
48167d5fe3293fdc4f82,2026-09-04T11:08:51Z,2f02052c3228ed6d9dc2e8ff8cdf5cdd,401866409,market_only,away,False,21.0,17.0,loss,-1.0,-0.0,23.0,9.9,1.323232323232323,0.0494428187127671,0.1013699852548113,0.051927166542044205
1c7518aa64465258bf0f,2026-09-04T11:08:51Z,99279326548a5f5399cc9a2efe27a057,401864424,market_fpi_residual,home,False,42.0,7.0,win,0.01,0.0,1.01,1.01,0.0,0.9648080707189616,0.9711510996858042,0.006343028966842579
26cc7c59b5818af63344,2026-09-04T11:08:51Z,99279326548a5f5399cc9a2efe27a057,401864424,market_fpi_residual,away,False,42.0,7.0,loss,-1.0,-0.0,31.0,36.0,-0.13888888888888884,0.0351919292810385,0.0288489003141958,-0.0063430289668427
16497cf48a0d7c78447b,2026-09-04T11:08:51Z,99279326548a5f5399cc9a2efe27a057,401864424,market_public_ensemble,home,False,42.0,7.0,win,0.01,0.0,1.01,1.01,0.0,0.9648080707189616,0.9711510996858042,0.006343028966842579
dc504b3a0949ef9a21ce,2026-09-04T11:08:51Z,99279326548a5f5399cc9a2efe27a057,401864424,market_public_ensemble,away,False,42.0,7.0,loss,-1.0,-0.0,31.0,36.0,-0.13888888888888884,0.0351919292810385,0.0288489003141958,-0.0063430289668427
058ee59cbaaff7822adf,2026-09-04T11:08:51Z,99279326548a5f5399cc9a2efe27a057,401864424,fpi_only,home,False,42.0,7.0,win,0.01,0.0,1.01,1.01,0.0,0.9648080707189616,0.9711510996858042,0.006343028966842579
bcdace34d8434bf7319d,2026-09-04T11:08:51Z,99279326548a5f5399cc9a2efe27a057,401864424,fpi_only,away,False,42.0,7.0,loss,-1.0,-0.0,31.0,36.0,-0.13888888888888884,0.0351919292810385,0.0288489003141958,-0.0063430289668427
bbb04b6f5d43e8e2043f,2026-09-04T11:08:51Z,99279326548a5f5399cc9a2efe27a057,401864424,market_only,home,False,42.0,7.0,win,0.01,0.0,1.01,1.01,0.0,0.9648080707189616,0.9711510996858042,0.006343028966842579
2b8f9e9ce5f70ae0a17d,2026-09-04T11:08:51Z,99279326548a5f5399cc9a2efe27a057,401864424,market_only,away,False,42.0,7.0,loss,-1.0,-0.0,31.0,36.0,-0.13888888888888884,0.0351919292810385,0.0288489003141958,-0.0063430289668427
601b0d5086d3f16974d9,2026-09-04T11:08:51Z,018e668269a3b5dc4055758ca86b1062,401864425,market_fpi_residual,home,False,47.0,0.0,win,0.02857142857142857,0.0,1.0285714285714285,1.04,-0.010989010989011172,0.9351384737244104,0.9338827461559928,-0.0012557275684176306
08ccf95febdfa13f0abf,2026-09-04T11:08:51Z,018e668269a3b5dc4055758ca86b1062,401864425,market_fpi_residual,away,False,47.0,0.0,loss,-1.0,-0.0,16.0,16.0,0.0,0.0648615262755896,0.0661172538440071,0.0012557275684175057
494fc79eb0411130d972,2026-09-04T11:08:51Z,018e668269a3b5dc4055758ca86b1062,401864425,market_public_ensemble,home,False,47.0,0.0,win,0.02857142857142857,0.0,1.0285714285714285,1.04,-0.010989010989011172,0.9351384737244104,0.9338827461559928,-0.0012557275684176306
b4fcfe85e825fe174170,2026-09-04T11:08:51Z,018e668269a3b5dc4055758ca86b1062,401864425,market_public_ensemble,away,False,47.0,0.0,loss,-1.0,-0.0,16.0,16.0,0.0,0.0648615262755896,0.0661172538440071,0.0012557275684175057
50741331c16e10918efc,2026-09-04T11:08:51Z,018e668269a3b5dc4055758ca86b1062,401864425,fpi_only,home,False,47.0,0.0,win,0.02857142857142857,0.0,1.0285714285714285,1.04,-0.010989010989011172,0.9351384737244104,0.9338827461559928,-0.0012557275684176306
b99cca4e191b9e98a5e0,2026-09-04T11:08:51Z,018e668269a3b5dc4055758ca86b1062,401864425,fpi_only,away,False,47.0,0.0,loss,-1.0,-0.0,16.0,16.0,0.0,0.0648615262755896,0.0661172538440071,0.0012557275684175057
11c104c8588e7da1daa7,2026-09-04T11:08:51Z,018e668269a3b5dc4055758ca86b1062,401864425,market_only,home,False,47.0,0.0,win,0.02857142857142857,0.0,1.0285714285714285,1.04,-0.010989010989011172,0.9351384737244104,0.9338827461559928,-0.0012557275684176306
e7195afdd4d70b65f6b3,2026-09-04T11:08:51Z,018e668269a3b5dc4055758ca86b1062,401864425,market_only,away,False,47.0,0.0,loss,-1.0,-0.0,16.0,16.0,0.0,0.0648615262755896,0.0661172538440071,0.0012557275684175057
e9e6f9418e198c26e7a4,2026-09-04T11:08:51Z,1d6daad1c93bf7e5ae16be1db12e27d5,401856776,market_fpi_residual,home,False,13.0,14.0,loss,-1.0,-0.0,1.425531914893617,1.425531914893617,0.0,0.6866033988082101,0.6778846153846154,-0.008718783423594667
3460ced927f3176f0703,2026-09-04T11:08:51Z,1d6daad1c93bf7e5ae16be1db12e27d5,401856776,market_fpi_residual,away,False,13.0,14.0,win,2.15,0.0,3.15,3.1,0.016129032258064502,0.3133966011917899,0.3221153846153846,0.008718783423594667
cce5cb56bc061ac939aa,2026-09-04T11:08:51Z,1d6daad1c93bf7e5ae16be1db12e27d5,401856776,market_public_ensemble,home,False,13.0,14.0,loss,-1.0,-0.0,1.425531914893617,1.425531914893617,0.0,0.6866033988082101,0.6778846153846154,-0.008718783423594667
b581419a7f0dcb6a844a,2026-09-04T11:08:51Z,1d6daad1c93bf7e5ae16be1db12e27d5,401856776,market_public_ensemble,away,False,13.0,14.0,win,2.15,0.0,3.15,3.1,0.016129032258064502,0.3133966011917899,0.3221153846153846,0.008718783423594667
6e736e9a69ad03be8a44,2026-09-04T11:08:51Z,1d6daad1c93bf7e5ae16be1db12e27d5,401856776,fpi_only,home,False,13.0,14.0,loss,-1.0,-0.0,1.425531914893617,1.425531914893617,0.0,0.6866033988082101,0.6778846153846154,-0.008718783423594667
2824a11571f34aa6e44f,2026-09-04T11:08:51Z,1d6daad1c93bf7e5ae16be1db12e27d5,401856776,fpi_only,away,False,13.0,14.0,win,2.15,0.0,3.15,3.1,0.016129032258064502,0.3133966011917899,0.3221153846153846,0.008718783423594667
8635dc1e489ed501c302,2026-09-04T11:08:51Z,1d6daad1c93bf7e5ae16be1db12e27d5,401856776,ratings_only,home,False,13.0,14.0,loss,-1.0,-0.0,1.425531914893617,1.425531914893617,0.0,0.6866033988082101,0.6778846153846154,-0.008718783423594667
48e209a701162f77dba3,2026-09-04T11:08:51Z,1d6daad1c93bf7e5ae16be1db12e27d5,401856776,ratings_only,away,False,13.0,14.0,win,2.15,0.0,3.15,3.1,0.016129032258064502,0.3133966011917899,0.3221153846153846,0.008718783423594667
0af559d7c58dd1166fe6,2026-09-04T11:08:51Z,1d6daad1c93bf7e5ae16be1db12e27d5,401856776,market_only,home,False,13.0,14.0,loss,-1.0,-0.0,1.425531914893617,1.425531914893617,0.0,0.6866033988082101,0.6778846153846154,-0.008718783423594667
27512ef97de556f38e43,2026-09-04T11:08:51Z,1d6daad1c93bf7e5ae16be1db12e27d5,401856776,market_only,away,False,13.0,14.0,win,2.15,0.0,3.15,3.1,0.016129032258064502,0.3133966011917899,0.3221153846153846,0.008718783423594667
0910900fe53e8ab3a29f,2026-09-04T11:08:51Z,86e3c86de584357bb263fa4ae819ed30,401856768,market_fpi_residual,home,False,66.0,14.0,win,0.01,0.0,1.01,1.002,0.007984031936127733,0.9722801835520758,0.9807409402558572,0.008460756703781436
e6b7233157ae1047fac3,2026-09-04T11:08:51Z,86e3c86de584357bb263fa4ae819ed30,401856768,market_fpi_residual,away,False,66.0,14.0,loss,-1.0,-0.0,41.0,51.0,-0.196078431372549,0.0277198164479242,0.0192590597441426,-0.008460756703781599
adae33f589af03ec8bc6,2026-09-04T11:08:51Z,86e3c86de584357bb263fa4ae819ed30,401856768,market_public_ensemble,home,False,66.0,14.0,win,0.01,0.0,1.01,1.002,0.007984031936127733,0.9722801835520758,0.9807409402558572,0.008460756703781436
43beac4aef324db786fb,2026-09-04T11:08:51Z,86e3c86de584357bb263fa4ae819ed30,401856768,market_public_ensemble,away,False,66.0,14.0,loss,-1.0,-0.0,41.0,51.0,-0.196078431372549,0.0277198164479242,0.0192590597441426,-0.008460756703781599
b7804d5b9227aaaf5058,2026-09-04T11:08:51Z,86e3c86de584357bb263fa4ae819ed30,401856768,fpi_only,home,False,66.0,14.0,win,0.01,0.0,1.01,1.002,0.007984031936127733,0.9722801835520758,0.9807409402558572,0.008460756703781436
defd733df62ddc903e44,2026-09-04T11:08:51Z,86e3c86de584357bb263fa4ae819ed30,401856768,fpi_only,away,False,66.0,14.0,loss,-1.0,-0.0,41.0,51.0,-0.196078431372549,0.0277198164479242,0.0192590597441426,-0.008460756703781599
bc5554851a55307be5a5,2026-09-04T11:08:51Z,86e3c86de584357bb263fa4ae819ed30,401856768,market_only,home,False,66.0,14.0,win,0.01,0.0,1.01,1.002,0.007984031936127733,0.9722801835520758,0.9807409402558572,0.008460756703781436
5394cc0302c03096238f,2026-09-04T11:08:51Z,86e3c86de584357bb263fa4ae819ed30,401856768,market_only,away,False,66.0,14.0,loss,-1.0,-0.0,41.0,51.0,-0.196078431372549,0.0277198164479242,0.0192590597441426,-0.008460756703781599
c902db697894c5e02bb1,2026-09-04T11:08:51Z,1697069330d0343bdf7930ac0b0c3863,401858424,market_fpi_residual,home,False,42.0,23.0,win,0.02,0.0,1.02,1.022222222222222,-0.0021739130434779153,0.9536784741144416,0.9447903839573994,-0.008888090157042172
a3ec6cee95a5c57a83f9,2026-09-04T11:08:51Z,1697069330d0343bdf7930ac0b0c3863,401858424,market_fpi_residual,away,False,42.0,23.0,loss,-1.0,-0.0,23.0,21.0,0.09523809523809534,0.0463215258855584,0.0552096160426005,0.008888090157042103
6576fede4963206a432b,2026-09-04T11:08:51Z,1697069330d0343bdf7930ac0b0c3863,401858424,market_public_ensemble,home,False,42.0,23.0,win,0.02,0.0,1.02,1.022222222222222,-0.0021739130434779153,0.9536784741144416,0.9447903839573994,-0.008888090157042172
4ba8da743c82e0e40080,2026-09-04T11:08:51Z,1697069330d0343bdf7930ac0b0c3863,401858424,market_public_ensemble,away,False,42.0,23.0,loss,-1.0,-0.0,23.0,21.0,0.09523809523809534,0.0463215258855584,0.0552096160426005,0.008888090157042103
6f1e1c917a91236e6d82,2026-09-04T11:08:51Z,1697069330d0343bdf7930ac0b0c3863,401858424,fpi_only,home,False,42.0,23.0,win,0.02,0.0,1.02,1.022222222222222,-0.0021739130434779153,0.9536784741144416,0.9447903839573994,-0.008888090157042172
c7d8ba423975afad02a3,2026-09-04T11:08:51Z,1697069330d0343bdf7930ac0b0c3863,401858424,fpi_only,away,False,42.0,23.0,loss,-1.0,-0.0,23.0,21.0,0.09523809523809534,0.0463215258855584,0.0552096160426005,0.008888090157042103
eb1f4b6f342708af2563,2026-09-04T11:08:51Z,1697069330d0343bdf7930ac0b0c3863,401858424,ratings_only,home,False,42.0,23.0,win,0.02,0.0,1.02,1.022222222222222,-0.0021739130434779153,0.9536784741144416,0.9447903839573994,-0.008888090157042172
f33ba3b0e6874f7883b1,2026-09-04T11:08:51Z,1697069330d0343bdf7930ac0b0c3863,401858424,ratings_only,away,False,42.0,23.0,loss,-1.0,-0.0,23.0,21.0,0.09523809523809534,0.0463215258855584,0.0552096160426005,0.008888090157042103
99a8191baed7102851f8,2026-09-04T11:08:51Z,1697069330d0343bdf7930ac0b0c3863,401858424,market_only,home,False,42.0,23.0,win,0.02,0.0,1.02,1.022222222222222,-0.0021739130434779153,0.9536784741144416,0.9447903839573994,-0.008888090157042172
24f89f98fd22c1cadf9c,2026-09-04T11:08:51Z,1697069330d0343bdf7930ac0b0c3863,401858424,market_only,away,False,42.0,23.0,loss,-1.0,-0.0,23.0,21.0,0.09523809523809534,0.0463215258855584,0.0552096160426005,0.008888090157042103
a40d559c6cb6c9590e27,2026-09-04T11:08:51Z,e564afb0a5ab84ab43befa56bdb90522,401858423,market_fpi_residual,home,False,21.0,37.0,loss,-1.0,-0.0,1.011111111111111,1.0125,-0.00137174211248281,0.9655071025598618,0.9626064420584968,-0.00290066050136506
994100fb84b789b9a885,2026-09-04T11:08:51Z,e564afb0a5ab84ab43befa56bdb90522,401858423,market_fpi_residual,away,False,21.0,37.0,win,30.0,0.0,31.0,26.0,0.1923076923076923,0.0344928974401381,0.0373935579415032,0.0029006605013651016
6fe983027212f918c1bc,2026-09-04T11:08:51Z,e564afb0a5ab84ab43befa56bdb90522,401858423,market_public_ensemble,home,False,21.0,37.0,loss,-1.0,-0.0,1.011111111111111,1.0125,-0.00137174211248281,0.9655071025598618,0.9626064420584968,-0.00290066050136506
a7d9cc323fe7cedcc80c,2026-09-04T11:08:51Z,e564afb0a5ab84ab43befa56bdb90522,401858423,market_public_ensemble,away,False,21.0,37.0,win,30.0,0.0,31.0,26.0,0.1923076923076923,0.0344928974401381,0.0373935579415032,0.0029006605013651016
ee1639f44764312c4dad,2026-09-04T11:08:51Z,e564afb0a5ab84ab43befa56bdb90522,401858423,fpi_only,home,False,21.0,37.0,loss,-1.0,-0.0,1.011111111111111,1.0125,-0.00137174211248281,0.9655071025598618,0.9626064420584968,-0.00290066050136506
419fcfd3d2cfde8e0f0b,2026-09-04T11:08:51Z,e564afb0a5ab84ab43befa56bdb90522,401858423,fpi_only,away,False,21.0,37.0,win,30.0,0.0,31.0,26.0,0.1923076923076923,0.0344928974401381,0.0373935579415032,0.0029006605013651016
e13446756cadcd689162,2026-09-04T11:08:51Z,e564afb0a5ab84ab43befa56bdb90522,401858423,ratings_only,home,False,21.0,37.0,loss,-1.0,-0.0,1.011111111111111,1.0125,-0.00137174211248281,0.9655071025598618,0.9626064420584968,-0.00290066050136506
5454a199954969c05132,2026-09-04T11:08:51Z,e564afb0a5ab84ab43befa56bdb90522,401858423,ratings_only,away,False,21.0,37.0,win,30.0,0.0,31.0,26.0,0.1923076923076923,0.0344928974401381,0.0373935579415032,0.0029006605013651016
c4809e4c537b6f0548b2,2026-09-04T11:08:51Z,e564afb0a5ab84ab43befa56bdb90522,401858423,market_only,home,False,21.0,37.0,loss,-1.0,-0.0,1.011111111111111,1.0125,-0.00137174211248281,0.9655071025598618,0.9626064420584968,-0.00290066050136506
3cdb5b89d98052b23a20,2026-09-04T11:08:51Z,e564afb0a5ab84ab43befa56bdb90522,401858423,market_only,away,False,21.0,37.0,win,30.0,0.0,31.0,26.0,0.1923076923076923,0.0344928974401381,0.0373935579415032,0.0029006605013651016
d080d1371ca4c7cba99a,2026-09-04T11:08:51Z,f089e3d943a34a9c4fe1808568b96529,401858204,market_fpi_residual,home,False,38.0,16.0,win,0.04,0.0,1.04,1.04,0.0,0.9312638580931264,0.9351620947630924,0.0038982366699660265
40457dc70cb86bff29cd,2026-09-04T11:08:51Z,f089e3d943a34a9c4fe1808568b96529,401858204,market_fpi_residual,away,False,38.0,16.0,loss,-1.0,-0.0,16.0,17.0,-0.05882352941176472,0.0687361419068737,0.0648379052369076,-0.003898236669966096
2d703f0b335970e97169,2026-09-04T11:08:51Z,f089e3d943a34a9c4fe1808568b96529,401858204,market_public_ensemble,home,False,38.0,16.0,win,0.04,0.0,1.04,1.04,0.0,0.9312638580931264,0.9351620947630924,0.0038982366699660265
8506baae1c548bf48da2,2026-09-04T11:08:51Z,f089e3d943a34a9c4fe1808568b96529,401858204,market_public_ensemble,away,False,38.0,16.0,loss,-1.0,-0.0,16.0,17.0,-0.05882352941176472,0.0687361419068737,0.0648379052369076,-0.003898236669966096
73afae6a5bf3314f9bc1,2026-09-04T11:08:51Z,f089e3d943a34a9c4fe1808568b96529,401858204,fpi_only,home,False,38.0,16.0,win,0.04,0.0,1.04,1.04,0.0,0.9312638580931264,0.9351620947630924,0.0038982366699660265
9305520ca77e9f52a50b,2026-09-04T11:08:51Z,f089e3d943a34a9c4fe1808568b96529,401858204,fpi_only,away,False,38.0,16.0,loss,-1.0,-0.0,16.0,17.0,-0.05882352941176472,0.0687361419068737,0.0648379052369076,-0.003898236669966096
d561307b86a372ee4f7c,2026-09-04T11:08:51Z,f089e3d943a34a9c4fe1808568b96529,401858204,ratings_only,home,False,38.0,16.0,win,0.04,0.0,1.04,1.04,0.0,0.9312638580931264,0.9351620947630924,0.0038982366699660265
76772f404006ce6f5849,2026-09-04T11:08:51Z,f089e3d943a34a9c4fe1808568b96529,401858204,ratings_only,away,False,38.0,16.0,loss,-1.0,-0.0,16.0,17.0,-0.05882352941176472,0.0687361419068737,0.0648379052369076,-0.003898236669966096
36cdd071a651aa1f232e,2026-09-04T11:08:51Z,f089e3d943a34a9c4fe1808568b96529,401858204,market_only,home,False,38.0,16.0,win,0.04,0.0,1.04,1.04,0.0,0.9312638580931264,0.9351620947630924,0.0038982366699660265
e8d4068c5496075bdd2a,2026-09-04T11:08:51Z,f089e3d943a34a9c4fe1808568b96529,401858204,market_only,away,False,38.0,16.0,loss,-1.0,-0.0,16.0,17.0,-0.05882352941176472,0.0687361419068737,0.0648379052369076,-0.003898236669966096
6da347037d104a57d3a1,2026-09-04T11:08:51Z,2f02052c3228ed6d9dc2e8ff8cdf5cdd,401866409,market_fpi_residual,home,False,21.0,17.0,win,0.025,0.0,1.025,1.0833333333333333,-0.05384615384615388,0.9425441952743044,0.8986300147451887,-0.043914180529115776
c8026cf9a46a37fbdf91,2026-09-04T11:08:51Z,2f02052c3228ed6d9dc2e8ff8cdf5cdd,401866409,market_fpi_residual,away,False,21.0,17.0,loss,-1.0,-0.0,19.0,9.9,0.9191919191919191,0.0574558047256956,0.1013699852548113,0.04391418052911571
33c1e59d859d05f74ad8,2026-09-04T11:08:51Z,2f02052c3228ed6d9dc2e8ff8cdf5cdd,401866409,market_public_ensemble,home,False,21.0,17.0,win,0.025,0.0,1.025,1.0833333333333333,-0.05384615384615388,0.9425441952743044,0.8986300147451887,-0.043914180529115776
ff92eb14f22197999af8,2026-09-04T11:08:51Z,2f02052c3228ed6d9dc2e8ff8cdf5cdd,401866409,market_public_ensemble,away,False,21.0,17.0,loss,-1.0,-0.0,19.0,9.9,0.9191919191919191,0.0574558047256956,0.1013699852548113,0.04391418052911571
1bbf673742deb45760af,2026-09-04T11:08:51Z,2f02052c3228ed6d9dc2e8ff8cdf5cdd,401866409,fpi_only,home,False,21.0,17.0,win,0.025,0.0,1.025,1.0833333333333333,-0.05384615384615388,0.9425441952743044,0.8986300147451887,-0.043914180529115776
928bf5bda2c94d98d9b2,2026-09-04T11:08:51Z,2f02052c3228ed6d9dc2e8ff8cdf5cdd,401866409,fpi_only,away,False,21.0,17.0,loss,-1.0,-0.0,19.0,9.9,0.9191919191919191,0.0574558047256956,0.1013699852548113,0.04391418052911571
d145bfff95176b6126ed,2026-09-04T11:08:51Z,2f02052c3228ed6d9dc2e8ff8cdf5cdd,401866409,market_only,home,False,21.0,17.0,win,0.025,0.0,1.025,1.0833333333333333,-0.05384615384615388,0.9425441952743044,0.8986300147451887,-0.043914180529115776
39cb36782288386c3213,2026-09-04T11:08:51Z,2f02052c3228ed6d9dc2e8ff8cdf5cdd,401866409,market_only,away,False,21.0,17.0,loss,-1.0,-0.0,19.0,9.9,0.9191919191919191,0.0574558047256956,0.1013699852548113,0.04391418052911571
546be4ed0ee0654abb84,2026-09-04T11:08:51Z,99279326548a5f5399cc9a2efe27a057,401864424,market_fpi_residual,home,False,42.0,7.0,win,0.01,0.0,1.01,1.01,0.0,0.9670051445711614,0.9711510996858042,0.004145955114642774
372eadc9dc509745720a,2026-09-04T11:08:51Z,99279326548a5f5399cc9a2efe27a057,401864424,market_fpi_residual,away,False,42.0,7.0,loss,-1.0,-0.0,36.0,36.0,0.0,0.0329948554288386,0.0288489003141958,-0.0041459551146427985
dad4b904049b66d2555b,2026-09-04T11:08:51Z,99279326548a5f5399cc9a2efe27a057,401864424,market_public_ensemble,home,False,42.0,7.0,win,0.01,0.0,1.01,1.01,0.0,0.9670051445711614,0.9711510996858042,0.004145955114642774
ba23f6b65bb11f086dd5,2026-09-04T11:08:51Z,99279326548a5f5399cc9a2efe27a057,401864424,market_public_ensemble,away,False,42.0,7.0,loss,-1.0,-0.0,36.0,36.0,0.0,0.0329948554288386,0.0288489003141958,-0.0041459551146427985
25ecbb3a095326d85085,2026-09-04T11:08:51Z,99279326548a5f5399cc9a2efe27a057,401864424,fpi_only,home,False,42.0,7.0,win,0.01,0.0,1.01,1.01,0.0,0.9670051445711614,0.9711510996858042,0.004145955114642774
30e7cfb6b332c77bfd18,2026-09-04T11:08:51Z,99279326548a5f5399cc9a2efe27a057,401864424,fpi_only,away,False,42.0,7.0,loss,-1.0,-0.0,36.0,36.0,0.0,0.0329948554288386,0.0288489003141958,-0.0041459551146427985
ca17390b530fac0c9dd8,2026-09-04T11:08:51Z,99279326548a5f5399cc9a2efe27a057,401864424,market_only,home,False,42.0,7.0,win,0.01,0.0,1.01,1.01,0.0,0.9670051445711614,0.9711510996858042,0.004145955114642774
ae427538f278d0d60cbb,2026-09-04T11:08:51Z,99279326548a5f5399cc9a2efe27a057,401864424,market_only,away,False,42.0,7.0,loss,-1.0,-0.0,36.0,36.0,0.0,0.0329948554288386,0.0288489003141958,-0.0041459551146427985
3f1f418db1e5dc329870,2026-09-04T11:08:51Z,018e668269a3b5dc4055758ca86b1062,401864425,market_fpi_residual,home,False,47.0,0.0,win,0.027777777777777776,0.0,1.0277777777777777,1.04,-0.011752136752136932,0.9378392753980958,0.9338827461559928,-0.003956529242102991
25d5487f083e7904829f,2026-09-04T11:08:51Z,018e668269a3b5dc4055758ca86b1062,401864425,market_fpi_residual,away,False,47.0,0.0,loss,-1.0,-0.0,16.0,16.0,0.0,0.0621607246019042,0.0661172538440071,0.0039565292421029005
66cefccdf252b9209eb8,2026-09-04T11:08:51Z,018e668269a3b5dc4055758ca86b1062,401864425,market_public_ensemble,home,False,47.0,0.0,win,0.027777777777777776,0.0,1.0277777777777777,1.04,-0.011752136752136932,0.9378392753980958,0.9338827461559928,-0.003956529242102991
c3efe20e848a14819ea5,2026-09-04T11:08:51Z,018e668269a3b5dc4055758ca86b1062,401864425,market_public_ensemble,away,False,47.0,0.0,loss,-1.0,-0.0,16.0,16.0,0.0,0.0621607246019042,0.0661172538440071,0.0039565292421029005
eb4138cfc4f9bc78b03a,2026-09-04T11:08:51Z,018e668269a3b5dc4055758ca86b1062,401864425,fpi_only,home,False,47.0,0.0,win,0.027777777777777776,0.0,1.0277777777777777,1.04,-0.011752136752136932,0.9378392753980958,0.9338827461559928,-0.003956529242102991
e6272566e81d516bdb02,2026-09-04T11:08:51Z,018e668269a3b5dc4055758ca86b1062,401864425,fpi_only,away,False,47.0,0.0,loss,-1.0,-0.0,16.0,16.0,0.0,0.0621607246019042,0.0661172538440071,0.0039565292421029005
f3cb8ac098953446c3eb,2026-09-04T11:08:51Z,018e668269a3b5dc4055758ca86b1062,401864425,market_only,home,False,47.0,0.0,win,0.027777777777777776,0.0,1.0277777777777777,1.04,-0.011752136752136932,0.9378392753980958,0.9338827461559928,-0.003956529242102991
fb020f384c77bb75152f,2026-09-04T11:08:51Z,018e668269a3b5dc4055758ca86b1062,401864425,market_only,away,False,47.0,0.0,loss,-1.0,-0.0,16.0,16.0,0.0,0.0621607246019042,0.0661172538440071,0.0039565292421029005
c52ddb8476798a27cc3b,2026-09-04T11:08:51Z,1d6daad1c93bf7e5ae16be1db12e27d5,401856776,market_fpi_residual,home,False,13.0,14.0,loss,-1.0,-0.0,1.4444444444444444,1.425531914893617,0.013266998341625147,0.6750312469954812,0.6778846153846154,0.002853368389134192
1ca624f37f25fd28ae2c,2026-09-04T11:08:51Z,1d6daad1c93bf7e5ae16be1db12e27d5,401856776,market_fpi_residual,away,False,13.0,14.0,win,2.05,0.0,3.05,3.1,-0.016129032258064613,0.3249687530045188,0.3221153846153846,-0.002853368389134192
cbc6152399e58e44cb91,2026-09-04T11:08:51Z,1d6daad1c93bf7e5ae16be1db12e27d5,401856776,market_public_ensemble,home,False,13.0,14.0,loss,-1.0,-0.0,1.4444444444444444,1.425531914893617,0.013266998341625147,0.6750312469954812,0.6778846153846154,0.002853368389134192
6a5684dc672ea0e234ce,2026-09-04T11:08:51Z,1d6daad1c93bf7e5ae16be1db12e27d5,401856776,market_public_ensemble,away,False,13.0,14.0,win,2.05,0.0,3.05,3.1,-0.016129032258064613,0.3249687530045188,0.3221153846153846,-0.002853368389134192
37354bbb9f3acfd8766e,2026-09-04T11:08:51Z,1d6daad1c93bf7e5ae16be1db12e27d5,401856776,fpi_only,home,False,13.0,14.0,loss,-1.0,-0.0,1.4444444444444444,1.425531914893617,0.013266998341625147,0.6750312469954812,0.6778846153846154,0.002853368389134192
a95fb66285939f5c5f7c,2026-09-04T11:08:51Z,1d6daad1c93bf7e5ae16be1db12e27d5,401856776,fpi_only,away,False,13.0,14.0,win,2.05,0.0,3.05,3.1,-0.016129032258064613,0.3249687530045188,0.3221153846153846,-0.002853368389134192
be5f4025a92f8e156e7b,2026-09-04T11:08:51Z,1d6daad1c93bf7e5ae16be1db12e27d5,401856776,ratings_only,home,False,13.0,14.0,loss,-1.0,-0.0,1.4444444444444444,1.425531914893617,0.013266998341625147,0.6750312469954812,0.6778846153846154,0.002853368389134192
53a5e953a4138c8587c5,2026-09-04T11:08:51Z,1d6daad1c93bf7e5ae16be1db12e27d5,401856776,ratings_only,away,False,13.0,14.0,win,2.05,0.0,3.05,3.1,-0.016129032258064613,0.3249687530045188,0.3221153846153846,-0.002853368389134192
76b735daf1ee5726fc9f,2026-09-04T11:08:51Z,1d6daad1c93bf7e5ae16be1db12e27d5,401856776,market_only,home,False,13.0,14.0,loss,-1.0,-0.0,1.4444444444444444,1.425531914893617,0.013266998341625147,0.6750312469954812,0.6778846153846154,0.002853368389134192
187eadec67ca4cd705a4,2026-09-04T11:08:51Z,1d6daad1c93bf7e5ae16be1db12e27d5,401856776,market_only,away,False,13.0,14.0,win,2.05,0.0,3.05,3.1,-0.016129032258064613,0.3249687530045188,0.3221153846153846,-0.002853368389134192
5ae10b111f19eb1a3794,2026-09-04T11:08:51Z,86e3c86de584357bb263fa4ae819ed30,401856768,market_fpi_residual,home,False,66.0,14.0,win,0.005,0.0,1.005,1.002,0.0029940119760478723,0.9728415079043372,0.9807409402558572,0.00789943235152002
b8d3f358c9d9f90a629c,2026-09-04T11:08:51Z,86e3c86de584357bb263fa4ae819ed30,401856768,market_fpi_residual,away,False,66.0,14.0,loss,-1.0,-0.0,36.0,51.0,-0.2941176470588235,0.0271584920956626,0.0192590597441426,-0.007899432351519999
ef1d8cfeffc105c0c5bf,2026-09-04T11:08:51Z,86e3c86de584357bb263fa4ae819ed30,401856768,market_public_ensemble,home,False,66.0,14.0,win,0.005,0.0,1.005,1.002,0.0029940119760478723,0.9728415079043372,0.9807409402558572,0.00789943235152002
be9d9ef0f2c089620ce3,2026-09-04T11:08:51Z,86e3c86de584357bb263fa4ae819ed30,401856768,market_public_ensemble,away,False,66.0,14.0,loss,-1.0,-0.0,36.0,51.0,-0.2941176470588235,0.0271584920956626,0.0192590597441426,-0.007899432351519999
128f91445c9ec3586c26,2026-09-04T11:08:51Z,86e3c86de584357bb263fa4ae819ed30,401856768,fpi_only,home,False,66.0,14.0,win,0.005,0.0,1.005,1.002,0.0029940119760478723,0.9728415079043372,0.9807409402558572,0.00789943235152002
1e5fc6f396071e2e5de6,2026-09-04T11:08:51Z,86e3c86de584357bb263fa4ae819ed30,401856768,fpi_only,away,False,66.0,14.0,loss,-1.0,-0.0,36.0,51.0,-0.2941176470588235,0.0271584920956626,0.0192590597441426,-0.007899432351519999
cc2b86b8758a3b36063e,2026-09-04T11:08:51Z,86e3c86de584357bb263fa4ae819ed30,401856768,market_only,home,False,66.0,14.0,win,0.005,0.0,1.005,1.002,0.0029940119760478723,0.9728415079043372,0.9807409402558572,0.00789943235152002
bd19a551735d24475dc0,2026-09-04T11:08:51Z,86e3c86de584357bb263fa4ae819ed30,401856768,market_only,away,False,66.0,14.0,loss,-1.0,-0.0,36.0,51.0,-0.2941176470588235,0.0271584920956626,0.0192590597441426,-0.007899432351519999
fd93f0276391d8b755ed,2026-09-04T11:08:51Z,1697069330d0343bdf7930ac0b0c3863,401858424,market_fpi_residual,home,False,42.0,23.0,win,0.02,0.0,1.02,1.022222222222222,-0.0021739130434779153,0.9536784741144416,0.9447903839573994,-0.008888090157042172
5be3096f5239c2793bac,2026-09-04T11:08:51Z,1697069330d0343bdf7930ac0b0c3863,401858424,market_fpi_residual,away,False,42.0,23.0,loss,-1.0,-0.0,31.0,21.0,0.4761904761904763,0.0463215258855584,0.0552096160426005,0.008888090157042103
ec38f3565761d634e6e3,2026-09-04T11:08:51Z,1697069330d0343bdf7930ac0b0c3863,401858424,market_public_ensemble,home,False,42.0,23.0,win,0.02,0.0,1.02,1.022222222222222,-0.0021739130434779153,0.9536784741144416,0.9447903839573994,-0.008888090157042172
8d96f2cb4badec338482,2026-09-04T11:08:51Z,1697069330d0343bdf7930ac0b0c3863,401858424,market_public_ensemble,away,False,42.0,23.0,loss,-1.0,-0.0,31.0,21.0,0.4761904761904763,0.0463215258855584,0.0552096160426005,0.008888090157042103
949e9b43593091a3152e,2026-09-04T11:08:51Z,1697069330d0343bdf7930ac0b0c3863,401858424,fpi_only,home,False,42.0,23.0,win,0.02,0.0,1.02,1.022222222222222,-0.0021739130434779153,0.9536784741144416,0.9447903839573994,-0.008888090157042172
29b69043dcbf2d9fd4a7,2026-09-04T11:08:51Z,1697069330d0343bdf7930ac0b0c3863,401858424,fpi_only,away,False,42.0,23.0,loss,-1.0,-0.0,31.0,21.0,0.4761904761904763,0.0463215258855584,0.0552096160426005,0.008888090157042103
e5a7c73c9b9523357329,2026-09-04T11:08:51Z,1697069330d0343bdf7930ac0b0c3863,401858424,ratings_only,home,False,42.0,23.0,win,0.02,0.0,1.02,1.022222222222222,-0.0021739130434779153,0.9536784741144416,0.9447903839573994,-0.008888090157042172
f814d80d7fe4026c53b7,2026-09-04T11:08:51Z,1697069330d0343bdf7930ac0b0c3863,401858424,ratings_only,away,False,42.0,23.0,loss,-1.0,-0.0,31.0,21.0,0.4761904761904763,0.0463215258855584,0.0552096160426005,0.008888090157042103
42f03e831c0943610886,2026-09-04T11:08:51Z,1697069330d0343bdf7930ac0b0c3863,401858424,market_only,home,False,42.0,23.0,win,0.02,0.0,1.02,1.022222222222222,-0.0021739130434779153,0.9536784741144416,0.9447903839573994,-0.008888090157042172
ece2d3df4957a605c2e6,2026-09-04T11:08:51Z,1697069330d0343bdf7930ac0b0c3863,401858424,market_only,away,False,42.0,23.0,loss,-1.0,-0.0,31.0,21.0,0.4761904761904763,0.0463215258855584,0.0552096160426005,0.008888090157042103
aa996ff5f34502c53e41,2026-09-04T11:08:51Z,e564afb0a5ab84ab43befa56bdb90522,401858423,market_fpi_residual,home,False,21.0,37.0,loss,-1.0,-0.0,1.011111111111111,1.0125,-0.00137174211248281,0.9655071025598618,0.9626064420584968,-0.00290066050136506
ad4e2d09d52b3d375e3c,2026-09-04T11:08:51Z,e564afb0a5ab84ab43befa56bdb90522,401858423,market_fpi_residual,away,False,21.0,37.0,win,30.0,0.0,31.0,26.0,0.1923076923076923,0.0344928974401381,0.0373935579415032,0.0029006605013651016
27edfa2b93ccbe170b2f,2026-09-04T11:08:51Z,e564afb0a5ab84ab43befa56bdb90522,401858423,market_public_ensemble,home,False,21.0,37.0,loss,-1.0,-0.0,1.011111111111111,1.0125,-0.00137174211248281,0.9655071025598618,0.9626064420584968,-0.00290066050136506
b7cce3cc66c0ff3ec5aa,2026-09-04T11:08:51Z,e564afb0a5ab84ab43befa56bdb90522,401858423,market_public_ensemble,away,False,21.0,37.0,win,30.0,0.0,31.0,26.0,0.1923076923076923,0.0344928974401381,0.0373935579415032,0.0029006605013651016
a454925c8735379179ce,2026-09-04T11:08:51Z,e564afb0a5ab84ab43befa56bdb90522,401858423,fpi_only,home,False,21.0,37.0,loss,-1.0,-0.0,1.011111111111111,1.0125,-0.00137174211248281,0.9655071025598618,0.9626064420584968,-0.00290066050136506
a347f131280dc912bbdb,2026-09-04T11:08:51Z,e564afb0a5ab84ab43befa56bdb90522,401858423,fpi_only,away,False,21.0,37.0,win,30.0,0.0,31.0,26.0,0.1923076923076923,0.0344928974401381,0.0373935579415032,0.0029006605013651016
ab459ead5b01af12ad22,2026-09-04T11:08:51Z,e564afb0a5ab84ab43befa56bdb90522,401858423,ratings_only,home,False,21.0,37.0,loss,-1.0,-0.0,1.011111111111111,1.0125,-0.00137174211248281,0.9655071025598618,0.9626064420584968,-0.00290066050136506
660e6ff8aa73813befb0,2026-09-04T11:08:51Z,e564afb0a5ab84ab43befa56bdb90522,401858423,ratings_only,away,False,21.0,37.0,win,30.0,0.0,31.0,26.0,0.1923076923076923,0.0344928974401381,0.0373935579415032,0.0029006605013651016
64adb2c9c8278bf44724,2026-09-04T11:08:51Z,e564afb0a5ab84ab43befa56bdb90522,401858423,market_only,home,False,21.0,37.0,loss,-1.0,-0.0,1.011111111111111,1.0125,-0.00137174211248281,0.9655071025598618,0.9626064420584968,-0.00290066050136506
e8ee680383a100cffa54,2026-09-04T11:08:51Z,e564afb0a5ab84ab43befa56bdb90522,401858423,market_only,away,False,21.0,37.0,win,30.0,0.0,31.0,26.0,0.1923076923076923,0.0344928974401381,0.0373935579415032,0.0029006605013651016
8865b740462829d2ecc3,2026-09-04T11:08:51Z,f089e3d943a34a9c4fe1808568b96529,401858204,market_fpi_residual,home,False,38.0,16.0,win,0.04,0.0,1.04,1.04,0.0,0.9312638580931264,0.9351620947630924,0.0038982366699660265
28a65760073946309bdd,2026-09-04T11:08:51Z,f089e3d943a34a9c4fe1808568b96529,401858204,market_fpi_residual,away,False,38.0,16.0,loss,-1.0,-0.0,16.0,17.0,-0.05882352941176472,0.0687361419068737,0.0648379052369076,-0.003898236669966096
b1736adabb9dd6661d9e,2026-09-04T11:08:51Z,f089e3d943a34a9c4fe1808568b96529,401858204,market_public_ensemble,home,False,38.0,16.0,win,0.04,0.0,1.04,1.04,0.0,0.9312638580931264,0.9351620947630924,0.0038982366699660265
e9d6e727ff660129ff1d,2026-09-04T11:08:51Z,f089e3d943a34a9c4fe1808568b96529,401858204,market_public_ensemble,away,False,38.0,16.0,loss,-1.0,-0.0,16.0,17.0,-0.05882352941176472,0.0687361419068737,0.0648379052369076,-0.003898236669966096
0153c112835fa1da1097,2026-09-04T11:08:51Z,f089e3d943a34a9c4fe1808568b96529,401858204,fpi_only,home,False,38.0,16.0,win,0.04,0.0,1.04,1.04,0.0,0.9312638580931264,0.9351620947630924,0.0038982366699660265
3d7cfc8e588d919a3eb7,2026-09-04T11:08:51Z,f089e3d943a34a9c4fe1808568b96529,401858204,fpi_only,away,False,38.0,16.0,loss,-1.0,-0.0,16.0,17.0,-0.05882352941176472,0.0687361419068737,0.0648379052369076,-0.003898236669966096
206cf4b6c4b8fc3787e6,2026-09-04T11:08:51Z,f089e3d943a34a9c4fe1808568b96529,401858204,ratings_only,home,False,38.0,16.0,win,0.04,0.0,1.04,1.04,0.0,0.9312638580931264,0.9351620947630924,0.0038982366699660265
fc957cf13c709995a55a,2026-09-04T11:08:51Z,f089e3d943a34a9c4fe1808568b96529,401858204,ratings_only,away,False,38.0,16.0,loss,-1.0,-0.0,16.0,17.0,-0.05882352941176472,0.0687361419068737,0.0648379052369076,-0.003898236669966096
8f87728f2693188f881e,2026-09-04T11:08:51Z,f089e3d943a34a9c4fe1808568b96529,401858204,market_only,home,False,38.0,16.0,win,0.04,0.0,1.04,1.04,0.0,0.9312638580931264,0.9351620947630924,0.0038982366699660265
2701b1f9c6efb1ebc4d3,2026-09-04T11:08:51Z,f089e3d943a34a9c4fe1808568b96529,401858204,market_only,away,False,38.0,16.0,loss,-1.0,-0.0,16.0,17.0,-0.05882352941176472,0.0687361419068737,0.0648379052369076,-0.003898236669966096
1e2e85c625605588a911,2026-09-04T11:08:51Z,2f02052c3228ed6d9dc2e8ff8cdf5cdd,401866409,market_fpi_residual,home,False,21.0,17.0,win,0.025,0.0,1.025,1.0833333333333333,-0.05384615384615388,0.9425441952743044,0.8986300147451887,-0.043914180529115776
b7746da2d1b88c395c63,2026-09-04T11:08:51Z,2f02052c3228ed6d9dc2e8ff8cdf5cdd,401866409,market_fpi_residual,away,False,21.0,17.0,loss,-1.0,-0.0,19.0,9.9,0.9191919191919191,0.0574558047256956,0.1013699852548113,0.04391418052911571
a13ded66a27c4575cc78,2026-09-04T11:08:51Z,2f02052c3228ed6d9dc2e8ff8cdf5cdd,401866409,market_public_ensemble,home,False,21.0,17.0,win,0.025,0.0,1.025,1.0833333333333333,-0.05384615384615388,0.9425441952743044,0.8986300147451887,-0.043914180529115776
b740a6e92c5a1453b538,2026-09-04T11:08:51Z,2f02052c3228ed6d9dc2e8ff8cdf5cdd,401866409,market_public_ensemble,away,False,21.0,17.0,loss,-1.0,-0.0,19.0,9.9,0.9191919191919191,0.0574558047256956,0.1013699852548113,0.04391418052911571
7c2aff2479b2d2a73ce8,2026-09-04T11:08:51Z,2f02052c3228ed6d9dc2e8ff8cdf5cdd,401866409,fpi_only,home,False,21.0,17.0,win,0.025,0.0,1.025,1.0833333333333333,-0.05384615384615388,0.9425441952743044,0.8986300147451887,-0.043914180529115776
7cc7dadfbf5ee479b2a6,2026-09-04T11:08:51Z,2f02052c3228ed6d9dc2e8ff8cdf5cdd,401866409,fpi_only,away,False,21.0,17.0,loss,-1.0,-0.0,19.0,9.9,0.9191919191919191,0.0574558047256956,0.1013699852548113,0.04391418052911571
62431d905ba7cea1adf0,2026-09-04T11:08:51Z,2f02052c3228ed6d9dc2e8ff8cdf5cdd,401866409,market_only,home,False,21.0,17.0,win,0.025,0.0,1.025,1.0833333333333333,-0.05384615384615388,0.9425441952743044,0.8986300147451887,-0.043914180529115776
492d85b25481766353f6,2026-09-04T11:08:51Z,2f02052c3228ed6d9dc2e8ff8cdf5cdd,401866409,market_only,away,False,21.0,17.0,loss,-1.0,-0.0,19.0,9.9,0.9191919191919191,0.0574558047256956,0.1013699852548113,0.04391418052911571
fdcde8ae36c84e4ce916,2026-09-04T11:08:51Z,99279326548a5f5399cc9a2efe27a057,401864424,market_fpi_residual,home,False,42.0,7.0,win,0.01,0.0,1.01,1.01,0.0,0.9670051445711614,0.9711510996858042,0.004145955114642774
ab4a5d71192e954d18c1,2026-09-04T11:08:51Z,99279326548a5f5399cc9a2efe27a057,401864424,market_fpi_residual,away,False,42.0,7.0,loss,-1.0,-0.0,36.0,36.0,0.0,0.0329948554288386,0.0288489003141958,-0.0041459551146427985
020ad8ae66716c0dcbdc,2026-09-04T11:08:51Z,99279326548a5f5399cc9a2efe27a057,401864424,market_public_ensemble,home,False,42.0,7.0,win,0.01,0.0,1.01,1.01,0.0,0.9670051445711614,0.9711510996858042,0.004145955114642774
f7fe5b42b4a50c60b4ba,2026-09-04T11:08:51Z,99279326548a5f5399cc9a2efe27a057,401864424,market_public_ensemble,away,False,42.0,7.0,loss,-1.0,-0.0,36.0,36.0,0.0,0.0329948554288386,0.0288489003141958,-0.0041459551146427985
ea78bd63d8399b64c33e,2026-09-04T11:08:51Z,99279326548a5f5399cc9a2efe27a057,401864424,fpi_only,home,False,42.0,7.0,win,0.01,0.0,1.01,1.01,0.0,0.9670051445711614,0.9711510996858042,0.004145955114642774
b141976dac2f38db0eb0,2026-09-04T11:08:51Z,99279326548a5f5399cc9a2efe27a057,401864424,fpi_only,away,False,42.0,7.0,loss,-1.0,-0.0,36.0,36.0,0.0,0.0329948554288386,0.0288489003141958,-0.0041459551146427985
4f8b729a818e0153125a,2026-09-04T11:08:51Z,99279326548a5f5399cc9a2efe27a057,401864424,market_only,home,False,42.0,7.0,win,0.01,0.0,1.01,1.01,0.0,0.9670051445711614,0.9711510996858042,0.004145955114642774
c4778cc05c800b1ef5e0,2026-09-04T11:08:51Z,99279326548a5f5399cc9a2efe27a057,401864424,market_only,away,False,42.0,7.0,loss,-1.0,-0.0,36.0,36.0,0.0,0.0329948554288386,0.0288489003141958,-0.0041459551146427985
45b38c9c02d439c31aa6,2026-09-04T11:08:51Z,018e668269a3b5dc4055758ca86b1062,401864425,market_fpi_residual,home,False,47.0,0.0,win,0.027777777777777776,0.0,1.0277777777777777,1.04,-0.011752136752136932,0.9378392753980958,0.9338827461559928,-0.003956529242102991
4a7c579d32fcc058bc5d,2026-09-04T11:08:51Z,018e668269a3b5dc4055758ca86b1062,401864425,market_fpi_residual,away,False,47.0,0.0,loss,-1.0,-0.0,16.0,16.0,0.0,0.0621607246019042,0.0661172538440071,0.0039565292421029005
6c90fd90ae871a760236,2026-09-04T11:08:51Z,018e668269a3b5dc4055758ca86b1062,401864425,market_public_ensemble,home,False,47.0,0.0,win,0.027777777777777776,0.0,1.0277777777777777,1.04,-0.011752136752136932,0.9378392753980958,0.9338827461559928,-0.003956529242102991
21b8f30fe78708b687ad,2026-09-04T11:08:51Z,018e668269a3b5dc4055758ca86b1062,401864425,market_public_ensemble,away,False,47.0,0.0,loss,-1.0,-0.0,16.0,16.0,0.0,0.0621607246019042,0.0661172538440071,0.0039565292421029005
31f59e39ac5a8afee40e,2026-09-04T11:08:51Z,018e668269a3b5dc4055758ca86b1062,401864425,fpi_only,home,False,47.0,0.0,win,0.027777777777777776,0.0,1.0277777777777777,1.04,-0.011752136752136932,0.9378392753980958,0.9338827461559928,-0.003956529242102991
127a6e5ef6a2fc6c308a,2026-09-04T11:08:51Z,018e668269a3b5dc4055758ca86b1062,401864425,fpi_only,away,False,47.0,0.0,loss,-1.0,-0.0,16.0,16.0,0.0,0.0621607246019042,0.0661172538440071,0.0039565292421029005
aa4db2ea62732b52470e,2026-09-04T11:08:51Z,018e668269a3b5dc4055758ca86b1062,401864425,market_only,home,False,47.0,0.0,win,0.027777777777777776,0.0,1.0277777777777777,1.04,-0.011752136752136932,0.9378392753980958,0.9338827461559928,-0.003956529242102991
f3836e2d41657f91ca83,2026-09-04T11:08:51Z,018e668269a3b5dc4055758ca86b1062,401864425,market_only,away,False,47.0,0.0,loss,-1.0,-0.0,16.0,16.0,0.0,0.0621607246019042,0.0661172538440071,0.0039565292421029005
7a80f2e9b216af0b73df,2026-09-04T11:08:51Z,1d6daad1c93bf7e5ae16be1db12e27d5,401856776,market_fpi_residual,home,False,13.0,14.0,loss,-1.0,-0.0,1.4444444444444444,1.425531914893617,0.013266998341625147,0.6750312469954812,0.6778846153846154,0.002853368389134192
ec93d07850c7baf4b7e8,2026-09-04T11:08:51Z,1d6daad1c93bf7e5ae16be1db12e27d5,401856776,market_fpi_residual,away,True,13.0,14.0,win,2.05,0.004620525197178344,3.05,3.1,-0.016129032258064613,0.3249687530045188,0.3221153846153846,-0.002853368389134192
839f8d5b6756211449a2,2026-09-04T11:08:51Z,1d6daad1c93bf7e5ae16be1db12e27d5,401856776,market_public_ensemble,home,False,13.0,14.0,loss,-1.0,-0.0,1.4444444444444444,1.425531914893617,0.013266998341625147,0.6750312469954812,0.6778846153846154,0.002853368389134192
453893a0e1e9ff778d01,2026-09-04T11:08:51Z,1d6daad1c93bf7e5ae16be1db12e27d5,401856776,market_public_ensemble,away,False,13.0,14.0,win,2.05,0.0,3.05,3.1,-0.016129032258064613,0.3249687530045188,0.3221153846153846,-0.002853368389134192
2ab9a2d135a210ed7902,2026-09-04T11:08:51Z,1d6daad1c93bf7e5ae16be1db12e27d5,401856776,fpi_only,home,False,13.0,14.0,loss,-1.0,-0.0,1.4444444444444444,1.425531914893617,0.013266998341625147,0.6750312469954812,0.6778846153846154,0.002853368389134192
9069798c36b5262e3295,2026-09-04T11:08:51Z,1d6daad1c93bf7e5ae16be1db12e27d5,401856776,fpi_only,away,False,13.0,14.0,win,2.05,0.0,3.05,3.1,-0.016129032258064613,0.3249687530045188,0.3221153846153846,-0.002853368389134192
6904ad7c9de8acd7f873,2026-09-04T11:08:51Z,1d6daad1c93bf7e5ae16be1db12e27d5,401856776,ratings_only,home,False,13.0,14.0,loss,-1.0,-0.0,1.4444444444444444,1.425531914893617,0.013266998341625147,0.6750312469954812,0.6778846153846154,0.002853368389134192
6d70744219b6aa50e6cb,2026-09-04T11:08:51Z,1d6daad1c93bf7e5ae16be1db12e27d5,401856776,ratings_only,away,False,13.0,14.0,win,2.05,0.0,3.05,3.1,-0.016129032258064613,0.3249687530045188,0.3221153846153846,-0.002853368389134192
1665e730e1fa48c1ca16,2026-09-04T11:08:51Z,1d6daad1c93bf7e5ae16be1db12e27d5,401856776,market_only,home,False,13.0,14.0,loss,-1.0,-0.0,1.4444444444444444,1.425531914893617,0.013266998341625147,0.6750312469954812,0.6778846153846154,0.002853368389134192
e09c0c01b772aff55d9d,2026-09-04T11:08:51Z,1d6daad1c93bf7e5ae16be1db12e27d5,401856776,market_only,away,False,13.0,14.0,win,2.05,0.0,3.05,3.1,-0.016129032258064613,0.3249687530045188,0.3221153846153846,-0.002853368389134192
2a8083775bcfa7828567,2026-09-04T11:08:51Z,86e3c86de584357bb263fa4ae819ed30,401856768,market_fpi_residual,home,False,66.0,14.0,win,0.005,0.0,1.005,1.002,0.0029940119760478723,0.9728415079043372,0.9807409402558572,0.00789943235152002
8797b9b9dd730a8460a4,2026-09-04T11:08:51Z,86e3c86de584357bb263fa4ae819ed30,401856768,market_fpi_residual,away,False,66.0,14.0,loss,-1.0,-0.0,36.0,51.0,-0.2941176470588235,0.0271584920956626,0.0192590597441426,-0.007899432351519999
68abb4e3a5049af4b702,2026-09-04T11:08:51Z,86e3c86de584357bb263fa4ae819ed30,401856768,market_public_ensemble,home,False,66.0,14.0,win,0.005,0.0,1.005,1.002,0.0029940119760478723,0.9728415079043372,0.9807409402558572,0.00789943235152002
68637aec00909825dbaa,2026-09-04T11:08:51Z,86e3c86de584357bb263fa4ae819ed30,401856768,market_public_ensemble,away,False,66.0,14.0,loss,-1.0,-0.0,36.0,51.0,-0.2941176470588235,0.0271584920956626,0.0192590597441426,-0.007899432351519999
38d3395026018165062a,2026-09-04T11:08:51Z,86e3c86de584357bb263fa4ae819ed30,401856768,fpi_only,home,False,66.0,14.0,win,0.005,0.0,1.005,1.002,0.0029940119760478723,0.9728415079043372,0.9807409402558572,0.00789943235152002
555dae795b28dfb2e6b3,2026-09-04T11:08:51Z,86e3c86de584357bb263fa4ae819ed30,401856768,fpi_only,away,False,66.0,14.0,loss,-1.0,-0.0,36.0,51.0,-0.2941176470588235,0.0271584920956626,0.0192590597441426,-0.007899432351519999
a1892a5b432167800eda,2026-09-04T11:08:51Z,86e3c86de584357bb263fa4ae819ed30,401856768,market_only,home,False,66.0,14.0,win,0.005,0.0,1.005,1.002,0.0029940119760478723,0.9728415079043372,0.9807409402558572,0.00789943235152002
cf75341693f1ec54410e,2026-09-04T11:08:51Z,86e3c86de584357bb263fa4ae819ed30,401856768,market_only,away,False,66.0,14.0,loss,-1.0,-0.0,36.0,51.0,-0.2941176470588235,0.0271584920956626,0.0192590597441426,-0.007899432351519999
470ff2f0bcdae67275d9,2026-09-04T11:08:51Z,1697069330d0343bdf7930ac0b0c3863,401858424,market_fpi_residual,home,False,42.0,23.0,win,0.02,0.0,1.02,1.022222222222222,-0.0021739130434779153,0.9536784741144416,0.9447903839573994,-0.008888090157042172
1341f2a29d6dba25cd96,2026-09-04T11:08:51Z,1697069330d0343bdf7930ac0b0c3863,401858424,market_fpi_residual,away,False,42.0,23.0,loss,-1.0,-0.0,31.0,21.0,0.4761904761904763,0.0463215258855584,0.0552096160426005,0.008888090157042103
58140cc0b094e66bfdef,2026-09-04T11:08:51Z,1697069330d0343bdf7930ac0b0c3863,401858424,market_public_ensemble,home,False,42.0,23.0,win,0.02,0.0,1.02,1.022222222222222,-0.0021739130434779153,0.9536784741144416,0.9447903839573994,-0.008888090157042172
d3de6ca721b5b1c6a815,2026-09-04T11:08:51Z,1697069330d0343bdf7930ac0b0c3863,401858424,market_public_ensemble,away,False,42.0,23.0,loss,-1.0,-0.0,31.0,21.0,0.4761904761904763,0.0463215258855584,0.0552096160426005,0.008888090157042103
42d6b711e8291fde7af2,2026-09-04T11:08:51Z,1697069330d0343bdf7930ac0b0c3863,401858424,fpi_only,home,False,42.0,23.0,win,0.02,0.0,1.02,1.022222222222222,-0.0021739130434779153,0.9536784741144416,0.9447903839573994,-0.008888090157042172
6cb49a1539cc41059d0f,2026-09-04T11:08:51Z,1697069330d0343bdf7930ac0b0c3863,401858424,fpi_only,away,False,42.0,23.0,loss,-1.0,-0.0,31.0,21.0,0.4761904761904763,0.0463215258855584,0.0552096160426005,0.008888090157042103
d3f81ec578862c010aed,2026-09-04T11:08:51Z,1697069330d0343bdf7930ac0b0c3863,401858424,ratings_only,home,False,42.0,23.0,win,0.02,0.0,1.02,1.022222222222222,-0.0021739130434779153,0.9536784741144416,0.9447903839573994,-0.008888090157042172
db487ec0c2d9762368bc,2026-09-04T11:08:51Z,1697069330d0343bdf7930ac0b0c3863,401858424,ratings_only,away,False,42.0,23.0,loss,-1.0,-0.0,31.0,21.0,0.4761904761904763,0.0463215258855584,0.0552096160426005,0.008888090157042103
b11d2a82d19b0598ac94,2026-09-04T11:08:51Z,1697069330d0343bdf7930ac0b0c3863,401858424,market_only,home,False,42.0,23.0,win,0.02,0.0,1.02,1.022222222222222,-0.0021739130434779153,0.9536784741144416,0.9447903839573994,-0.008888090157042172
3f2a18a51b266e9f525b,2026-09-04T11:08:51Z,1697069330d0343bdf7930ac0b0c3863,401858424,market_only,away,False,42.0,23.0,loss,-1.0,-0.0,31.0,21.0,0.4761904761904763,0.0463215258855584,0.0552096160426005,0.008888090157042103
8d7f5f36d45a1427de7a,2026-09-04T11:08:51Z,e564afb0a5ab84ab43befa56bdb90522,401858423,market_fpi_residual,home,False,21.0,37.0,loss,-1.0,-0.0,1.0125,1.0125,0.0,0.9578344612181154,0.9626064420584968,0.004771980840381329
bdd6f49634b3791f1849,2026-09-04T11:08:51Z,e564afb0a5ab84ab43befa56bdb90522,401858423,market_fpi_residual,away,False,21.0,37.0,win,25.0,0.0,26.0,26.0,0.0,0.0421655387818845,0.0373935579415032,-0.004771980840381294
1b63954e34db70138cf9,2026-09-04T11:08:51Z,e564afb0a5ab84ab43befa56bdb90522,401858423,market_public_ensemble,home,False,21.0,37.0,loss,-1.0,-0.0,1.0125,1.0125,0.0,0.9578344612181154,0.9626064420584968,0.004771980840381329
aa4c2f1e0819650ad1ab,2026-09-04T11:08:51Z,e564afb0a5ab84ab43befa56bdb90522,401858423,market_public_ensemble,away,False,21.0,37.0,win,25.0,0.0,26.0,26.0,0.0,0.0421655387818845,0.0373935579415032,-0.004771980840381294
838d50a2764b3958c2ef,2026-09-04T11:08:51Z,e564afb0a5ab84ab43befa56bdb90522,401858423,fpi_only,home,False,21.0,37.0,loss,-1.0,-0.0,1.0125,1.0125,0.0,0.9578344612181154,0.9626064420584968,0.004771980840381329
fe932104888bc47bbeba,2026-09-04T11:08:51Z,e564afb0a5ab84ab43befa56bdb90522,401858423,fpi_only,away,False,21.0,37.0,win,25.0,0.0,26.0,26.0,0.0,0.0421655387818845,0.0373935579415032,-0.004771980840381294
ad087d1b5a0f7595a196,2026-09-04T11:08:51Z,e564afb0a5ab84ab43befa56bdb90522,401858423,ratings_only,home,False,21.0,37.0,loss,-1.0,-0.0,1.0125,1.0125,0.0,0.9578344612181154,0.9626064420584968,0.004771980840381329
870c30eb0ec1d50a13b1,2026-09-04T11:08:51Z,e564afb0a5ab84ab43befa56bdb90522,401858423,ratings_only,away,False,21.0,37.0,win,25.0,0.0,26.0,26.0,0.0,0.0421655387818845,0.0373935579415032,-0.004771980840381294
1687a4a67e4f3ed9a041,2026-09-04T11:08:51Z,e564afb0a5ab84ab43befa56bdb90522,401858423,market_only,home,False,21.0,37.0,loss,-1.0,-0.0,1.0125,1.0125,0.0,0.9578344612181154,0.9626064420584968,0.004771980840381329
7666549ba9471192ce09,2026-09-04T11:08:51Z,e564afb0a5ab84ab43befa56bdb90522,401858423,market_only,away,False,21.0,37.0,win,25.0,0.0,26.0,26.0,0.0,0.0421655387818845,0.0373935579415032,-0.004771980840381294
c24fb371ca3c06840ae5,2026-09-04T11:08:51Z,f089e3d943a34a9c4fe1808568b96529,401858204,market_fpi_residual,home,False,38.0,16.0,win,0.04,0.0,1.04,1.04,0.0,0.9320905459387484,0.9351620947630924,0.003071548824344017
bfcb008a836ac1b71a71,2026-09-04T11:08:51Z,f089e3d943a34a9c4fe1808568b96529,401858204,market_fpi_residual,away,False,38.0,16.0,loss,-1.0,-0.0,16.0,17.0,-0.05882352941176472,0.0679094540612517,0.0648379052369076,-0.0030715488243441003
883da861ae1c855896d3,2026-09-04T11:08:51Z,f089e3d943a34a9c4fe1808568b96529,401858204,market_public_ensemble,home,False,38.0,16.0,win,0.04,0.0,1.04,1.04,0.0,0.9320905459387484,0.9351620947630924,0.003071548824344017
6a9b5e8d404b3268054f,2026-09-04T11:08:51Z,f089e3d943a34a9c4fe1808568b96529,401858204,market_public_ensemble,away,False,38.0,16.0,loss,-1.0,-0.0,16.0,17.0,-0.05882352941176472,0.0679094540612517,0.0648379052369076,-0.0030715488243441003
343bff519ea17e498051,2026-09-04T11:08:51Z,f089e3d943a34a9c4fe1808568b96529,401858204,fpi_only,home,False,38.0,16.0,win,0.04,0.0,1.04,1.04,0.0,0.9320905459387484,0.9351620947630924,0.003071548824344017
1c3e8d520fe88b7c8769,2026-09-04T11:08:51Z,f089e3d943a34a9c4fe1808568b96529,401858204,fpi_only,away,False,38.0,16.0,loss,-1.0,-0.0,16.0,17.0,-0.05882352941176472,0.0679094540612517,0.0648379052369076,-0.0030715488243441003
e3ba964740fdc5dba254,2026-09-04T11:08:51Z,f089e3d943a34a9c4fe1808568b96529,401858204,ratings_only,home,False,38.0,16.0,win,0.04,0.0,1.04,1.04,0.0,0.9320905459387484,0.9351620947630924,0.003071548824344017
403b9dfb3a88cd4afa50,2026-09-04T11:08:51Z,f089e3d943a34a9c4fe1808568b96529,401858204,ratings_only,away,False,38.0,16.0,loss,-1.0,-0.0,16.0,17.0,-0.05882352941176472,0.0679094540612517,0.0648379052369076,-0.0030715488243441003
ea3861ec1f3588817287,2026-09-04T11:08:51Z,f089e3d943a34a9c4fe1808568b96529,401858204,market_only,home,False,38.0,16.0,win,0.04,0.0,1.04,1.04,0.0,0.9320905459387484,0.9351620947630924,0.003071548824344017
4fdc5e0ca8bfd4e7b266,2026-09-04T11:08:51Z,f089e3d943a34a9c4fe1808568b96529,401858204,market_only,away,False,38.0,16.0,loss,-1.0,-0.0,16.0,17.0,-0.05882352941176472,0.0679094540612517,0.0648379052369076,-0.0030715488243441003
5610564fdc50b277ab31,2026-09-04T11:08:51Z,2f02052c3228ed6d9dc2e8ff8cdf5cdd,401866409,market_fpi_residual,home,False,21.0,17.0,win,0.025,0.0,1.025,1.0833333333333333,-0.05384615384615388,0.9425441952743044,0.8986300147451887,-0.043914180529115776
bd255a93f7717386ce27,2026-09-04T11:08:51Z,2f02052c3228ed6d9dc2e8ff8cdf5cdd,401866409,market_fpi_residual,away,False,21.0,17.0,loss,-1.0,-0.0,19.0,9.9,0.9191919191919191,0.0574558047256956,0.1013699852548113,0.04391418052911571
f736df9991efbb3f8a1a,2026-09-04T11:08:51Z,2f02052c3228ed6d9dc2e8ff8cdf5cdd,401866409,market_public_ensemble,home,False,21.0,17.0,win,0.025,0.0,1.025,1.0833333333333333,-0.05384615384615388,0.9425441952743044,0.8986300147451887,-0.043914180529115776
0be406939445dbcc52b0,2026-09-04T11:08:51Z,2f02052c3228ed6d9dc2e8ff8cdf5cdd,401866409,market_public_ensemble,away,False,21.0,17.0,loss,-1.0,-0.0,19.0,9.9,0.9191919191919191,0.0574558047256956,0.1013699852548113,0.04391418052911571
3976e49b76562f1f7536,2026-09-04T11:08:51Z,2f02052c3228ed6d9dc2e8ff8cdf5cdd,401866409,fpi_only,home,False,21.0,17.0,win,0.025,0.0,1.025,1.0833333333333333,-0.05384615384615388,0.9425441952743044,0.8986300147451887,-0.043914180529115776
b49d3755bdff6cc9e18c,2026-09-04T11:08:51Z,2f02052c3228ed6d9dc2e8ff8cdf5cdd,401866409,fpi_only,away,False,21.0,17.0,loss,-1.0,-0.0,19.0,9.9,0.9191919191919191,0.0574558047256956,0.1013699852548113,0.04391418052911571
248b3ca1793e9ed99b1d,2026-09-04T11:08:51Z,2f02052c3228ed6d9dc2e8ff8cdf5cdd,401866409,market_only,home,False,21.0,17.0,win,0.025,0.0,1.025,1.0833333333333333,-0.05384615384615388,0.9425441952743044,0.8986300147451887,-0.043914180529115776
515ba0c4cbdc763c6dc7,2026-09-04T11:08:51Z,2f02052c3228ed6d9dc2e8ff8cdf5cdd,401866409,market_only,away,False,21.0,17.0,loss,-1.0,-0.0,19.0,9.9,0.9191919191919191,0.0574558047256956,0.1013699852548113,0.04391418052911571
0a2ec65aee1c548fd52b,2026-09-04T11:08:51Z,99279326548a5f5399cc9a2efe27a057,401864424,market_fpi_residual,home,False,42.0,7.0,win,0.02,0.0,1.02,1.01,0.00990099009900991,0.9551098651444672,0.9711510996858042,0.01604123454133699
365bcf6918af06a60ae8,2026-09-04T11:08:51Z,99279326548a5f5399cc9a2efe27a057,401864424,market_fpi_residual,away,False,42.0,7.0,loss,-1.0,-0.0,25.0,36.0,-0.3055555555555556,0.0448901348555328,0.0288489003141958,-0.016041234541337
8dd52928cdb3e42a4fae,2026-09-04T11:08:51Z,99279326548a5f5399cc9a2efe27a057,401864424,market_public_ensemble,home,False,42.0,7.0,win,0.02,0.0,1.02,1.01,0.00990099009900991,0.9551098651444672,0.9711510996858042,0.01604123454133699
72cf962e38e1aae95db6,2026-09-04T11:08:51Z,99279326548a5f5399cc9a2efe27a057,401864424,market_public_ensemble,away,False,42.0,7.0,loss,-1.0,-0.0,25.0,36.0,-0.3055555555555556,0.0448901348555328,0.0288489003141958,-0.016041234541337
4cd3721d74a1da7962b9,2026-09-04T11:08:51Z,99279326548a5f5399cc9a2efe27a057,401864424,fpi_only,home,False,42.0,7.0,win,0.02,0.0,1.02,1.01,0.00990099009900991,0.9551098651444672,0.9711510996858042,0.01604123454133699
24664d51170f40431f1a,2026-09-04T11:08:51Z,99279326548a5f5399cc9a2efe27a057,401864424,fpi_only,away,False,42.0,7.0,loss,-1.0,-0.0,25.0,36.0,-0.3055555555555556,0.0448901348555328,0.0288489003141958,-0.016041234541337
3fab45d15fd5045d9b12,2026-09-04T11:08:51Z,99279326548a5f5399cc9a2efe27a057,401864424,market_only,home,False,42.0,7.0,win,0.02,0.0,1.02,1.01,0.00990099009900991,0.9551098651444672,0.9711510996858042,0.01604123454133699
db21001e8b9d77eeca48,2026-09-04T11:08:51Z,99279326548a5f5399cc9a2efe27a057,401864424,market_only,away,False,42.0,7.0,loss,-1.0,-0.0,25.0,36.0,-0.3055555555555556,0.0448901348555328,0.0288489003141958,-0.016041234541337
7d061b1982a7cd102d53,2026-09-04T11:08:51Z,018e668269a3b5dc4055758ca86b1062,401864425,market_fpi_residual,home,False,47.0,0.0,win,0.02857142857142857,0.0,1.0285714285714285,1.04,-0.010989010989011172,0.9422571224294422,0.9338827461559928,-0.008374376273449391
59484e35e875e2b7c788,2026-09-04T11:08:51Z,018e668269a3b5dc4055758ca86b1062,401864425,market_fpi_residual,away,False,47.0,0.0,loss,-1.0,-0.0,21.0,16.0,0.3125,0.0577428775705578,0.0661172538440071,0.0083743762734493
54dcfb720708e75d1430,2026-09-04T11:08:51Z,018e668269a3b5dc4055758ca86b1062,401864425,market_public_ensemble,home,False,47.0,0.0,win,0.02857142857142857,0.0,1.0285714285714285,1.04,-0.010989010989011172,0.9422571224294422,0.9338827461559928,-0.008374376273449391
4b4bf6c7d53f02f6720e,2026-09-04T11:08:51Z,018e668269a3b5dc4055758ca86b1062,401864425,market_public_ensemble,away,False,47.0,0.0,loss,-1.0,-0.0,21.0,16.0,0.3125,0.0577428775705578,0.0661172538440071,0.0083743762734493
8cba6f1cd8369bad9f64,2026-09-04T11:08:51Z,018e668269a3b5dc4055758ca86b1062,401864425,fpi_only,home,False,47.0,0.0,win,0.02857142857142857,0.0,1.0285714285714285,1.04,-0.010989010989011172,0.9422571224294422,0.9338827461559928,-0.008374376273449391
5154a1f0dbbbc37b44de,2026-09-04T11:08:51Z,018e668269a3b5dc4055758ca86b1062,401864425,fpi_only,away,False,47.0,0.0,loss,-1.0,-0.0,21.0,16.0,0.3125,0.0577428775705578,0.0661172538440071,0.0083743762734493
85484e4b30d72720a508,2026-09-04T11:08:51Z,018e668269a3b5dc4055758ca86b1062,401864425,market_only,home,False,47.0,0.0,win,0.02857142857142857,0.0,1.0285714285714285,1.04,-0.010989010989011172,0.9422571224294422,0.9338827461559928,-0.008374376273449391
01455f0e394888f20628,2026-09-04T11:08:51Z,018e668269a3b5dc4055758ca86b1062,401864425,market_only,away,False,47.0,0.0,loss,-1.0,-0.0,21.0,16.0,0.3125,0.0577428775705578,0.0661172538440071,0.0083743762734493
68934eeb28c38de9f510,2026-09-04T11:08:51Z,1d6daad1c93bf7e5ae16be1db12e27d5,401856776,market_fpi_residual,home,False,13.0,14.0,loss,-1.0,-0.0,1.4166666666666667,1.425531914893617,-0.006218905472636704,0.6841382467383841,0.6778846153846154,-0.006253631353768663
552c8c6a7dce9a5a130a,2026-09-04T11:08:51Z,1d6daad1c93bf7e5ae16be1db12e27d5,401856776,market_fpi_residual,away,True,13.0,14.0,win,2.2,0.0073955050998312,3.2,3.1,0.032258064516129004,0.3158617532616159,0.3221153846153846,0.006253631353768663
a937480f79f00cfb2636,2026-09-04T11:08:51Z,1d6daad1c93bf7e5ae16be1db12e27d5,401856776,market_public_ensemble,home,False,13.0,14.0,loss,-1.0,-0.0,1.4166666666666667,1.425531914893617,-0.006218905472636704,0.6841382467383841,0.6778846153846154,-0.006253631353768663
d65f824ba5a895c12bc4,2026-09-04T11:08:51Z,1d6daad1c93bf7e5ae16be1db12e27d5,401856776,market_public_ensemble,away,False,13.0,14.0,win,2.2,0.0,3.2,3.1,0.032258064516129004,0.3158617532616159,0.3221153846153846,0.006253631353768663
24e03e821be27504658c,2026-09-04T11:08:51Z,1d6daad1c93bf7e5ae16be1db12e27d5,401856776,fpi_only,home,False,13.0,14.0,loss,-1.0,-0.0,1.4166666666666667,1.425531914893617,-0.006218905472636704,0.6841382467383841,0.6778846153846154,-0.006253631353768663
9881ba6c57f411659a2c,2026-09-04T11:08:51Z,1d6daad1c93bf7e5ae16be1db12e27d5,401856776,fpi_only,away,False,13.0,14.0,win,2.2,0.0,3.2,3.1,0.032258064516129004,0.3158617532616159,0.3221153846153846,0.006253631353768663
785d55c651caf985c84a,2026-09-04T11:08:51Z,1d6daad1c93bf7e5ae16be1db12e27d5,401856776,ratings_only,home,False,13.0,14.0,loss,-1.0,-0.0,1.4166666666666667,1.425531914893617,-0.006218905472636704,0.6841382467383841,0.6778846153846154,-0.006253631353768663
5ed66aa7717b740738ab,2026-09-04T11:08:51Z,1d6daad1c93bf7e5ae16be1db12e27d5,401856776,ratings_only,away,False,13.0,14.0,win,2.2,0.0,3.2,3.1,0.032258064516129004,0.3158617532616159,0.3221153846153846,0.006253631353768663
5e6e9703547688492f06,2026-09-04T11:08:51Z,1d6daad1c93bf7e5ae16be1db12e27d5,401856776,market_only,home,False,13.0,14.0,loss,-1.0,-0.0,1.4166666666666667,1.425531914893617,-0.006218905472636704,0.6841382467383841,0.6778846153846154,-0.006253631353768663
068d319cfafa86201447,2026-09-04T11:08:51Z,1d6daad1c93bf7e5ae16be1db12e27d5,401856776,market_only,away,False,13.0,14.0,win,2.2,0.0,3.2,3.1,0.032258064516129004,0.3158617532616159,0.3221153846153846,0.006253631353768663
5a4af013e07a2d153894,2026-09-04T11:08:51Z,86e3c86de584357bb263fa4ae819ed30,401856768,market_fpi_residual,home,False,66.0,14.0,win,0.005,0.0,1.005,1.002,0.0029940119760478723,0.9728415079043372,0.9807409402558572,0.00789943235152002
610aa4dd4908b0d82fc4,2026-09-04T11:08:51Z,86e3c86de584357bb263fa4ae819ed30,401856768,market_fpi_residual,away,False,66.0,14.0,loss,-1.0,-0.0,36.0,51.0,-0.2941176470588235,0.0271584920956626,0.0192590597441426,-0.007899432351519999
79d316c43351553ba508,2026-09-04T11:08:51Z,86e3c86de584357bb263fa4ae819ed30,401856768,market_public_ensemble,home,False,66.0,14.0,win,0.005,0.0,1.005,1.002,0.0029940119760478723,0.9728415079043372,0.9807409402558572,0.00789943235152002
bce4a978b05f169412da,2026-09-04T11:08:51Z,86e3c86de584357bb263fa4ae819ed30,401856768,market_public_ensemble,away,False,66.0,14.0,loss,-1.0,-0.0,36.0,51.0,-0.2941176470588235,0.0271584920956626,0.0192590597441426,-0.007899432351519999
ec38a19538b24cec9941,2026-09-04T11:08:51Z,86e3c86de584357bb263fa4ae819ed30,401856768,fpi_only,home,False,66.0,14.0,win,0.005,0.0,1.005,1.002,0.0029940119760478723,0.9728415079043372,0.9807409402558572,0.00789943235152002
074caab644a171cd4e4d,2026-09-04T11:08:51Z,86e3c86de584357bb263fa4ae819ed30,401856768,fpi_only,away,False,66.0,14.0,loss,-1.0,-0.0,36.0,51.0,-0.2941176470588235,0.0271584920956626,0.0192590597441426,-0.007899432351519999
b05a6ede09429b502069,2026-09-04T11:08:51Z,86e3c86de584357bb263fa4ae819ed30,401856768,market_only,home,False,66.0,14.0,win,0.005,0.0,1.005,1.002,0.0029940119760478723,0.9728415079043372,0.9807409402558572,0.00789943235152002
f14c24594792b7ccaebb,2026-09-04T11:08:51Z,86e3c86de584357bb263fa4ae819ed30,401856768,market_only,away,False,66.0,14.0,loss,-1.0,-0.0,36.0,51.0,-0.2941176470588235,0.0271584920956626,0.0192590597441426,-0.007899432351519999
6305261095bedd2bd61a,2026-09-04T11:08:51Z,1697069330d0343bdf7930ac0b0c3863,401858424,market_fpi_residual,home,False,42.0,23.0,win,0.02,0.0,1.02,1.022222222222222,-0.0021739130434779153,0.9538784067085954,0.9447903839573994,-0.009088022751195912
b45338c58a46fe62141f,2026-09-04T11:08:51Z,1697069330d0343bdf7930ac0b0c3863,401858424,market_fpi_residual,away,False,42.0,23.0,loss,-1.0,-0.0,23.0,21.0,0.09523809523809534,0.0461215932914046,0.0552096160426005,0.009088022751195905
84431e797c3703835d7e,2026-09-04T11:08:51Z,1697069330d0343bdf7930ac0b0c3863,401858424,market_public_ensemble,home,False,42.0,23.0,win,0.02,0.0,1.02,1.022222222222222,-0.0021739130434779153,0.9538784067085954,0.9447903839573994,-0.009088022751195912
f85a22203721a73f7cef,2026-09-04T11:08:51Z,1697069330d0343bdf7930ac0b0c3863,401858424,market_public_ensemble,away,False,42.0,23.0,loss,-1.0,-0.0,23.0,21.0,0.09523809523809534,0.0461215932914046,0.0552096160426005,0.009088022751195905
ef2317638c184f81eea7,2026-09-04T11:08:51Z,1697069330d0343bdf7930ac0b0c3863,401858424,fpi_only,home,False,42.0,23.0,win,0.02,0.0,1.02,1.022222222222222,-0.0021739130434779153,0.9538784067085954,0.9447903839573994,-0.009088022751195912
5ffd7a8501d2d13fa84a,2026-09-04T11:08:51Z,1697069330d0343bdf7930ac0b0c3863,401858424,fpi_only,away,False,42.0,23.0,loss,-1.0,-0.0,23.0,21.0,0.09523809523809534,0.0461215932914046,0.0552096160426005,0.009088022751195905
803725a415654fdbbf77,2026-09-04T11:08:51Z,1697069330d0343bdf7930ac0b0c3863,401858424,ratings_only,home,False,42.0,23.0,win,0.02,0.0,1.02,1.022222222222222,-0.0021739130434779153,0.9538784067085954,0.9447903839573994,-0.009088022751195912
8469b57fe3651a730802,2026-09-04T11:08:51Z,1697069330d0343bdf7930ac0b0c3863,401858424,ratings_only,away,False,42.0,23.0,loss,-1.0,-0.0,23.0,21.0,0.09523809523809534,0.0461215932914046,0.0552096160426005,0.009088022751195905
d66f396947663dc82042,2026-09-04T11:08:51Z,1697069330d0343bdf7930ac0b0c3863,401858424,market_only,home,False,42.0,23.0,win,0.02,0.0,1.02,1.022222222222222,-0.0021739130434779153,0.9538784067085954,0.9447903839573994,-0.009088022751195912
ea894a15b93c5f577d23,2026-09-04T11:08:51Z,1697069330d0343bdf7930ac0b0c3863,401858424,market_only,away,False,42.0,23.0,loss,-1.0,-0.0,23.0,21.0,0.09523809523809534,0.0461215932914046,0.0552096160426005,0.009088022751195905
cae23ac6515d69678ee7,2026-09-04T11:08:51Z,e564afb0a5ab84ab43befa56bdb90522,401858423,market_fpi_residual,home,False,21.0,37.0,loss,-1.0,-0.0,1.0125,1.0125,0.0,0.9578344612181154,0.9626064420584968,0.004771980840381329
94859fa414576de4e45e,2026-09-04T11:08:51Z,e564afb0a5ab84ab43befa56bdb90522,401858423,market_fpi_residual,away,False,21.0,37.0,win,25.0,0.0,26.0,26.0,0.0,0.0421655387818845,0.0373935579415032,-0.004771980840381294
05d82e8715f8bbfb2b26,2026-09-04T11:08:51Z,e564afb0a5ab84ab43befa56bdb90522,401858423,market_public_ensemble,home,False,21.0,37.0,loss,-1.0,-0.0,1.0125,1.0125,0.0,0.9578344612181154,0.9626064420584968,0.004771980840381329
990f27f39e71b4170c1e,2026-09-04T11:08:51Z,e564afb0a5ab84ab43befa56bdb90522,401858423,market_public_ensemble,away,False,21.0,37.0,win,25.0,0.0,26.0,26.0,0.0,0.0421655387818845,0.0373935579415032,-0.004771980840381294
6cee11dbb09e63e79eee,2026-09-04T11:08:51Z,e564afb0a5ab84ab43befa56bdb90522,401858423,fpi_only,home,False,21.0,37.0,loss,-1.0,-0.0,1.0125,1.0125,0.0,0.9578344612181154,0.9626064420584968,0.004771980840381329
2c40dfef6f813fe9353d,2026-09-04T11:08:51Z,e564afb0a5ab84ab43befa56bdb90522,401858423,fpi_only,away,False,21.0,37.0,win,25.0,0.0,26.0,26.0,0.0,0.0421655387818845,0.0373935579415032,-0.004771980840381294
3f49d2f83a163175d3f0,2026-09-04T11:08:51Z,e564afb0a5ab84ab43befa56bdb90522,401858423,ratings_only,home,False,21.0,37.0,loss,-1.0,-0.0,1.0125,1.0125,0.0,0.9578344612181154,0.9626064420584968,0.004771980840381329
81184f712e4c74ac99fe,2026-09-04T11:08:51Z,e564afb0a5ab84ab43befa56bdb90522,401858423,ratings_only,away,False,21.0,37.0,win,25.0,0.0,26.0,26.0,0.0,0.0421655387818845,0.0373935579415032,-0.004771980840381294
760106447a96529bfe1e,2026-09-04T11:08:51Z,e564afb0a5ab84ab43befa56bdb90522,401858423,market_only,home,False,21.0,37.0,loss,-1.0,-0.0,1.0125,1.0125,0.0,0.9578344612181154,0.9626064420584968,0.004771980840381329
a0b2360923382be0d11a,2026-09-04T11:08:51Z,e564afb0a5ab84ab43befa56bdb90522,401858423,market_only,away,False,21.0,37.0,win,25.0,0.0,26.0,26.0,0.0,0.0421655387818845,0.0373935579415032,-0.004771980840381294
e1ddd873a746a6e494db,2026-09-04T11:08:51Z,f089e3d943a34a9c4fe1808568b96529,401858204,market_fpi_residual,home,False,38.0,16.0,win,0.045454545454545456,0.0,1.0454545454545454,1.04,0.005244755244755206,0.9356725146198832,0.9351620947630924,-0.0005104198567907892
f10502d8b9fbcced6057,2026-09-04T11:08:51Z,f089e3d943a34a9c4fe1808568b96529,401858204,market_fpi_residual,away,False,38.0,16.0,loss,-1.0,-0.0,16.5,17.0,-0.02941176470588236,0.0643274853801169,0.0648379052369076,0.0005104198567907059
d43defed4a75ed6d9b2e,2026-09-04T11:08:51Z,f089e3d943a34a9c4fe1808568b96529,401858204,market_public_ensemble,home,False,38.0,16.0,win,0.045454545454545456,0.0,1.0454545454545454,1.04,0.005244755244755206,0.9356725146198832,0.9351620947630924,-0.0005104198567907892
252551cbe8d541c74fdc,2026-09-04T11:08:51Z,f089e3d943a34a9c4fe1808568b96529,401858204,market_public_ensemble,away,False,38.0,16.0,loss,-1.0,-0.0,16.5,17.0,-0.02941176470588236,0.0643274853801169,0.0648379052369076,0.0005104198567907059
d0795115ce954804a05c,2026-09-04T11:08:51Z,f089e3d943a34a9c4fe1808568b96529,401858204,fpi_only,home,False,38.0,16.0,win,0.045454545454545456,0.0,1.0454545454545454,1.04,0.005244755244755206,0.9356725146198832,0.9351620947630924,-0.0005104198567907892
80635800ce0954625a9c,2026-09-04T11:08:51Z,f089e3d943a34a9c4fe1808568b96529,401858204,fpi_only,away,False,38.0,16.0,loss,-1.0,-0.0,16.5,17.0,-0.02941176470588236,0.0643274853801169,0.0648379052369076,0.0005104198567907059
fb8564429f188767d50b,2026-09-04T11:08:51Z,f089e3d943a34a9c4fe1808568b96529,401858204,ratings_only,home,False,38.0,16.0,win,0.045454545454545456,0.0,1.0454545454545454,1.04,0.005244755244755206,0.9356725146198832,0.9351620947630924,-0.0005104198567907892
6394e555c8f6308a7ee6,2026-09-04T11:08:51Z,f089e3d943a34a9c4fe1808568b96529,401858204,ratings_only,away,False,38.0,16.0,loss,-1.0,-0.0,16.5,17.0,-0.02941176470588236,0.0643274853801169,0.0648379052369076,0.0005104198567907059
4f85b354354fa4aa74f1,2026-09-04T11:08:51Z,f089e3d943a34a9c4fe1808568b96529,401858204,market_only,home,False,38.0,16.0,win,0.045454545454545456,0.0,1.0454545454545454,1.04,0.005244755244755206,0.9356725146198832,0.9351620947630924,-0.0005104198567907892
b8c2851eea4a2361de41,2026-09-04T11:08:51Z,f089e3d943a34a9c4fe1808568b96529,401858204,market_only,away,False,38.0,16.0,loss,-1.0,-0.0,16.5,17.0,-0.02941176470588236,0.0643274853801169,0.0648379052369076,0.0005104198567907059
45c2033c25abd4575c92,2026-09-04T11:08:51Z,2f02052c3228ed6d9dc2e8ff8cdf5cdd,401866409,market_fpi_residual,home,False,21.0,17.0,win,0.025,0.0,1.025,1.0833333333333333,-0.05384615384615388,0.9449579241031276,0.8986300147451887,-0.04632790935793896
72d1b66aa8559338722a,2026-09-04T11:08:51Z,2f02052c3228ed6d9dc2e8ff8cdf5cdd,401866409,market_fpi_residual,away,False,21.0,17.0,loss,-1.0,-0.0,21.0,9.9,1.121212121212121,0.0550420758968723,0.1013699852548113,0.046327909357939005
fdcb782246616b951f6a,2026-09-04T11:08:51Z,2f02052c3228ed6d9dc2e8ff8cdf5cdd,401866409,market_public_ensemble,home,False,21.0,17.0,win,0.025,0.0,1.025,1.0833333333333333,-0.05384615384615388,0.9449579241031276,0.8986300147451887,-0.04632790935793896
1f807efffb1a1158dcb3,2026-09-04T11:08:51Z,2f02052c3228ed6d9dc2e8ff8cdf5cdd,401866409,market_public_ensemble,away,False,21.0,17.0,loss,-1.0,-0.0,21.0,9.9,1.121212121212121,0.0550420758968723,0.1013699852548113,0.046327909357939005
954274cbcc2af51540e8,2026-09-04T11:08:51Z,2f02052c3228ed6d9dc2e8ff8cdf5cdd,401866409,fpi_only,home,False,21.0,17.0,win,0.025,0.0,1.025,1.0833333333333333,-0.05384615384615388,0.9449579241031276,0.8986300147451887,-0.04632790935793896
2da7b61f489f9ae227de,2026-09-04T11:08:51Z,2f02052c3228ed6d9dc2e8ff8cdf5cdd,401866409,fpi_only,away,False,21.0,17.0,loss,-1.0,-0.0,21.0,9.9,1.121212121212121,0.0550420758968723,0.1013699852548113,0.046327909357939005
92368749119f904f04e2,2026-09-04T11:08:51Z,2f02052c3228ed6d9dc2e8ff8cdf5cdd,401866409,market_only,home,False,21.0,17.0,win,0.025,0.0,1.025,1.0833333333333333,-0.05384615384615388,0.9449579241031276,0.8986300147451887,-0.04632790935793896
6fd724e9165eaf995fef,2026-09-04T11:08:51Z,2f02052c3228ed6d9dc2e8ff8cdf5cdd,401866409,market_only,away,False,21.0,17.0,loss,-1.0,-0.0,21.0,9.9,1.121212121212121,0.0550420758968723,0.1013699852548113,0.046327909357939005
f81d2f1bcaa9cdd2fe3e,2026-09-04T11:08:51Z,99279326548a5f5399cc9a2efe27a057,401864424,market_fpi_residual,home,False,42.0,7.0,win,0.0125,0.0,1.0125,1.01,0.0024752475247524774,0.9653379845612264,0.9711510996858042,0.005813115124577717
0de0b95ae8fb67eec0b6,2026-09-04T11:08:51Z,99279326548a5f5399cc9a2efe27a057,401864424,market_fpi_residual,away,False,42.0,7.0,loss,-1.0,-0.0,36.0,36.0,0.0,0.0346620154387735,0.0288489003141958,-0.0058131151245776995
0755fb330775855cd04f,2026-09-04T11:08:51Z,99279326548a5f5399cc9a2efe27a057,401864424,market_public_ensemble,home,False,42.0,7.0,win,0.0125,0.0,1.0125,1.01,0.0024752475247524774,0.9653379845612264,0.9711510996858042,0.005813115124577717
8284c8486d1bc02df103,2026-09-04T11:08:51Z,99279326548a5f5399cc9a2efe27a057,401864424,market_public_ensemble,away,False,42.0,7.0,loss,-1.0,-0.0,36.0,36.0,0.0,0.0346620154387735,0.0288489003141958,-0.0058131151245776995
7a1ede2dacc4d5495f78,2026-09-04T11:08:51Z,99279326548a5f5399cc9a2efe27a057,401864424,fpi_only,home,False,42.0,7.0,win,0.0125,0.0,1.0125,1.01,0.0024752475247524774,0.9653379845612264,0.9711510996858042,0.005813115124577717
5cf936110fee3bfface9,2026-09-04T11:08:51Z,99279326548a5f5399cc9a2efe27a057,401864424,fpi_only,away,False,42.0,7.0,loss,-1.0,-0.0,36.0,36.0,0.0,0.0346620154387735,0.0288489003141958,-0.0058131151245776995
c458fef062993ba69898,2026-09-04T11:08:51Z,99279326548a5f5399cc9a2efe27a057,401864424,market_only,home,False,42.0,7.0,win,0.0125,0.0,1.0125,1.01,0.0024752475247524774,0.9653379845612264,0.9711510996858042,0.005813115124577717
e09f4fdd564bf4aa5092,2026-09-04T11:08:51Z,99279326548a5f5399cc9a2efe27a057,401864424,market_only,away,False,42.0,7.0,loss,-1.0,-0.0,36.0,36.0,0.0,0.0346620154387735,0.0288489003141958,-0.0058131151245776995
491f92e9059b89aafc16,2026-09-04T11:08:51Z,018e668269a3b5dc4055758ca86b1062,401864425,market_fpi_residual,home,False,47.0,0.0,win,0.02857142857142857,0.0,1.0285714285714285,1.04,-0.010989010989011172,0.9368851867589172,0.9338827461559928,-0.0030024406029244277
6c7815a8bd95ffe85d73,2026-09-04T11:08:51Z,018e668269a3b5dc4055758ca86b1062,401864425,market_fpi_residual,away,False,47.0,0.0,loss,-1.0,-0.0,17.0,16.0,0.0625,0.0631148132410829,0.0661172538440071,0.0030024406029242057
a9e8ddc7ce9964274894,2026-09-04T11:08:51Z,018e668269a3b5dc4055758ca86b1062,401864425,market_public_ensemble,home,False,47.0,0.0,win,0.02857142857142857,0.0,1.0285714285714285,1.04,-0.010989010989011172,0.9368851867589172,0.9338827461559928,-0.0030024406029244277
e1f98457ba9a8e25a14f,2026-09-04T11:08:51Z,018e668269a3b5dc4055758ca86b1062,401864425,market_public_ensemble,away,False,47.0,0.0,loss,-1.0,-0.0,17.0,16.0,0.0625,0.0631148132410829,0.0661172538440071,0.0030024406029242057
a0619ec4b7a60412ae67,2026-09-04T11:08:51Z,018e668269a3b5dc4055758ca86b1062,401864425,fpi_only,home,False,47.0,0.0,win,0.02857142857142857,0.0,1.0285714285714285,1.04,-0.010989010989011172,0.9368851867589172,0.9338827461559928,-0.0030024406029244277
c8c234bda216a75b4d75,2026-09-04T11:08:51Z,018e668269a3b5dc4055758ca86b1062,401864425,fpi_only,away,False,47.0,0.0,loss,-1.0,-0.0,17.0,16.0,0.0625,0.0631148132410829,0.0661172538440071,0.0030024406029242057
e0342065bbcd580e34a1,2026-09-04T11:08:51Z,018e668269a3b5dc4055758ca86b1062,401864425,market_only,home,False,47.0,0.0,win,0.02857142857142857,0.0,1.0285714285714285,1.04,-0.010989010989011172,0.9368851867589172,0.9338827461559928,-0.0030024406029244277
5f562e274f7e450653f5,2026-09-04T11:08:51Z,018e668269a3b5dc4055758ca86b1062,401864425,market_only,away,False,47.0,0.0,loss,-1.0,-0.0,17.0,16.0,0.0625,0.0631148132410829,0.0661172538440071,0.0030024406029242057
55ec7e9336898c8412a2,2026-09-04T11:08:51Z,1d6daad1c93bf7e5ae16be1db12e27d5,401856776,market_fpi_residual,home,False,13.0,14.0,loss,-1.0,-0.0,1.434782608695652,1.425531914893617,0.006489292667099189,0.6888888888888889,0.6778846153846154,-0.011004273504273465
835498793ab0621e73b6,2026-09-04T11:08:51Z,1d6daad1c93bf7e5ae16be1db12e27d5,401856776,market_fpi_residual,away,False,13.0,14.0,win,2.1,0.0,3.1,3.1,0.0,0.3111111111111111,0.3221153846153846,0.011004273504273465
19541a03632cfc34b175,2026-09-04T11:08:51Z,1d6daad1c93bf7e5ae16be1db12e27d5,401856776,market_public_ensemble,home,False,13.0,14.0,loss,-1.0,-0.0,1.434782608695652,1.425531914893617,0.006489292667099189,0.6888888888888889,0.6778846153846154,-0.011004273504273465
713aff6132bfc432f93b,2026-09-04T11:08:51Z,1d6daad1c93bf7e5ae16be1db12e27d5,401856776,market_public_ensemble,away,False,13.0,14.0,win,2.1,0.0,3.1,3.1,0.0,0.3111111111111111,0.3221153846153846,0.011004273504273465
07af825837dbf46aa538,2026-09-04T11:08:51Z,1d6daad1c93bf7e5ae16be1db12e27d5,401856776,fpi_only,home,False,13.0,14.0,loss,-1.0,-0.0,1.434782608695652,1.425531914893617,0.006489292667099189,0.6888888888888889,0.6778846153846154,-0.011004273504273465
fd9b4b96dabace66c386,2026-09-04T11:08:51Z,1d6daad1c93bf7e5ae16be1db12e27d5,401856776,fpi_only,away,False,13.0,14.0,win,2.1,0.0,3.1,3.1,0.0,0.3111111111111111,0.3221153846153846,0.011004273504273465
4b129a3af9cf83051744,2026-09-04T11:08:51Z,1d6daad1c93bf7e5ae16be1db12e27d5,401856776,ratings_only,home,False,13.0,14.0,loss,-1.0,-0.0,1.434782608695652,1.425531914893617,0.006489292667099189,0.6888888888888889,0.6778846153846154,-0.011004273504273465
3d2b2223bb35313fb115,2026-09-04T11:08:51Z,1d6daad1c93bf7e5ae16be1db12e27d5,401856776,ratings_only,away,False,13.0,14.0,win,2.1,0.0,3.1,3.1,0.0,0.3111111111111111,0.3221153846153846,0.011004273504273465
8c41a53cb5b5a16c3d4b,2026-09-04T11:08:51Z,1d6daad1c93bf7e5ae16be1db12e27d5,401856776,market_only,home,False,13.0,14.0,loss,-1.0,-0.0,1.434782608695652,1.425531914893617,0.006489292667099189,0.6888888888888889,0.6778846153846154,-0.011004273504273465
11e98e07e663bab1ae0a,2026-09-04T11:08:51Z,1d6daad1c93bf7e5ae16be1db12e27d5,401856776,market_only,away,False,13.0,14.0,win,2.1,0.0,3.1,3.1,0.0,0.3111111111111111,0.3221153846153846,0.011004273504273465
de8ca6a5cc5c39396da6,2026-09-04T11:08:51Z,86e3c86de584357bb263fa4ae819ed30,401856768,market_fpi_residual,home,False,66.0,14.0,win,0.001,0.0,1.001,1.002,-0.0009980039920161055,0.9807503701851888,0.9807409402558572,-9.429929331616904e-06
f66828a179e6e3f0717b,2026-09-04T11:08:51Z,86e3c86de584357bb263fa4ae819ed30,401856768,market_fpi_residual,away,False,66.0,14.0,loss,-1.0,-0.0,51.0,51.0,0.0,0.0192496298148111,0.0192590597441426,9.429929331498943e-06
122a43e059b54675d550,2026-09-04T11:08:51Z,86e3c86de584357bb263fa4ae819ed30,401856768,market_public_ensemble,home,False,66.0,14.0,win,0.001,0.0,1.001,1.002,-0.0009980039920161055,0.9807503701851888,0.9807409402558572,-9.429929331616904e-06
dc64a896d49e7d9876a2,2026-09-04T11:08:51Z,86e3c86de584357bb263fa4ae819ed30,401856768,market_public_ensemble,away,False,66.0,14.0,loss,-1.0,-0.0,51.0,51.0,0.0,0.0192496298148111,0.0192590597441426,9.429929331498943e-06
21c87492b789f9909c00,2026-09-04T11:08:51Z,86e3c86de584357bb263fa4ae819ed30,401856768,fpi_only,home,False,66.0,14.0,win,0.001,0.0,1.001,1.002,-0.0009980039920161055,0.9807503701851888,0.9807409402558572,-9.429929331616904e-06
d1c0bad584cdd53b20e9,2026-09-04T11:08:51Z,86e3c86de584357bb263fa4ae819ed30,401856768,fpi_only,away,False,66.0,14.0,loss,-1.0,-0.0,51.0,51.0,0.0,0.0192496298148111,0.0192590597441426,9.429929331498943e-06
c7214d682cc00041f892,2026-09-04T11:08:51Z,86e3c86de584357bb263fa4ae819ed30,401856768,market_only,home,False,66.0,14.0,win,0.001,0.0,1.001,1.002,-0.0009980039920161055,0.9807503701851888,0.9807409402558572,-9.429929331616904e-06
65d36a74b65b5cad383d,2026-09-04T11:08:51Z,86e3c86de584357bb263fa4ae819ed30,401856768,market_only,away,False,66.0,14.0,loss,-1.0,-0.0,51.0,51.0,0.0,0.0192496298148111,0.0192590597441426,9.429929331498943e-06
e516faf6fcb015f75ccf,2026-09-04T11:08:52Z,1697069330d0343bdf7930ac0b0c3863,401858424,market_fpi_residual,home,False,42.0,23.0,win,0.02,0.0,1.02,1.022222222222222,-0.0021739130434779153,0.9454158854843786,0.9447903839573994,-0.0006255015269791553
9b88572d134cd1d06624,2026-09-04T11:08:52Z,1697069330d0343bdf7930ac0b0c3863,401858424,market_fpi_residual,away,False,42.0,23.0,loss,-1.0,-0.0,21.0,21.0,0.0,0.0545841145156213,0.0552096160426005,0.0006255015269792039
8be11499e922c86e5010,2026-09-04T11:08:52Z,1697069330d0343bdf7930ac0b0c3863,401858424,market_public_ensemble,home,False,42.0,23.0,win,0.02,0.0,1.02,1.022222222222222,-0.0021739130434779153,0.9454158854843786,0.9447903839573994,-0.0006255015269791553
bebef3af922d9f6e5879,2026-09-04T11:08:52Z,1697069330d0343bdf7930ac0b0c3863,401858424,market_public_ensemble,away,False,42.0,23.0,loss,-1.0,-0.0,21.0,21.0,0.0,0.0545841145156213,0.0552096160426005,0.0006255015269792039
f98dba36795f1cd1e4d6,2026-09-04T11:08:52Z,1697069330d0343bdf7930ac0b0c3863,401858424,fpi_only,home,False,42.0,23.0,win,0.02,0.0,1.02,1.022222222222222,-0.0021739130434779153,0.9454158854843786,0.9447903839573994,-0.0006255015269791553
52b7fdd6a9659b15c7a0,2026-09-04T11:08:52Z,1697069330d0343bdf7930ac0b0c3863,401858424,fpi_only,away,False,42.0,23.0,loss,-1.0,-0.0,21.0,21.0,0.0,0.0545841145156213,0.0552096160426005,0.0006255015269792039
31bf16696ff934eb8ea4,2026-09-04T11:08:52Z,1697069330d0343bdf7930ac0b0c3863,401858424,ratings_only,home,False,42.0,23.0,win,0.02,0.0,1.02,1.022222222222222,-0.0021739130434779153,0.9454158854843786,0.9447903839573994,-0.0006255015269791553
f3d137daf7455ba09aac,2026-09-04T11:08:52Z,1697069330d0343bdf7930ac0b0c3863,401858424,ratings_only,away,False,42.0,23.0,loss,-1.0,-0.0,21.0,21.0,0.0,0.0545841145156213,0.0552096160426005,0.0006255015269792039
d0c66d866bc457e12ed8,2026-09-04T11:08:52Z,1697069330d0343bdf7930ac0b0c3863,401858424,market_only,home,False,42.0,23.0,win,0.02,0.0,1.02,1.022222222222222,-0.0021739130434779153,0.9454158854843786,0.9447903839573994,-0.0006255015269791553
715b2477c1f106ec426f,2026-09-04T11:08:52Z,1697069330d0343bdf7930ac0b0c3863,401858424,market_only,away,False,42.0,23.0,loss,-1.0,-0.0,21.0,21.0,0.0,0.0545841145156213,0.0552096160426005,0.0006255015269792039
71e0a84bf2ac8a57ea15,2026-09-04T11:08:52Z,e564afb0a5ab84ab43befa56bdb90522,401858423,market_fpi_residual,home,False,21.0,37.0,loss,-1.0,-0.0,1.0125,1.0125,0.0,0.9578344612181154,0.9626064420584968,0.004771980840381329
64123478b0ae0d98d130,2026-09-04T11:08:52Z,e564afb0a5ab84ab43befa56bdb90522,401858423,market_fpi_residual,away,False,21.0,37.0,win,25.0,0.0,26.0,26.0,0.0,0.0421655387818845,0.0373935579415032,-0.004771980840381294
a54c24dbbb5948dd82f6,2026-09-04T11:08:52Z,e564afb0a5ab84ab43befa56bdb90522,401858423,market_public_ensemble,home,False,21.0,37.0,loss,-1.0,-0.0,1.0125,1.0125,0.0,0.9578344612181154,0.9626064420584968,0.004771980840381329
cb8a9795e411f09169e9,2026-09-04T11:08:52Z,e564afb0a5ab84ab43befa56bdb90522,401858423,market_public_ensemble,away,False,21.0,37.0,win,25.0,0.0,26.0,26.0,0.0,0.0421655387818845,0.0373935579415032,-0.004771980840381294
dda45c506c93ab9a3b48,2026-09-04T11:08:52Z,e564afb0a5ab84ab43befa56bdb90522,401858423,fpi_only,home,False,21.0,37.0,loss,-1.0,-0.0,1.0125,1.0125,0.0,0.9578344612181154,0.9626064420584968,0.004771980840381329
16ccf54622f12d404d23,2026-09-04T11:08:52Z,e564afb0a5ab84ab43befa56bdb90522,401858423,fpi_only,away,False,21.0,37.0,win,25.0,0.0,26.0,26.0,0.0,0.0421655387818845,0.0373935579415032,-0.004771980840381294
6d3c6daf30c5714a6fe3,2026-09-04T11:08:52Z,e564afb0a5ab84ab43befa56bdb90522,401858423,ratings_only,home,False,21.0,37.0,loss,-1.0,-0.0,1.0125,1.0125,0.0,0.9578344612181154,0.9626064420584968,0.004771980840381329
3ff8e405ce67ea7516fe,2026-09-04T11:08:52Z,e564afb0a5ab84ab43befa56bdb90522,401858423,ratings_only,away,False,21.0,37.0,win,25.0,0.0,26.0,26.0,0.0,0.0421655387818845,0.0373935579415032,-0.004771980840381294
6e0bb52badbc8472cda3,2026-09-04T11:08:52Z,e564afb0a5ab84ab43befa56bdb90522,401858423,market_only,home,False,21.0,37.0,loss,-1.0,-0.0,1.0125,1.0125,0.0,0.9578344612181154,0.9626064420584968,0.004771980840381329
3779af99cf246756c026,2026-09-04T11:08:52Z,e564afb0a5ab84ab43befa56bdb90522,401858423,market_only,away,False,21.0,37.0,win,25.0,0.0,26.0,26.0,0.0,0.0421655387818845,0.0373935579415032,-0.004771980840381294
efed4fb3b927d3437b21,2026-09-04T11:08:52Z,f089e3d943a34a9c4fe1808568b96529,401858204,market_fpi_residual,home,False,38.0,16.0,win,0.04,0.0,1.04,1.04,0.0,0.9356725146198832,0.9351620947630924,-0.0005104198567907892
42de6384fb44218f7825,2026-09-04T11:08:52Z,f089e3d943a34a9c4fe1808568b96529,401858204,market_fpi_residual,away,False,38.0,16.0,loss,-1.0,-0.0,16.5,17.0,-0.02941176470588236,0.0643274853801169,0.0648379052369076,0.0005104198567907059
f79c54d3efd06c5ff0dc,2026-09-04T11:08:52Z,f089e3d943a34a9c4fe1808568b96529,401858204,market_public_ensemble,home,False,38.0,16.0,win,0.04,0.0,1.04,1.04,0.0,0.9356725146198832,0.9351620947630924,-0.0005104198567907892
9d27b6ed684b41700fe3,2026-09-04T11:08:52Z,f089e3d943a34a9c4fe1808568b96529,401858204,market_public_ensemble,away,False,38.0,16.0,loss,-1.0,-0.0,16.5,17.0,-0.02941176470588236,0.0643274853801169,0.0648379052369076,0.0005104198567907059
261aa6b4858d2e3a2068,2026-09-04T11:08:52Z,f089e3d943a34a9c4fe1808568b96529,401858204,fpi_only,home,False,38.0,16.0,win,0.04,0.0,1.04,1.04,0.0,0.9356725146198832,0.9351620947630924,-0.0005104198567907892
3aec185cd62676f18fb8,2026-09-04T11:08:52Z,f089e3d943a34a9c4fe1808568b96529,401858204,fpi_only,away,False,38.0,16.0,loss,-1.0,-0.0,16.5,17.0,-0.02941176470588236,0.0643274853801169,0.0648379052369076,0.0005104198567907059
1db600819ec6bd6ccbfb,2026-09-04T11:08:52Z,f089e3d943a34a9c4fe1808568b96529,401858204,ratings_only,home,False,38.0,16.0,win,0.04,0.0,1.04,1.04,0.0,0.9356725146198832,0.9351620947630924,-0.0005104198567907892
fb208a77f49b397d2cf7,2026-09-04T11:08:52Z,f089e3d943a34a9c4fe1808568b96529,401858204,ratings_only,away,False,38.0,16.0,loss,-1.0,-0.0,16.5,17.0,-0.02941176470588236,0.0643274853801169,0.0648379052369076,0.0005104198567907059
94f5455898f6b96cfe84,2026-09-04T11:08:52Z,f089e3d943a34a9c4fe1808568b96529,401858204,market_only,home,False,38.0,16.0,win,0.04,0.0,1.04,1.04,0.0,0.9356725146198832,0.9351620947630924,-0.0005104198567907892
0685ccca226eeece87e1,2026-09-04T11:08:52Z,f089e3d943a34a9c4fe1808568b96529,401858204,market_only,away,False,38.0,16.0,loss,-1.0,-0.0,16.5,17.0,-0.02941176470588236,0.0643274853801169,0.0648379052369076,0.0005104198567907059
f2859e4901ebcefbbbdc,2026-09-04T11:08:52Z,2f02052c3228ed6d9dc2e8ff8cdf5cdd,401866409,market_fpi_residual,home,False,21.0,17.0,win,0.025,0.0,1.025,1.0833333333333333,-0.05384615384615388,0.9449579241031276,0.8986300147451887,-0.04632790935793896
b29daafa94d4475d20d5,2026-09-04T11:08:52Z,2f02052c3228ed6d9dc2e8ff8cdf5cdd,401866409,market_fpi_residual,away,False,21.0,17.0,loss,-1.0,-0.0,21.0,9.9,1.121212121212121,0.0550420758968723,0.1013699852548113,0.046327909357939005
fee7802511a3465413b8,2026-09-04T11:08:52Z,2f02052c3228ed6d9dc2e8ff8cdf5cdd,401866409,market_public_ensemble,home,False,21.0,17.0,win,0.025,0.0,1.025,1.0833333333333333,-0.05384615384615388,0.9449579241031276,0.8986300147451887,-0.04632790935793896
158a567a1a4972e96931,2026-09-04T11:08:52Z,2f02052c3228ed6d9dc2e8ff8cdf5cdd,401866409,market_public_ensemble,away,False,21.0,17.0,loss,-1.0,-0.0,21.0,9.9,1.121212121212121,0.0550420758968723,0.1013699852548113,0.046327909357939005
af04e189c7e66833d7fe,2026-09-04T11:08:52Z,2f02052c3228ed6d9dc2e8ff8cdf5cdd,401866409,fpi_only,home,False,21.0,17.0,win,0.025,0.0,1.025,1.0833333333333333,-0.05384615384615388,0.9449579241031276,0.8986300147451887,-0.04632790935793896
0b072a0a0f8471ccaaa1,2026-09-04T11:08:52Z,2f02052c3228ed6d9dc2e8ff8cdf5cdd,401866409,fpi_only,away,False,21.0,17.0,loss,-1.0,-0.0,21.0,9.9,1.121212121212121,0.0550420758968723,0.1013699852548113,0.046327909357939005
e147beabf85240c46837,2026-09-04T11:08:52Z,2f02052c3228ed6d9dc2e8ff8cdf5cdd,401866409,market_only,home,False,21.0,17.0,win,0.025,0.0,1.025,1.0833333333333333,-0.05384615384615388,0.9449579241031276,0.8986300147451887,-0.04632790935793896
ed04ef2c1118a9a5eec8,2026-09-04T11:08:52Z,2f02052c3228ed6d9dc2e8ff8cdf5cdd,401866409,market_only,away,False,21.0,17.0,loss,-1.0,-0.0,21.0,9.9,1.121212121212121,0.0550420758968723,0.1013699852548113,0.046327909357939005
6b876564ad375b08efbd,2026-09-04T11:08:52Z,99279326548a5f5399cc9a2efe27a057,401864424,market_fpi_residual,home,False,42.0,7.0,win,0.0125,0.0,1.0125,1.01,0.0024752475247524774,0.9653379845612264,0.9711510996858042,0.005813115124577717
0b8f4ef83d29922998af,2026-09-04T11:08:52Z,99279326548a5f5399cc9a2efe27a057,401864424,market_fpi_residual,away,False,42.0,7.0,loss,-1.0,-0.0,36.0,36.0,0.0,0.0346620154387735,0.0288489003141958,-0.0058131151245776995
3dffde61148dbd8a7181,2026-09-04T11:08:52Z,99279326548a5f5399cc9a2efe27a057,401864424,market_public_ensemble,home,False,42.0,7.0,win,0.0125,0.0,1.0125,1.01,0.0024752475247524774,0.9653379845612264,0.9711510996858042,0.005813115124577717
2e666511db21e8143e29,2026-09-04T11:08:52Z,99279326548a5f5399cc9a2efe27a057,401864424,market_public_ensemble,away,False,42.0,7.0,loss,-1.0,-0.0,36.0,36.0,0.0,0.0346620154387735,0.0288489003141958,-0.0058131151245776995
0b970fb306250ad198a9,2026-09-04T11:08:52Z,99279326548a5f5399cc9a2efe27a057,401864424,fpi_only,home,False,42.0,7.0,win,0.0125,0.0,1.0125,1.01,0.0024752475247524774,0.9653379845612264,0.9711510996858042,0.005813115124577717
b8cdb53e790b5ac6c8dc,2026-09-04T11:08:52Z,99279326548a5f5399cc9a2efe27a057,401864424,fpi_only,away,False,42.0,7.0,loss,-1.0,-0.0,36.0,36.0,0.0,0.0346620154387735,0.0288489003141958,-0.0058131151245776995
629dfa7457096b52d177,2026-09-04T11:08:52Z,99279326548a5f5399cc9a2efe27a057,401864424,market_only,home,False,42.0,7.0,win,0.0125,0.0,1.0125,1.01,0.0024752475247524774,0.9653379845612264,0.9711510996858042,0.005813115124577717
6bb56b4539787731b711,2026-09-04T11:08:52Z,99279326548a5f5399cc9a2efe27a057,401864424,market_only,away,False,42.0,7.0,loss,-1.0,-0.0,36.0,36.0,0.0,0.0346620154387735,0.0288489003141958,-0.0058131151245776995
61197bcf0b58cb6bb4e4,2026-09-04T11:08:52Z,018e668269a3b5dc4055758ca86b1062,401864425,market_fpi_residual,home,False,47.0,0.0,win,0.02857142857142857,0.0,1.0285714285714285,1.04,-0.010989010989011172,0.9368851867589172,0.9338827461559928,-0.0030024406029244277
da7a26976d2ab4352e68,2026-09-04T11:08:52Z,018e668269a3b5dc4055758ca86b1062,401864425,market_fpi_residual,away,False,47.0,0.0,loss,-1.0,-0.0,17.0,16.0,0.0625,0.0631148132410829,0.0661172538440071,0.0030024406029242057
ae9764296c980a238ca4,2026-09-04T11:08:52Z,018e668269a3b5dc4055758ca86b1062,401864425,market_public_ensemble,home,False,47.0,0.0,win,0.02857142857142857,0.0,1.0285714285714285,1.04,-0.010989010989011172,0.9368851867589172,0.9338827461559928,-0.0030024406029244277
83fb430d6bca6eec1a44,2026-09-04T11:08:52Z,018e668269a3b5dc4055758ca86b1062,401864425,market_public_ensemble,away,False,47.0,0.0,loss,-1.0,-0.0,17.0,16.0,0.0625,0.0631148132410829,0.0661172538440071,0.0030024406029242057
58582e49c8db62c12e53,2026-09-04T11:08:52Z,018e668269a3b5dc4055758ca86b1062,401864425,fpi_only,home,False,47.0,0.0,win,0.02857142857142857,0.0,1.0285714285714285,1.04,-0.010989010989011172,0.9368851867589172,0.9338827461559928,-0.0030024406029244277
8135ce5de454bcea7303,2026-09-04T11:08:52Z,018e668269a3b5dc4055758ca86b1062,401864425,fpi_only,away,False,47.0,0.0,loss,-1.0,-0.0,17.0,16.0,0.0625,0.0631148132410829,0.0661172538440071,0.0030024406029242057
49b87eb9da57e2cb0546,2026-09-04T11:08:52Z,018e668269a3b5dc4055758ca86b1062,401864425,market_only,home,False,47.0,0.0,win,0.02857142857142857,0.0,1.0285714285714285,1.04,-0.010989010989011172,0.9368851867589172,0.9338827461559928,-0.0030024406029244277
a8647f01a0d8c2ce7b26,2026-09-04T11:08:52Z,018e668269a3b5dc4055758ca86b1062,401864425,market_only,away,False,47.0,0.0,loss,-1.0,-0.0,17.0,16.0,0.0625,0.0631148132410829,0.0661172538440071,0.0030024406029242057
9fe116d550596ca88f06,2026-09-04T11:08:52Z,1d6daad1c93bf7e5ae16be1db12e27d5,401856776,market_fpi_residual,home,False,13.0,14.0,loss,-1.0,-0.0,1.434782608695652,1.425531914893617,0.006489292667099189,0.6888888888888889,0.6778846153846154,-0.011004273504273465
3a22c05c2a02332905fc,2026-09-04T11:08:52Z,1d6daad1c93bf7e5ae16be1db12e27d5,401856776,market_fpi_residual,away,False,13.0,14.0,win,2.1,0.0,3.1,3.1,0.0,0.3111111111111111,0.3221153846153846,0.011004273504273465
470870c5880a657cd032,2026-09-04T11:08:52Z,1d6daad1c93bf7e5ae16be1db12e27d5,401856776,market_public_ensemble,home,False,13.0,14.0,loss,-1.0,-0.0,1.434782608695652,1.425531914893617,0.006489292667099189,0.6888888888888889,0.6778846153846154,-0.011004273504273465
cc5003113f3c7d1568dd,2026-09-04T11:08:52Z,1d6daad1c93bf7e5ae16be1db12e27d5,401856776,market_public_ensemble,away,False,13.0,14.0,win,2.1,0.0,3.1,3.1,0.0,0.3111111111111111,0.3221153846153846,0.011004273504273465
3667a5dbe601f75f25bb,2026-09-04T11:08:52Z,1d6daad1c93bf7e5ae16be1db12e27d5,401856776,fpi_only,home,False,13.0,14.0,loss,-1.0,-0.0,1.434782608695652,1.425531914893617,0.006489292667099189,0.6888888888888889,0.6778846153846154,-0.011004273504273465
f82fd2384599aee12dd7,2026-09-04T11:08:52Z,1d6daad1c93bf7e5ae16be1db12e27d5,401856776,fpi_only,away,False,13.0,14.0,win,2.1,0.0,3.1,3.1,0.0,0.3111111111111111,0.3221153846153846,0.011004273504273465
c3d581f9da5af44a1ce1,2026-09-04T11:08:52Z,1d6daad1c93bf7e5ae16be1db12e27d5,401856776,ratings_only,home,False,13.0,14.0,loss,-1.0,-0.0,1.434782608695652,1.425531914893617,0.006489292667099189,0.6888888888888889,0.6778846153846154,-0.011004273504273465
2e94512b2aef570fe95a,2026-09-04T11:08:52Z,1d6daad1c93bf7e5ae16be1db12e27d5,401856776,ratings_only,away,False,13.0,14.0,win,2.1,0.0,3.1,3.1,0.0,0.3111111111111111,0.3221153846153846,0.011004273504273465
232139fa90fd09697cb4,2026-09-04T11:08:52Z,1d6daad1c93bf7e5ae16be1db12e27d5,401856776,market_only,home,False,13.0,14.0,loss,-1.0,-0.0,1.434782608695652,1.425531914893617,0.006489292667099189,0.6888888888888889,0.6778846153846154,-0.011004273504273465
7ac8449b0861657bdf53,2026-09-04T11:08:52Z,1d6daad1c93bf7e5ae16be1db12e27d5,401856776,market_only,away,False,13.0,14.0,win,2.1,0.0,3.1,3.1,0.0,0.3111111111111111,0.3221153846153846,0.011004273504273465
8e0cd2884b8e41e9a5ac,2026-09-04T11:08:52Z,86e3c86de584357bb263fa4ae819ed30,401856768,market_fpi_residual,home,False,66.0,14.0,win,0.001,0.0,1.001,1.002,-0.0009980039920161055,0.9807503701851888,0.9807409402558572,-9.429929331616904e-06
7978b20f597db8597a7f,2026-09-04T11:08:52Z,86e3c86de584357bb263fa4ae819ed30,401856768,market_fpi_residual,away,False,66.0,14.0,loss,-1.0,-0.0,51.0,51.0,0.0,0.0192496298148111,0.0192590597441426,9.429929331498943e-06
82661f6e16b9baadd4b6,2026-09-04T11:08:52Z,86e3c86de584357bb263fa4ae819ed30,401856768,market_public_ensemble,home,False,66.0,14.0,win,0.001,0.0,1.001,1.002,-0.0009980039920161055,0.9807503701851888,0.9807409402558572,-9.429929331616904e-06
a994f25cc590621de3e4,2026-09-04T11:08:52Z,86e3c86de584357bb263fa4ae819ed30,401856768,market_public_ensemble,away,False,66.0,14.0,loss,-1.0,-0.0,51.0,51.0,0.0,0.0192496298148111,0.0192590597441426,9.429929331498943e-06
efa91941a6ee3ae4da3f,2026-09-04T11:08:52Z,86e3c86de584357bb263fa4ae819ed30,401856768,fpi_only,home,False,66.0,14.0,win,0.001,0.0,1.001,1.002,-0.0009980039920161055,0.9807503701851888,0.9807409402558572,-9.429929331616904e-06
5f306babc9b6158058a7,2026-09-04T11:08:52Z,86e3c86de584357bb263fa4ae819ed30,401856768,fpi_only,away,False,66.0,14.0,loss,-1.0,-0.0,51.0,51.0,0.0,0.0192496298148111,0.0192590597441426,9.429929331498943e-06
93a78618071cb6157dc7,2026-09-04T11:08:52Z,86e3c86de584357bb263fa4ae819ed30,401856768,market_only,home,False,66.0,14.0,win,0.001,0.0,1.001,1.002,-0.0009980039920161055,0.9807503701851888,0.9807409402558572,-9.429929331616904e-06
d2c41fbebc9961c70df7,2026-09-04T11:08:52Z,86e3c86de584357bb263fa4ae819ed30,401856768,market_only,away,False,66.0,14.0,loss,-1.0,-0.0,51.0,51.0,0.0,0.0192496298148111,0.0192590597441426,9.429929331498943e-06
2dc8628fd0a4bfebe965,2026-09-04T11:08:52Z,1697069330d0343bdf7930ac0b0c3863,401858424,market_fpi_residual,home,False,42.0,23.0,win,0.02,0.0,1.02,1.022222222222222,-0.0021739130434779153,0.9454158854843786,0.9447903839573994,-0.0006255015269791553
4f2570f119476007e17c,2026-09-04T11:08:52Z,1697069330d0343bdf7930ac0b0c3863,401858424,market_fpi_residual,away,False,42.0,23.0,loss,-1.0,-0.0,21.0,21.0,0.0,0.0545841145156213,0.0552096160426005,0.0006255015269792039
b5ac112bb75c0ea06ad4,2026-09-04T11:08:52Z,1697069330d0343bdf7930ac0b0c3863,401858424,market_public_ensemble,home,False,42.0,23.0,win,0.02,0.0,1.02,1.022222222222222,-0.0021739130434779153,0.9454158854843786,0.9447903839573994,-0.0006255015269791553
32db7a814818675a1c22,2026-09-04T11:08:52Z,1697069330d0343bdf7930ac0b0c3863,401858424,market_public_ensemble,away,False,42.0,23.0,loss,-1.0,-0.0,21.0,21.0,0.0,0.0545841145156213,0.0552096160426005,0.0006255015269792039
3162d1f2f78fb2a30801,2026-09-04T11:08:52Z,1697069330d0343bdf7930ac0b0c3863,401858424,fpi_only,home,False,42.0,23.0,win,0.02,0.0,1.02,1.022222222222222,-0.0021739130434779153,0.9454158854843786,0.9447903839573994,-0.0006255015269791553
dfcf2052f6027f029b3c,2026-09-04T11:08:52Z,1697069330d0343bdf7930ac0b0c3863,401858424,fpi_only,away,False,42.0,23.0,loss,-1.0,-0.0,21.0,21.0,0.0,0.0545841145156213,0.0552096160426005,0.0006255015269792039
3cdf5fcb69dc9d2a1b6a,2026-09-04T11:08:52Z,1697069330d0343bdf7930ac0b0c3863,401858424,ratings_only,home,False,42.0,23.0,win,0.02,0.0,1.02,1.022222222222222,-0.0021739130434779153,0.9454158854843786,0.9447903839573994,-0.0006255015269791553
0ae7976f3c6a4c56da3d,2026-09-04T11:08:52Z,1697069330d0343bdf7930ac0b0c3863,401858424,ratings_only,away,False,42.0,23.0,loss,-1.0,-0.0,21.0,21.0,0.0,0.0545841145156213,0.0552096160426005,0.0006255015269792039
002c84016414f5876cc5,2026-09-04T11:08:52Z,1697069330d0343bdf7930ac0b0c3863,401858424,market_only,home,False,42.0,23.0,win,0.02,0.0,1.02,1.022222222222222,-0.0021739130434779153,0.9454158854843786,0.9447903839573994,-0.0006255015269791553
4ae76a11f6ddf5224327,2026-09-04T11:08:52Z,1697069330d0343bdf7930ac0b0c3863,401858424,market_only,away,False,42.0,23.0,loss,-1.0,-0.0,21.0,21.0,0.0,0.0545841145156213,0.0552096160426005,0.0006255015269792039
ad4e0439dcf0d4ad68f7,2026-09-04T11:08:52Z,f089e3d943a34a9c4fe1808568b96529,401858204,market_fpi_residual,home,False,38.0,16.0,win,0.04,0.0,1.04,1.04,0.0,0.9311163895486936,0.9351620947630924,0.0040457052143988426
027da1d39d5c10baaa19,2026-09-04T11:08:52Z,f089e3d943a34a9c4fe1808568b96529,401858204,market_fpi_residual,away,False,38.0,16.0,loss,-1.0,-0.0,15.0,17.0,-0.11764705882352944,0.0688836104513064,0.0648379052369076,-0.004045705214398801
ae9342b3dafef6dd6b38,2026-09-04T11:08:52Z,f089e3d943a34a9c4fe1808568b96529,401858204,market_public_ensemble,home,False,38.0,16.0,win,0.04,0.0,1.04,1.04,0.0,0.9311163895486936,0.9351620947630924,0.0040457052143988426
18c7c2b60fb2a1ece1f9,2026-09-04T11:08:52Z,f089e3d943a34a9c4fe1808568b96529,401858204,market_public_ensemble,away,False,38.0,16.0,loss,-1.0,-0.0,15.0,17.0,-0.11764705882352944,0.0688836104513064,0.0648379052369076,-0.004045705214398801
d3f59eecc23ac5f0745c,2026-09-04T11:08:52Z,f089e3d943a34a9c4fe1808568b96529,401858204,fpi_only,home,False,38.0,16.0,win,0.04,0.0,1.04,1.04,0.0,0.9311163895486936,0.9351620947630924,0.0040457052143988426
ab52a668e75282f8a9a3,2026-09-04T11:08:52Z,f089e3d943a34a9c4fe1808568b96529,401858204,fpi_only,away,False,38.0,16.0,loss,-1.0,-0.0,15.0,17.0,-0.11764705882352944,0.0688836104513064,0.0648379052369076,-0.004045705214398801
8ab0198a924db8ef5a7c,2026-09-04T11:08:52Z,f089e3d943a34a9c4fe1808568b96529,401858204,ratings_only,home,False,38.0,16.0,win,0.04,0.0,1.04,1.04,0.0,0.9311163895486936,0.9351620947630924,0.0040457052143988426
6892123fe56c3e5b15cc,2026-09-04T11:08:52Z,f089e3d943a34a9c4fe1808568b96529,401858204,ratings_only,away,False,38.0,16.0,loss,-1.0,-0.0,15.0,17.0,-0.11764705882352944,0.0688836104513064,0.0648379052369076,-0.004045705214398801
aa40eeec0cabb3444598,2026-09-04T11:08:52Z,f089e3d943a34a9c4fe1808568b96529,401858204,market_only,home,False,38.0,16.0,win,0.04,0.0,1.04,1.04,0.0,0.9311163895486936,0.9351620947630924,0.0040457052143988426
18fc6b3b3775a2849391,2026-09-04T11:08:52Z,f089e3d943a34a9c4fe1808568b96529,401858204,market_only,away,False,38.0,16.0,loss,-1.0,-0.0,15.0,17.0,-0.11764705882352944,0.0688836104513064,0.0648379052369076,-0.004045705214398801
acf041e8bab92c2629f2,2026-09-04T11:08:52Z,2f02052c3228ed6d9dc2e8ff8cdf5cdd,401866409,market_fpi_residual,home,False,21.0,17.0,win,0.08333333333333333,0.0,1.0833333333333333,1.0833333333333333,0.0,0.9019277880806832,0.8986300147451887,-0.003297773335494525
81cc07d5460e05148145,2026-09-04T11:08:52Z,2f02052c3228ed6d9dc2e8ff8cdf5cdd,401866409,market_fpi_residual,away,False,21.0,17.0,loss,-1.0,-0.0,10.5,9.9,0.06060606060606055,0.0980722119193169,0.1013699852548113,0.0032977733354944
a05157feec1bb98e2ee6,2026-09-04T11:08:52Z,2f02052c3228ed6d9dc2e8ff8cdf5cdd,401866409,market_public_ensemble,home,False,21.0,17.0,win,0.08333333333333333,0.0,1.0833333333333333,1.0833333333333333,0.0,0.9019277880806832,0.8986300147451887,-0.003297773335494525
4baa8587e2b55bb84b71,2026-09-04T11:08:52Z,2f02052c3228ed6d9dc2e8ff8cdf5cdd,401866409,market_public_ensemble,away,False,21.0,17.0,loss,-1.0,-0.0,10.5,9.9,0.06060606060606055,0.0980722119193169,0.1013699852548113,0.0032977733354944
5ec61cc13f73427133a9,2026-09-04T11:08:52Z,2f02052c3228ed6d9dc2e8ff8cdf5cdd,401866409,fpi_only,home,False,21.0,17.0,win,0.08333333333333333,0.0,1.0833333333333333,1.0833333333333333,0.0,0.9019277880806832,0.8986300147451887,-0.003297773335494525
44e28093ab1c0e5b1a3d,2026-09-04T11:08:52Z,2f02052c3228ed6d9dc2e8ff8cdf5cdd,401866409,fpi_only,away,False,21.0,17.0,loss,-1.0,-0.0,10.5,9.9,0.06060606060606055,0.0980722119193169,0.1013699852548113,0.0032977733354944
f459d29b628827f5ed67,2026-09-04T11:08:52Z,2f02052c3228ed6d9dc2e8ff8cdf5cdd,401866409,market_only,home,False,21.0,17.0,win,0.08333333333333333,0.0,1.0833333333333333,1.0833333333333333,0.0,0.9019277880806832,0.8986300147451887,-0.003297773335494525
2145a1c70eaffc225989,2026-09-04T11:08:52Z,2f02052c3228ed6d9dc2e8ff8cdf5cdd,401866409,market_only,away,False,21.0,17.0,loss,-1.0,-0.0,10.5,9.9,0.06060606060606055,0.0980722119193169,0.1013699852548113,0.0032977733354944
b26078995966f4ca60b1,2026-09-04T11:08:52Z,99279326548a5f5399cc9a2efe27a057,401864424,market_fpi_residual,home,False,42.0,7.0,win,0.01,0.0,1.01,1.01,0.0,0.9648080707189616,0.9711510996858042,0.006343028966842579
c7cb066b53438e54e262,2026-09-04T11:08:52Z,99279326548a5f5399cc9a2efe27a057,401864424,market_fpi_residual,away,False,42.0,7.0,loss,-1.0,-0.0,31.0,36.0,-0.13888888888888884,0.0351919292810385,0.0288489003141958,-0.0063430289668427
f715564ef222b5554511,2026-09-04T11:08:52Z,99279326548a5f5399cc9a2efe27a057,401864424,market_public_ensemble,home,False,42.0,7.0,win,0.01,0.0,1.01,1.01,0.0,0.9648080707189616,0.9711510996858042,0.006343028966842579
7ea4d741785c10f54336,2026-09-04T11:08:52Z,99279326548a5f5399cc9a2efe27a057,401864424,market_public_ensemble,away,False,42.0,7.0,loss,-1.0,-0.0,31.0,36.0,-0.13888888888888884,0.0351919292810385,0.0288489003141958,-0.0063430289668427
747864d89a8a9a0c46bb,2026-09-04T11:08:52Z,99279326548a5f5399cc9a2efe27a057,401864424,fpi_only,home,False,42.0,7.0,win,0.01,0.0,1.01,1.01,0.0,0.9648080707189616,0.9711510996858042,0.006343028966842579
b41d7620a93685faffdf,2026-09-04T11:08:52Z,99279326548a5f5399cc9a2efe27a057,401864424,fpi_only,away,False,42.0,7.0,loss,-1.0,-0.0,31.0,36.0,-0.13888888888888884,0.0351919292810385,0.0288489003141958,-0.0063430289668427
ae09fff7c7fe117ce7e3,2026-09-04T11:08:52Z,99279326548a5f5399cc9a2efe27a057,401864424,market_only,home,False,42.0,7.0,win,0.01,0.0,1.01,1.01,0.0,0.9648080707189616,0.9711510996858042,0.006343028966842579
3875d7dfd9b814387c35,2026-09-04T11:08:52Z,99279326548a5f5399cc9a2efe27a057,401864424,market_only,away,False,42.0,7.0,loss,-1.0,-0.0,31.0,36.0,-0.13888888888888884,0.0351919292810385,0.0288489003141958,-0.0063430289668427
55959e1b7336b8a6b6c6,2026-09-04T11:08:52Z,018e668269a3b5dc4055758ca86b1062,401864425,market_fpi_residual,home,False,47.0,0.0,win,0.03333333333333333,0.0,1.0333333333333334,1.04,-0.0064102564102563875,0.9393346379647748,0.9338827461559928,-0.005451891808782028
1fb82e4e1a9d4d4b1a01,2026-09-04T11:08:52Z,018e668269a3b5dc4055758ca86b1062,401864425,market_fpi_residual,away,False,47.0,0.0,loss,-1.0,-0.0,17.0,16.0,0.0625,0.0606653620352251,0.0661172538440071,0.005451891808782
d9c22fba060ea906d20c,2026-09-04T11:08:52Z,018e668269a3b5dc4055758ca86b1062,401864425,market_public_ensemble,home,False,47.0,0.0,win,0.03333333333333333,0.0,1.0333333333333334,1.04,-0.0064102564102563875,0.9393346379647748,0.9338827461559928,-0.005451891808782028
f47b6fe62a1d45a36cd5,2026-09-04T11:08:52Z,018e668269a3b5dc4055758ca86b1062,401864425,market_public_ensemble,away,False,47.0,0.0,loss,-1.0,-0.0,17.0,16.0,0.0625,0.0606653620352251,0.0661172538440071,0.005451891808782
f1f1c61a1bedd40840c1,2026-09-04T11:08:52Z,018e668269a3b5dc4055758ca86b1062,401864425,fpi_only,home,False,47.0,0.0,win,0.03333333333333333,0.0,1.0333333333333334,1.04,-0.0064102564102563875,0.9393346379647748,0.9338827461559928,-0.005451891808782028
a86213df9ddf7b4e1a8f,2026-09-04T11:08:52Z,018e668269a3b5dc4055758ca86b1062,401864425,fpi_only,away,False,47.0,0.0,loss,-1.0,-0.0,17.0,16.0,0.0625,0.0606653620352251,0.0661172538440071,0.005451891808782
83b56faa8cbc04c67cb3,2026-09-04T11:08:52Z,018e668269a3b5dc4055758ca86b1062,401864425,market_only,home,False,47.0,0.0,win,0.03333333333333333,0.0,1.0333333333333334,1.04,-0.0064102564102563875,0.9393346379647748,0.9338827461559928,-0.005451891808782028
d021dfd2d86eda38844a,2026-09-04T11:08:52Z,018e668269a3b5dc4055758ca86b1062,401864425,market_only,away,False,47.0,0.0,loss,-1.0,-0.0,17.0,16.0,0.0625,0.0606653620352251,0.0661172538440071,0.005451891808782
e1e87b39e8090ecec62f,2026-09-04T11:08:52Z,1d6daad1c93bf7e5ae16be1db12e27d5,401856776,market_fpi_residual,home,False,13.0,14.0,loss,-1.0,-0.0,1.425531914893617,1.425531914893617,0.0,0.6853932584269663,0.6778846153846154,-0.007508643042350882
22b66cf6772541904ecb,2026-09-04T11:08:52Z,1d6daad1c93bf7e5ae16be1db12e27d5,401856776,market_fpi_residual,away,True,13.0,14.0,win,2.15,0.005395090841936534,3.15,3.1,0.016129032258064502,0.3146067415730337,0.3221153846153846,0.007508643042350882
00d5814376936cd57678,2026-09-04T11:08:52Z,1d6daad1c93bf7e5ae16be1db12e27d5,401856776,market_public_ensemble,home,False,13.0,14.0,loss,-1.0,-0.0,1.425531914893617,1.425531914893617,0.0,0.6853932584269663,0.6778846153846154,-0.007508643042350882
12b529c080776ebbf09b,2026-09-04T11:08:52Z,1d6daad1c93bf7e5ae16be1db12e27d5,401856776,market_public_ensemble,away,False,13.0,14.0,win,2.15,0.0,3.15,3.1,0.016129032258064502,0.3146067415730337,0.3221153846153846,0.007508643042350882
d7d64d254acbcf411a8b,2026-09-04T11:08:52Z,1d6daad1c93bf7e5ae16be1db12e27d5,401856776,fpi_only,home,False,13.0,14.0,loss,-1.0,-0.0,1.425531914893617,1.425531914893617,0.0,0.6853932584269663,0.6778846153846154,-0.007508643042350882
aa78328e692b2e83bdd5,2026-09-04T11:08:52Z,1d6daad1c93bf7e5ae16be1db12e27d5,401856776,fpi_only,away,False,13.0,14.0,win,2.15,0.0,3.15,3.1,0.016129032258064502,0.3146067415730337,0.3221153846153846,0.007508643042350882
2e6139b78697d0bd705e,2026-09-04T11:08:52Z,1d6daad1c93bf7e5ae16be1db12e27d5,401856776,ratings_only,home,False,13.0,14.0,loss,-1.0,-0.0,1.425531914893617,1.425531914893617,0.0,0.6853932584269663,0.6778846153846154,-0.007508643042350882
51aed191bee6dc50a99b,2026-09-04T11:08:52Z,1d6daad1c93bf7e5ae16be1db12e27d5,401856776,ratings_only,away,False,13.0,14.0,win,2.15,0.0,3.15,3.1,0.016129032258064502,0.3146067415730337,0.3221153846153846,0.007508643042350882
4eb9c066d49b3bac5395,2026-09-04T11:08:52Z,1d6daad1c93bf7e5ae16be1db12e27d5,401856776,market_only,home,False,13.0,14.0,loss,-1.0,-0.0,1.425531914893617,1.425531914893617,0.0,0.6853932584269663,0.6778846153846154,-0.007508643042350882
6c7dea181d16a1350f46,2026-09-04T11:08:52Z,1d6daad1c93bf7e5ae16be1db12e27d5,401856776,market_only,away,False,13.0,14.0,win,2.15,0.0,3.15,3.1,0.016129032258064502,0.3146067415730337,0.3221153846153846,0.007508643042350882
42ad691373bbd9b72e5a,2026-09-04T11:08:52Z,86e3c86de584357bb263fa4ae819ed30,401856768,market_fpi_residual,home,False,66.0,14.0,win,0.001,0.0,1.001,1.002,-0.0009980039920161055,0.9815946373829052,0.9807409402558572,-0.0008536971270479699
93fa0a5e7f437b53c9a9,2026-09-04T11:08:52Z,86e3c86de584357bb263fa4ae819ed30,401856768,market_fpi_residual,away,False,66.0,14.0,loss,-1.0,-0.0,56.0,51.0,0.0980392156862746,0.0184053626170948,0.0192590597441426,0.0008536971270477998
249c09ff6998a6511fc6,2026-09-04T11:08:52Z,86e3c86de584357bb263fa4ae819ed30,401856768,market_public_ensemble,home,False,66.0,14.0,win,0.001,0.0,1.001,1.002,-0.0009980039920161055,0.9815946373829052,0.9807409402558572,-0.0008536971270479699
e02ce16bec34a56962e0,2026-09-04T11:08:52Z,86e3c86de584357bb263fa4ae819ed30,401856768,market_public_ensemble,away,False,66.0,14.0,loss,-1.0,-0.0,56.0,51.0,0.0980392156862746,0.0184053626170948,0.0192590597441426,0.0008536971270477998
cf8ca094d563b4018fd5,2026-09-04T11:08:52Z,86e3c86de584357bb263fa4ae819ed30,401856768,fpi_only,home,False,66.0,14.0,win,0.001,0.0,1.001,1.002,-0.0009980039920161055,0.9815946373829052,0.9807409402558572,-0.0008536971270479699
8081cf6bb6a4422b16c4,2026-09-04T11:08:52Z,86e3c86de584357bb263fa4ae819ed30,401856768,fpi_only,away,False,66.0,14.0,loss,-1.0,-0.0,56.0,51.0,0.0980392156862746,0.0184053626170948,0.0192590597441426,0.0008536971270477998
250ff1400c77af07ad8e,2026-09-04T11:08:52Z,86e3c86de584357bb263fa4ae819ed30,401856768,market_only,home,False,66.0,14.0,win,0.001,0.0,1.001,1.002,-0.0009980039920161055,0.9815946373829052,0.9807409402558572,-0.0008536971270479699
4ec12035946859291794,2026-09-04T11:08:52Z,86e3c86de584357bb263fa4ae819ed30,401856768,market_only,away,False,66.0,14.0,loss,-1.0,-0.0,56.0,51.0,0.0980392156862746,0.0184053626170948,0.0192590597441426,0.0008536971270477998
dd2faa265562647a62aa,2026-09-04T11:08:52Z,1697069330d0343bdf7930ac0b0c3863,401858424,market_fpi_residual,home,False,42.0,23.0,win,0.022222222222222223,0.0,1.022222222222222,1.022222222222222,0.0,0.948868234080582,0.9447903839573994,-0.004077850123182514
b8c89f9d341b0ff1fb90,2026-09-04T11:08:52Z,1697069330d0343bdf7930ac0b0c3863,401858424,market_fpi_residual,away,False,42.0,23.0,loss,-1.0,-0.0,21.0,21.0,0.0,0.051131765919418,0.0552096160426005,0.0040778501231825
c8b359b4aa2bebfa0cd5,2026-09-04T11:08:52Z,1697069330d0343bdf7930ac0b0c3863,401858424,market_public_ensemble,home,False,42.0,23.0,win,0.022222222222222223,0.0,1.022222222222222,1.022222222222222,0.0,0.948868234080582,0.9447903839573994,-0.004077850123182514
ff82df0e3305918ef8e0,2026-09-04T11:08:52Z,1697069330d0343bdf7930ac0b0c3863,401858424,market_public_ensemble,away,False,42.0,23.0,loss,-1.0,-0.0,21.0,21.0,0.0,0.051131765919418,0.0552096160426005,0.0040778501231825
b6da4f0688705bdc3364,2026-09-04T11:08:52Z,1697069330d0343bdf7930ac0b0c3863,401858424,fpi_only,home,False,42.0,23.0,win,0.022222222222222223,0.0,1.022222222222222,1.022222222222222,0.0,0.948868234080582,0.9447903839573994,-0.004077850123182514
35e0c3e1cb7cdf924b22,2026-09-04T11:08:52Z,1697069330d0343bdf7930ac0b0c3863,401858424,fpi_only,away,False,42.0,23.0,loss,-1.0,-0.0,21.0,21.0,0.0,0.051131765919418,0.0552096160426005,0.0040778501231825
6a26086d4c2e4971a1fb,2026-09-04T11:08:52Z,1697069330d0343bdf7930ac0b0c3863,401858424,ratings_only,home,False,42.0,23.0,win,0.022222222222222223,0.0,1.022222222222222,1.022222222222222,0.0,0.948868234080582,0.9447903839573994,-0.004077850123182514
f806757d12836e54725d,2026-09-04T11:08:52Z,1697069330d0343bdf7930ac0b0c3863,401858424,ratings_only,away,False,42.0,23.0,loss,-1.0,-0.0,21.0,21.0,0.0,0.051131765919418,0.0552096160426005,0.0040778501231825
2356b51ac5e4e8d81f31,2026-09-04T11:08:52Z,1697069330d0343bdf7930ac0b0c3863,401858424,market_only,home,False,42.0,23.0,win,0.022222222222222223,0.0,1.022222222222222,1.022222222222222,0.0,0.948868234080582,0.9447903839573994,-0.004077850123182514
f3734ba51f4d005eccb9,2026-09-04T11:08:52Z,1697069330d0343bdf7930ac0b0c3863,401858424,market_only,away,False,42.0,23.0,loss,-1.0,-0.0,21.0,21.0,0.0,0.051131765919418,0.0552096160426005,0.0040778501231825
9fc7f83e7c9882081da6,2026-09-04T11:08:52Z,e564afb0a5ab84ab43befa56bdb90522,401858423,market_fpi_residual,home,False,21.0,37.0,loss,-1.0,-0.0,1.0125,1.0125,0.0,0.9611687812379852,0.9626064420584968,0.0014376608205115549
661d6c9aea3e0d7e3c40,2026-09-04T11:08:52Z,e564afb0a5ab84ab43befa56bdb90522,401858423,market_fpi_residual,away,False,21.0,37.0,win,25.0,0.0,26.0,26.0,0.0,0.0388312187620146,0.0373935579415032,-0.0014376608205113953
4b383e6011fcfedf8794,2026-09-04T11:08:52Z,e564afb0a5ab84ab43befa56bdb90522,401858423,market_public_ensemble,home,False,21.0,37.0,loss,-1.0,-0.0,1.0125,1.0125,0.0,0.9611687812379852,0.9626064420584968,0.0014376608205115549
87ac461eeadf6a4637ed,2026-09-04T11:08:52Z,e564afb0a5ab84ab43befa56bdb90522,401858423,market_public_ensemble,away,False,21.0,37.0,win,25.0,0.0,26.0,26.0,0.0,0.0388312187620146,0.0373935579415032,-0.0014376608205113953
3bd633e578f8c9f2eede,2026-09-04T11:08:52Z,e564afb0a5ab84ab43befa56bdb90522,401858423,fpi_only,home,False,21.0,37.0,loss,-1.0,-0.0,1.0125,1.0125,0.0,0.9611687812379852,0.9626064420584968,0.0014376608205115549
e737ab6d62cab0df3dd0,2026-09-04T11:08:52Z,e564afb0a5ab84ab43befa56bdb90522,401858423,fpi_only,away,False,21.0,37.0,win,25.0,0.0,26.0,26.0,0.0,0.0388312187620146,0.0373935579415032,-0.0014376608205113953
b5a83a0d7d8b75187402,2026-09-04T11:08:52Z,e564afb0a5ab84ab43befa56bdb90522,401858423,ratings_only,home,False,21.0,37.0,loss,-1.0,-0.0,1.0125,1.0125,0.0,0.9611687812379852,0.9626064420584968,0.0014376608205115549
85e1dc50647a9f599a7f,2026-09-04T11:08:52Z,e564afb0a5ab84ab43befa56bdb90522,401858423,ratings_only,away,False,21.0,37.0,win,25.0,0.0,26.0,26.0,0.0,0.0388312187620146,0.0373935579415032,-0.0014376608205113953
4ea4d5d988f93ab07e86,2026-09-04T11:08:52Z,e564afb0a5ab84ab43befa56bdb90522,401858423,market_only,home,False,21.0,37.0,loss,-1.0,-0.0,1.0125,1.0125,0.0,0.9611687812379852,0.9626064420584968,0.0014376608205115549
266f12b6b1000b2b9b67,2026-09-04T11:08:52Z,e564afb0a5ab84ab43befa56bdb90522,401858423,market_only,away,False,21.0,37.0,win,25.0,0.0,26.0,26.0,0.0,0.0388312187620146,0.0373935579415032,-0.0014376608205113953
56ae95080c19f938e38b,2026-09-04T11:08:52Z,f089e3d943a34a9c4fe1808568b96529,401858204,market_fpi_residual,home,False,38.0,16.0,win,0.04,0.0,1.04,1.04,0.0,0.9356725146198832,0.9351620947630924,-0.0005104198567907892
b69b3743ff6ba0563225,2026-09-04T11:08:52Z,f089e3d943a34a9c4fe1808568b96529,401858204,market_fpi_residual,away,False,38.0,16.0,loss,-1.0,-0.0,16.0,17.0,-0.05882352941176472,0.0643274853801169,0.0648379052369076,0.0005104198567907059
e1627872d0e8d2b33564,2026-09-04T11:08:52Z,f089e3d943a34a9c4fe1808568b96529,401858204,market_public_ensemble,home,False,38.0,16.0,win,0.04,0.0,1.04,1.04,0.0,0.9356725146198832,0.9351620947630924,-0.0005104198567907892
c1fd96440dec1901ea33,2026-09-04T11:08:52Z,f089e3d943a34a9c4fe1808568b96529,401858204,market_public_ensemble,away,False,38.0,16.0,loss,-1.0,-0.0,16.0,17.0,-0.05882352941176472,0.0643274853801169,0.0648379052369076,0.0005104198567907059
674e027caf476dc788ea,2026-09-04T11:08:52Z,f089e3d943a34a9c4fe1808568b96529,401858204,fpi_only,home,False,38.0,16.0,win,0.04,0.0,1.04,1.04,0.0,0.9356725146198832,0.9351620947630924,-0.0005104198567907892
7455275ac4be60611a59,2026-09-04T11:08:52Z,f089e3d943a34a9c4fe1808568b96529,401858204,fpi_only,away,False,38.0,16.0,loss,-1.0,-0.0,16.0,17.0,-0.05882352941176472,0.0643274853801169,0.0648379052369076,0.0005104198567907059
322e871a7791140a80f9,2026-09-04T11:08:52Z,f089e3d943a34a9c4fe1808568b96529,401858204,ratings_only,home,False,38.0,16.0,win,0.04,0.0,1.04,1.04,0.0,0.9356725146198832,0.9351620947630924,-0.0005104198567907892
6b9ae85f9d911ac6a4af,2026-09-04T11:08:52Z,f089e3d943a34a9c4fe1808568b96529,401858204,ratings_only,away,False,38.0,16.0,loss,-1.0,-0.0,16.0,17.0,-0.05882352941176472,0.0643274853801169,0.0648379052369076,0.0005104198567907059
744b74548721a6aa8c26,2026-09-04T11:08:52Z,f089e3d943a34a9c4fe1808568b96529,401858204,market_only,home,False,38.0,16.0,win,0.04,0.0,1.04,1.04,0.0,0.9356725146198832,0.9351620947630924,-0.0005104198567907892
e67276db389884403a0f,2026-09-04T11:08:52Z,f089e3d943a34a9c4fe1808568b96529,401858204,market_only,away,False,38.0,16.0,loss,-1.0,-0.0,16.0,17.0,-0.05882352941176472,0.0643274853801169,0.0648379052369076,0.0005104198567907059
415a531dd4240b909a8c,2026-09-04T11:08:52Z,2f02052c3228ed6d9dc2e8ff8cdf5cdd,401866409,market_fpi_residual,home,False,21.0,17.0,win,0.08333333333333333,0.0,1.0833333333333333,1.0833333333333333,0.0,0.9018498700504508,0.8986300147451887,-0.0032198553052621426
222873b49f97d979d303,2026-09-04T11:08:52Z,2f02052c3228ed6d9dc2e8ff8cdf5cdd,401866409,market_fpi_residual,away,False,21.0,17.0,loss,-1.0,-0.0,10.0,9.9,0.010101010101010166,0.098150129949549,0.1013699852548113,0.003219855305262309
b93fed80ba414c571d90,2026-09-04T11:08:52Z,2f02052c3228ed6d9dc2e8ff8cdf5cdd,401866409,market_public_ensemble,home,False,21.0,17.0,win,0.08333333333333333,0.0,1.0833333333333333,1.0833333333333333,0.0,0.9018498700504508,0.8986300147451887,-0.0032198553052621426
055d4acb6479beeb65d8,2026-09-04T11:08:52Z,2f02052c3228ed6d9dc2e8ff8cdf5cdd,401866409,market_public_ensemble,away,False,21.0,17.0,loss,-1.0,-0.0,10.0,9.9,0.010101010101010166,0.098150129949549,0.1013699852548113,0.003219855305262309
11b40c4b23e0a8486b6f,2026-09-04T11:08:52Z,2f02052c3228ed6d9dc2e8ff8cdf5cdd,401866409,fpi_only,home,False,21.0,17.0,win,0.08333333333333333,0.0,1.0833333333333333,1.0833333333333333,0.0,0.9018498700504508,0.8986300147451887,-0.0032198553052621426
1e8b41299f109d9ba30e,2026-09-04T11:08:52Z,2f02052c3228ed6d9dc2e8ff8cdf5cdd,401866409,fpi_only,away,False,21.0,17.0,loss,-1.0,-0.0,10.0,9.9,0.010101010101010166,0.098150129949549,0.1013699852548113,0.003219855305262309
8a6a744f20560beb9644,2026-09-04T11:08:52Z,2f02052c3228ed6d9dc2e8ff8cdf5cdd,401866409,market_only,home,False,21.0,17.0,win,0.08333333333333333,0.0,1.0833333333333333,1.0833333333333333,0.0,0.9018498700504508,0.8986300147451887,-0.0032198553052621426
cb01b449c07fb6bbca68,2026-09-04T11:08:52Z,2f02052c3228ed6d9dc2e8ff8cdf5cdd,401866409,market_only,away,False,21.0,17.0,loss,-1.0,-0.0,10.0,9.9,0.010101010101010166,0.098150129949549,0.1013699852548113,0.003219855305262309
06f599ea73be3ecceea6,2026-09-04T11:08:52Z,99279326548a5f5399cc9a2efe27a057,401864424,market_fpi_residual,home,False,42.0,7.0,win,0.01,0.0,1.01,1.01,0.0,0.9684473601999376,0.9711510996858042,0.002703739485866552
c8b437c2f1f91d1c2a88,2026-09-04T11:08:52Z,99279326548a5f5399cc9a2efe27a057,401864424,market_fpi_residual,away,False,42.0,7.0,loss,-1.0,-0.0,36.0,36.0,0.0,0.0315526398000624,0.0288489003141958,-0.002703739485866597
36f8fffc521892ee1909,2026-09-04T11:08:52Z,99279326548a5f5399cc9a2efe27a057,401864424,market_public_ensemble,home,False,42.0,7.0,win,0.01,0.0,1.01,1.01,0.0,0.9684473601999376,0.9711510996858042,0.002703739485866552
778e9248b837016c6c7d,2026-09-04T11:08:52Z,99279326548a5f5399cc9a2efe27a057,401864424,market_public_ensemble,away,False,42.0,7.0,loss,-1.0,-0.0,36.0,36.0,0.0,0.0315526398000624,0.0288489003141958,-0.002703739485866597
ec65cc1203347f16d2d2,2026-09-04T11:08:52Z,99279326548a5f5399cc9a2efe27a057,401864424,fpi_only,home,False,42.0,7.0,win,0.01,0.0,1.01,1.01,0.0,0.9684473601999376,0.9711510996858042,0.002703739485866552
72d1d4acc94d13129f0b,2026-09-04T11:08:52Z,99279326548a5f5399cc9a2efe27a057,401864424,fpi_only,away,False,42.0,7.0,loss,-1.0,-0.0,36.0,36.0,0.0,0.0315526398000624,0.0288489003141958,-0.002703739485866597
ee01b659f3a80382c32b,2026-09-04T11:08:52Z,99279326548a5f5399cc9a2efe27a057,401864424,market_only,home,False,42.0,7.0,win,0.01,0.0,1.01,1.01,0.0,0.9684473601999376,0.9711510996858042,0.002703739485866552
b8a40033a977cb038fcd,2026-09-04T11:08:52Z,99279326548a5f5399cc9a2efe27a057,401864424,market_only,away,False,42.0,7.0,loss,-1.0,-0.0,36.0,36.0,0.0,0.0315526398000624,0.0288489003141958,-0.002703739485866597
016ce57cbcc77b3643c5,2026-09-04T11:08:52Z,018e668269a3b5dc4055758ca86b1062,401864425,market_fpi_residual,home,False,47.0,0.0,win,0.03333333333333333,0.0,1.0333333333333334,1.04,-0.0064102564102563875,0.9381245332234868,0.9338827461559928,-0.004241787067494007
c3b63d7e00b1afb2de9d,2026-09-04T11:08:52Z,018e668269a3b5dc4055758ca86b1062,401864425,market_fpi_residual,away,False,47.0,0.0,loss,-1.0,-0.0,17.0,16.0,0.0625,0.0618754667765132,0.0661172538440071,0.004241787067493903
ab11cb430abc918915d1,2026-09-04T11:08:52Z,018e668269a3b5dc4055758ca86b1062,401864425,market_public_ensemble,home,False,47.0,0.0,win,0.03333333333333333,0.0,1.0333333333333334,1.04,-0.0064102564102563875,0.9381245332234868,0.9338827461559928,-0.004241787067494007
f21587999b31886fd1f8,2026-09-04T11:08:52Z,018e668269a3b5dc4055758ca86b1062,401864425,market_public_ensemble,away,False,47.0,0.0,loss,-1.0,-0.0,17.0,16.0,0.0625,0.0618754667765132,0.0661172538440071,0.004241787067493903
01440fcdd03ebb0dbc16,2026-09-04T11:08:52Z,018e668269a3b5dc4055758ca86b1062,401864425,fpi_only,home,False,47.0,0.0,win,0.03333333333333333,0.0,1.0333333333333334,1.04,-0.0064102564102563875,0.9381245332234868,0.9338827461559928,-0.004241787067494007
6e5cfab964a2a2a43b92,2026-09-04T11:08:52Z,018e668269a3b5dc4055758ca86b1062,401864425,fpi_only,away,False,47.0,0.0,loss,-1.0,-0.0,17.0,16.0,0.0625,0.0618754667765132,0.0661172538440071,0.004241787067493903
ecfb8ea4604b524d66b8,2026-09-04T11:08:52Z,018e668269a3b5dc4055758ca86b1062,401864425,market_only,home,False,47.0,0.0,win,0.03333333333333333,0.0,1.0333333333333334,1.04,-0.0064102564102563875,0.9381245332234868,0.9338827461559928,-0.004241787067494007
ecb585e7a7ca2ac4df5b,2026-09-04T11:08:52Z,018e668269a3b5dc4055758ca86b1062,401864425,market_only,away,False,47.0,0.0,loss,-1.0,-0.0,17.0,16.0,0.0625,0.0618754667765132,0.0661172538440071,0.004241787067493903
076c2d510db71d052719,2026-09-04T11:08:52Z,1d6daad1c93bf7e5ae16be1db12e27d5,401856776,market_fpi_residual,home,False,13.0,14.0,loss,-1.0,-0.0,1.425531914893617,1.425531914893617,0.0,0.6778846153846154,0.6778846153846154,0.0
9de642e2d4278502c802,2026-09-04T11:08:52Z,1d6daad1c93bf7e5ae16be1db12e27d5,401856776,market_fpi_residual,away,False,13.0,14.0,win,2.05,0.0,3.05,3.1,-0.016129032258064613,0.3221153846153846,0.3221153846153846,0.0
1e13a82f9372f0870d63,2026-09-04T11:08:52Z,1d6daad1c93bf7e5ae16be1db12e27d5,401856776,market_public_ensemble,home,False,13.0,14.0,loss,-1.0,-0.0,1.425531914893617,1.425531914893617,0.0,0.6778846153846154,0.6778846153846154,0.0
615a785b1007dd605378,2026-09-04T11:08:52Z,1d6daad1c93bf7e5ae16be1db12e27d5,401856776,market_public_ensemble,away,False,13.0,14.0,win,2.05,0.0,3.05,3.1,-0.016129032258064613,0.3221153846153846,0.3221153846153846,0.0
1ce2aec6b110574cbd49,2026-09-04T11:08:52Z,1d6daad1c93bf7e5ae16be1db12e27d5,401856776,fpi_only,home,False,13.0,14.0,loss,-1.0,-0.0,1.425531914893617,1.425531914893617,0.0,0.6778846153846154,0.6778846153846154,0.0
c85288a29d657247eb4d,2026-09-04T11:08:52Z,1d6daad1c93bf7e5ae16be1db12e27d5,401856776,fpi_only,away,False,13.0,14.0,win,2.05,0.0,3.05,3.1,-0.016129032258064613,0.3221153846153846,0.3221153846153846,0.0
8dfe8d8194c078669a00,2026-09-04T11:08:52Z,1d6daad1c93bf7e5ae16be1db12e27d5,401856776,ratings_only,home,False,13.0,14.0,loss,-1.0,-0.0,1.425531914893617,1.425531914893617,0.0,0.6778846153846154,0.6778846153846154,0.0
71d57244ef086caed956,2026-09-04T11:08:52Z,1d6daad1c93bf7e5ae16be1db12e27d5,401856776,ratings_only,away,False,13.0,14.0,win,2.05,0.0,3.05,3.1,-0.016129032258064613,0.3221153846153846,0.3221153846153846,0.0
6487103dd6162d12cd8e,2026-09-04T11:08:52Z,1d6daad1c93bf7e5ae16be1db12e27d5,401856776,market_only,home,False,13.0,14.0,loss,-1.0,-0.0,1.425531914893617,1.425531914893617,0.0,0.6778846153846154,0.6778846153846154,0.0
50a9c4b86803cb2ecf88,2026-09-04T11:08:52Z,1d6daad1c93bf7e5ae16be1db12e27d5,401856776,market_only,away,False,13.0,14.0,win,2.05,0.0,3.05,3.1,-0.016129032258064613,0.3221153846153846,0.3221153846153846,0.0
496680e296c0a6dcc548,2026-09-04T11:08:52Z,86e3c86de584357bb263fa4ae819ed30,401856768,market_fpi_residual,home,False,66.0,14.0,win,0.002,0.0,1.002,1.002,0.0,0.9807409402558572,0.9807409402558572,0.0
8c244c794e3ba24c9c6e,2026-09-04T11:08:52Z,86e3c86de584357bb263fa4ae819ed30,401856768,market_fpi_residual,away,False,66.0,14.0,loss,-1.0,-0.0,51.0,51.0,0.0,0.0192590597441426,0.0192590597441426,0.0
820fd63bba287d657498,2026-09-04T11:08:52Z,86e3c86de584357bb263fa4ae819ed30,401856768,market_public_ensemble,home,False,66.0,14.0,win,0.002,0.0,1.002,1.002,0.0,0.9807409402558572,0.9807409402558572,0.0
6f9dffecb2771eb6ae07,2026-09-04T11:08:52Z,86e3c86de584357bb263fa4ae819ed30,401856768,market_public_ensemble,away,False,66.0,14.0,loss,-1.0,-0.0,51.0,51.0,0.0,0.0192590597441426,0.0192590597441426,0.0
6b68973f235fb86bcb9e,2026-09-04T11:08:52Z,86e3c86de584357bb263fa4ae819ed30,401856768,fpi_only,home,False,66.0,14.0,win,0.002,0.0,1.002,1.002,0.0,0.9807409402558572,0.9807409402558572,0.0
23622ab41c8de55839cf,2026-09-04T11:08:52Z,86e3c86de584357bb263fa4ae819ed30,401856768,fpi_only,away,False,66.0,14.0,loss,-1.0,-0.0,51.0,51.0,0.0,0.0192590597441426,0.0192590597441426,0.0
c7c9900b2a321e673c06,2026-09-04T11:08:52Z,86e3c86de584357bb263fa4ae819ed30,401856768,market_only,home,False,66.0,14.0,win,0.002,0.0,1.002,1.002,0.0,0.9807409402558572,0.9807409402558572,0.0
94c680e1458116b72f7d,2026-09-04T11:08:52Z,86e3c86de584357bb263fa4ae819ed30,401856768,market_only,away,False,66.0,14.0,loss,-1.0,-0.0,51.0,51.0,0.0,0.0192590597441426,0.0192590597441426,0.0
272b88d90e0ae9ebc9c8,2026-09-04T11:08:52Z,1697069330d0343bdf7930ac0b0c3863,401858424,market_fpi_residual,home,False,42.0,23.0,win,0.022222222222222223,0.0,1.022222222222222,1.022222222222222,0.0,0.9447903839573994,0.9447903839573994,0.0
15e5c6a9680a7f83dd47,2026-09-04T11:08:52Z,1697069330d0343bdf7930ac0b0c3863,401858424,market_fpi_residual,away,False,42.0,23.0,loss,-1.0,-0.0,21.0,21.0,0.0,0.0552096160426005,0.0552096160426005,0.0
cc73b30ee60fb330a5b7,2026-09-04T11:08:52Z,1697069330d0343bdf7930ac0b0c3863,401858424,market_public_ensemble,home,False,42.0,23.0,win,0.022222222222222223,0.0,1.022222222222222,1.022222222222222,0.0,0.9447903839573994,0.9447903839573994,0.0
64d6d121dccf3dcc8a5d,2026-09-04T11:08:52Z,1697069330d0343bdf7930ac0b0c3863,401858424,market_public_ensemble,away,False,42.0,23.0,loss,-1.0,-0.0,21.0,21.0,0.0,0.0552096160426005,0.0552096160426005,0.0
7e5be9dd961724eaf5b7,2026-09-04T11:08:52Z,1697069330d0343bdf7930ac0b0c3863,401858424,fpi_only,home,False,42.0,23.0,win,0.022222222222222223,0.0,1.022222222222222,1.022222222222222,0.0,0.9447903839573994,0.9447903839573994,0.0
ceec237baa14574226c6,2026-09-04T11:08:52Z,1697069330d0343bdf7930ac0b0c3863,401858424,fpi_only,away,False,42.0,23.0,loss,-1.0,-0.0,21.0,21.0,0.0,0.0552096160426005,0.0552096160426005,0.0
817aeb949a7b2e7504a2,2026-09-04T11:08:52Z,1697069330d0343bdf7930ac0b0c3863,401858424,ratings_only,home,False,42.0,23.0,win,0.022222222222222223,0.0,1.022222222222222,1.022222222222222,0.0,0.9447903839573994,0.9447903839573994,0.0
345be7ebc9c537862922,2026-09-04T11:08:52Z,1697069330d0343bdf7930ac0b0c3863,401858424,ratings_only,away,False,42.0,23.0,loss,-1.0,-0.0,21.0,21.0,0.0,0.0552096160426005,0.0552096160426005,0.0
4805166f8ae5ec771803,2026-09-04T11:08:52Z,1697069330d0343bdf7930ac0b0c3863,401858424,market_only,home,False,42.0,23.0,win,0.022222222222222223,0.0,1.022222222222222,1.022222222222222,0.0,0.9447903839573994,0.9447903839573994,0.0
b252555fa6edbbe76db1,2026-09-04T11:08:52Z,1697069330d0343bdf7930ac0b0c3863,401858424,market_only,away,False,42.0,23.0,loss,-1.0,-0.0,21.0,21.0,0.0,0.0552096160426005,0.0552096160426005,0.0
d8ec15fe2d965d27a8d2,2026-09-04T11:08:52Z,e564afb0a5ab84ab43befa56bdb90522,401858423,market_fpi_residual,home,False,21.0,37.0,loss,-1.0,-0.0,1.0125,1.0125,0.0,0.9626064420584968,0.9626064420584968,0.0
c84821a27ee8eda8026b,2026-09-04T11:08:52Z,e564afb0a5ab84ab43befa56bdb90522,401858423,market_fpi_residual,away,False,21.0,37.0,win,25.0,0.0,26.0,26.0,0.0,0.0373935579415032,0.0373935579415032,0.0
3f296f2c16b2299d7b88,2026-09-04T11:08:52Z,e564afb0a5ab84ab43befa56bdb90522,401858423,market_public_ensemble,home,False,21.0,37.0,loss,-1.0,-0.0,1.0125,1.0125,0.0,0.9626064420584968,0.9626064420584968,0.0
138de0d0c5a2a3e80f1a,2026-09-04T11:08:52Z,e564afb0a5ab84ab43befa56bdb90522,401858423,market_public_ensemble,away,False,21.0,37.0,win,25.0,0.0,26.0,26.0,0.0,0.0373935579415032,0.0373935579415032,0.0
25998ea1955c805b348c,2026-09-04T11:08:52Z,e564afb0a5ab84ab43befa56bdb90522,401858423,fpi_only,home,False,21.0,37.0,loss,-1.0,-0.0,1.0125,1.0125,0.0,0.9626064420584968,0.9626064420584968,0.0
630a1d4df9672c65e57b,2026-09-04T11:08:52Z,e564afb0a5ab84ab43befa56bdb90522,401858423,fpi_only,away,False,21.0,37.0,win,25.0,0.0,26.0,26.0,0.0,0.0373935579415032,0.0373935579415032,0.0
80079d5e2a69ddabcdb9,2026-09-04T11:08:52Z,e564afb0a5ab84ab43befa56bdb90522,401858423,ratings_only,home,False,21.0,37.0,loss,-1.0,-0.0,1.0125,1.0125,0.0,0.9626064420584968,0.9626064420584968,0.0
39185c100ff3c6986e30,2026-09-04T11:08:52Z,e564afb0a5ab84ab43befa56bdb90522,401858423,ratings_only,away,False,21.0,37.0,win,25.0,0.0,26.0,26.0,0.0,0.0373935579415032,0.0373935579415032,0.0
bbec3f9169fa4524f945,2026-09-04T11:08:52Z,e564afb0a5ab84ab43befa56bdb90522,401858423,market_only,home,False,21.0,37.0,loss,-1.0,-0.0,1.0125,1.0125,0.0,0.9626064420584968,0.9626064420584968,0.0
8a8f2372351403decc9c,2026-09-04T11:08:52Z,e564afb0a5ab84ab43befa56bdb90522,401858423,market_only,away,False,21.0,37.0,win,25.0,0.0,26.0,26.0,0.0,0.0373935579415032,0.0373935579415032,0.0
de4d0ff4016cc3a1898c,2026-09-04T11:08:52Z,f089e3d943a34a9c4fe1808568b96529,401858204,market_fpi_residual,home,False,38.0,16.0,win,0.04,0.0,1.04,1.04,0.0,0.9351620947630924,0.9351620947630924,0.0
1c4d26bb9c9c41c00966,2026-09-04T11:08:52Z,f089e3d943a34a9c4fe1808568b96529,401858204,market_fpi_residual,away,False,38.0,16.0,loss,-1.0,-0.0,17.0,17.0,0.0,0.0648379052369076,0.0648379052369076,0.0
daa557fd64570b696a9c,2026-09-04T11:08:52Z,f089e3d943a34a9c4fe1808568b96529,401858204,market_public_ensemble,home,False,38.0,16.0,win,0.04,0.0,1.04,1.04,0.0,0.9351620947630924,0.9351620947630924,0.0
b1e67c82fc06a780659b,2026-09-04T11:08:52Z,f089e3d943a34a9c4fe1808568b96529,401858204,market_public_ensemble,away,False,38.0,16.0,loss,-1.0,-0.0,17.0,17.0,0.0,0.0648379052369076,0.0648379052369076,0.0
7ad7637d80e56826eb75,2026-09-04T11:08:52Z,f089e3d943a34a9c4fe1808568b96529,401858204,fpi_only,home,False,38.0,16.0,win,0.04,0.0,1.04,1.04,0.0,0.9351620947630924,0.9351620947630924,0.0
521bf514b72999791fa9,2026-09-04T11:08:52Z,f089e3d943a34a9c4fe1808568b96529,401858204,fpi_only,away,False,38.0,16.0,loss,-1.0,-0.0,17.0,17.0,0.0,0.0648379052369076,0.0648379052369076,0.0
724eb127c1838511bcd3,2026-09-04T11:08:52Z,f089e3d943a34a9c4fe1808568b96529,401858204,ratings_only,home,False,38.0,16.0,win,0.04,0.0,1.04,1.04,0.0,0.9351620947630924,0.9351620947630924,0.0
db05b7a4f34753117ade,2026-09-04T11:08:52Z,f089e3d943a34a9c4fe1808568b96529,401858204,ratings_only,away,False,38.0,16.0,loss,-1.0,-0.0,17.0,17.0,0.0,0.0648379052369076,0.0648379052369076,0.0
1400c1da7fe4e81d4525,2026-09-04T11:08:52Z,f089e3d943a34a9c4fe1808568b96529,401858204,market_only,home,False,38.0,16.0,win,0.04,0.0,1.04,1.04,0.0,0.9351620947630924,0.9351620947630924,0.0
0de0ad2582a14870cb40,2026-09-04T11:08:52Z,f089e3d943a34a9c4fe1808568b96529,401858204,market_only,away,False,38.0,16.0,loss,-1.0,-0.0,17.0,17.0,0.0,0.0648379052369076,0.0648379052369076,0.0
2b456fc89ea2b7214700,2026-09-04T11:08:52Z,2f02052c3228ed6d9dc2e8ff8cdf5cdd,401866409,market_fpi_residual,home,False,21.0,17.0,win,0.08333333333333333,0.0,1.0833333333333333,1.0833333333333333,0.0,0.8986300147451887,0.8986300147451887,0.0
ed8915d84412b78dafb2,2026-09-04T11:08:52Z,2f02052c3228ed6d9dc2e8ff8cdf5cdd,401866409,market_fpi_residual,away,False,21.0,17.0,loss,-1.0,-0.0,9.9,9.9,0.0,0.1013699852548113,0.1013699852548113,0.0
3aa1c9d54be2c4b97d0d,2026-09-04T11:08:52Z,2f02052c3228ed6d9dc2e8ff8cdf5cdd,401866409,market_public_ensemble,home,False,21.0,17.0,win,0.08333333333333333,0.0,1.0833333333333333,1.0833333333333333,0.0,0.8986300147451887,0.8986300147451887,0.0
e58c3b655a075afa6120,2026-09-04T11:08:52Z,2f02052c3228ed6d9dc2e8ff8cdf5cdd,401866409,market_public_ensemble,away,False,21.0,17.0,loss,-1.0,-0.0,9.9,9.9,0.0,0.1013699852548113,0.1013699852548113,0.0
887ae3641d01d8d64602,2026-09-04T11:08:52Z,2f02052c3228ed6d9dc2e8ff8cdf5cdd,401866409,fpi_only,home,False,21.0,17.0,win,0.08333333333333333,0.0,1.0833333333333333,1.0833333333333333,0.0,0.8986300147451887,0.8986300147451887,0.0
b386bea80ba5a5414bf4,2026-09-04T11:08:52Z,2f02052c3228ed6d9dc2e8ff8cdf5cdd,401866409,fpi_only,away,False,21.0,17.0,loss,-1.0,-0.0,9.9,9.9,0.0,0.1013699852548113,0.1013699852548113,0.0
66f86955a5e69f0118f1,2026-09-04T11:08:52Z,2f02052c3228ed6d9dc2e8ff8cdf5cdd,401866409,market_only,home,False,21.0,17.0,win,0.08333333333333333,0.0,1.0833333333333333,1.0833333333333333,0.0,0.8986300147451887,0.8986300147451887,0.0
9b54c5ff2a1b83d5cdcb,2026-09-04T11:08:52Z,2f02052c3228ed6d9dc2e8ff8cdf5cdd,401866409,market_only,away,False,21.0,17.0,loss,-1.0,-0.0,9.9,9.9,0.0,0.1013699852548113,0.1013699852548113,0.0
0d19ab9a9bea04a02d51,2026-09-04T11:08:52Z,99279326548a5f5399cc9a2efe27a057,401864424,market_fpi_residual,home,False,42.0,7.0,win,0.01,0.0,1.01,1.01,0.0,0.9711510996858042,0.9711510996858042,0.0
ac3e474e2b5c834c4bc0,2026-09-04T11:08:52Z,99279326548a5f5399cc9a2efe27a057,401864424,market_fpi_residual,away,False,42.0,7.0,loss,-1.0,-0.0,36.0,36.0,0.0,0.0288489003141958,0.0288489003141958,0.0
beb738eca8bcc85cfc38,2026-09-04T11:08:52Z,99279326548a5f5399cc9a2efe27a057,401864424,market_public_ensemble,home,False,42.0,7.0,win,0.01,0.0,1.01,1.01,0.0,0.9711510996858042,0.9711510996858042,0.0
c7eccafd2ce039352702,2026-09-04T11:08:52Z,99279326548a5f5399cc9a2efe27a057,401864424,market_public_ensemble,away,False,42.0,7.0,loss,-1.0,-0.0,36.0,36.0,0.0,0.0288489003141958,0.0288489003141958,0.0
8705d6981860ddccdc8f,2026-09-04T11:08:52Z,99279326548a5f5399cc9a2efe27a057,401864424,fpi_only,home,False,42.0,7.0,win,0.01,0.0,1.01,1.01,0.0,0.9711510996858042,0.9711510996858042,0.0
153ce9b0722a769ba1c8,2026-09-04T11:08:52Z,99279326548a5f5399cc9a2efe27a057,401864424,fpi_only,away,False,42.0,7.0,loss,-1.0,-0.0,36.0,36.0,0.0,0.0288489003141958,0.0288489003141958,0.0
c046a21d75db87575046,2026-09-04T11:08:52Z,99279326548a5f5399cc9a2efe27a057,401864424,market_only,home,False,42.0,7.0,win,0.01,0.0,1.01,1.01,0.0,0.9711510996858042,0.9711510996858042,0.0
ccd2bb0e657efd285142,2026-09-04T11:08:52Z,99279326548a5f5399cc9a2efe27a057,401864424,market_only,away,False,42.0,7.0,loss,-1.0,-0.0,36.0,36.0,0.0,0.0288489003141958,0.0288489003141958,0.0
29383a84025f299ec088,2026-09-04T11:08:52Z,018e668269a3b5dc4055758ca86b1062,401864425,market_fpi_residual,home,False,47.0,0.0,win,0.04,0.0,1.04,1.04,0.0,0.9338827461559928,0.9338827461559928,0.0
f916364ff54ff5b2f3c7,2026-09-04T11:08:52Z,018e668269a3b5dc4055758ca86b1062,401864425,market_fpi_residual,away,False,47.0,0.0,loss,-1.0,-0.0,16.0,16.0,0.0,0.0661172538440071,0.0661172538440071,0.0
c229621f9e190657af05,2026-09-04T11:08:52Z,018e668269a3b5dc4055758ca86b1062,401864425,market_public_ensemble,home,False,47.0,0.0,win,0.04,0.0,1.04,1.04,0.0,0.9338827461559928,0.9338827461559928,0.0
bd995c3dc139cb824b52,2026-09-04T11:08:52Z,018e668269a3b5dc4055758ca86b1062,401864425,market_public_ensemble,away,False,47.0,0.0,loss,-1.0,-0.0,16.0,16.0,0.0,0.0661172538440071,0.0661172538440071,0.0
864f0e3096fd6a991c29,2026-09-04T11:08:52Z,018e668269a3b5dc4055758ca86b1062,401864425,fpi_only,home,False,47.0,0.0,win,0.04,0.0,1.04,1.04,0.0,0.9338827461559928,0.9338827461559928,0.0
825478784fa926dd5c6f,2026-09-04T11:08:52Z,018e668269a3b5dc4055758ca86b1062,401864425,fpi_only,away,False,47.0,0.0,loss,-1.0,-0.0,16.0,16.0,0.0,0.0661172538440071,0.0661172538440071,0.0
9bc8317c2baece5b31bc,2026-09-04T11:08:52Z,018e668269a3b5dc4055758ca86b1062,401864425,market_only,home,False,47.0,0.0,win,0.04,0.0,1.04,1.04,0.0,0.9338827461559928,0.9338827461559928,0.0
7abe01a80b9db741937e,2026-09-04T11:08:52Z,018e668269a3b5dc4055758ca86b1062,401864425,market_only,away,False,47.0,0.0,loss,-1.0,-0.0,16.0,16.0,0.0,0.0661172538440071,0.0661172538440071,0.0
ebcddbf5a158e561cdf4,2026-09-04T11:08:52Z,1d6daad1c93bf7e5ae16be1db12e27d5,401856776,market_fpi_residual,home,False,13.0,14.0,loss,-1.0,-0.0,1.425531914893617,1.425531914893617,0.0,0.6778846153846154,0.6778846153846154,0.0
c947dbe35212c58ce836,2026-09-04T11:08:52Z,1d6daad1c93bf7e5ae16be1db12e27d5,401856776,market_fpi_residual,away,True,13.0,14.0,win,2.1,0.00561725568474168,3.1,3.1,0.0,0.3221153846153846,0.3221153846153846,0.0
00fdb0342425151114cc,2026-09-04T11:08:52Z,1d6daad1c93bf7e5ae16be1db12e27d5,401856776,market_public_ensemble,home,False,13.0,14.0,loss,-1.0,-0.0,1.425531914893617,1.425531914893617,0.0,0.6778846153846154,0.6778846153846154,0.0
239842ade73c4c08afb8,2026-09-04T11:08:52Z,1d6daad1c93bf7e5ae16be1db12e27d5,401856776,market_public_ensemble,away,False,13.0,14.0,win,2.1,0.0,3.1,3.1,0.0,0.3221153846153846,0.3221153846153846,0.0
d08bceb828891fd8280e,2026-09-04T11:08:52Z,1d6daad1c93bf7e5ae16be1db12e27d5,401856776,fpi_only,home,False,13.0,14.0,loss,-1.0,-0.0,1.425531914893617,1.425531914893617,0.0,0.6778846153846154,0.6778846153846154,0.0
fc5a5dbd356700ea4741,2026-09-04T11:08:52Z,1d6daad1c93bf7e5ae16be1db12e27d5,401856776,fpi_only,away,False,13.0,14.0,win,2.1,0.0,3.1,3.1,0.0,0.3221153846153846,0.3221153846153846,0.0
adfcfc00abc26b6f4d9a,2026-09-04T11:08:52Z,1d6daad1c93bf7e5ae16be1db12e27d5,401856776,ratings_only,home,False,13.0,14.0,loss,-1.0,-0.0,1.425531914893617,1.425531914893617,0.0,0.6778846153846154,0.6778846153846154,0.0
39580cbf399ed8e83c8a,2026-09-04T11:08:52Z,1d6daad1c93bf7e5ae16be1db12e27d5,401856776,ratings_only,away,False,13.0,14.0,win,2.1,0.0,3.1,3.1,0.0,0.3221153846153846,0.3221153846153846,0.0
152d93f4bd6fbcd73b0a,2026-09-04T11:08:52Z,1d6daad1c93bf7e5ae16be1db12e27d5,401856776,market_only,home,False,13.0,14.0,loss,-1.0,-0.0,1.425531914893617,1.425531914893617,0.0,0.6778846153846154,0.6778846153846154,0.0
edd103260e59d34cd420,2026-09-04T11:08:52Z,1d6daad1c93bf7e5ae16be1db12e27d5,401856776,market_only,away,False,13.0,14.0,win,2.1,0.0,3.1,3.1,0.0,0.3221153846153846,0.3221153846153846,0.0
2bd5b570b2c021b89a81,2026-09-04T11:08:52Z,86e3c86de584357bb263fa4ae819ed30,401856768,market_fpi_residual,home,False,66.0,14.0,win,0.002,0.0,1.002,1.002,0.0,0.9807409402558572,0.9807409402558572,0.0
d78bf28ced30f3ac71d5,2026-09-04T11:08:52Z,86e3c86de584357bb263fa4ae819ed30,401856768,market_fpi_residual,away,False,66.0,14.0,loss,-1.0,-0.0,51.0,51.0,0.0,0.0192590597441426,0.0192590597441426,0.0
bd204cf78c58f82fad90,2026-09-04T11:08:52Z,86e3c86de584357bb263fa4ae819ed30,401856768,market_public_ensemble,home,False,66.0,14.0,win,0.002,0.0,1.002,1.002,0.0,0.9807409402558572,0.9807409402558572,0.0
feef9df06069da20bada,2026-09-04T11:08:52Z,86e3c86de584357bb263fa4ae819ed30,401856768,market_public_ensemble,away,False,66.0,14.0,loss,-1.0,-0.0,51.0,51.0,0.0,0.0192590597441426,0.0192590597441426,0.0
de79b0704106e692c8c1,2026-09-04T11:08:52Z,86e3c86de584357bb263fa4ae819ed30,401856768,fpi_only,home,False,66.0,14.0,win,0.002,0.0,1.002,1.002,0.0,0.9807409402558572,0.9807409402558572,0.0
0474133e0c2ce7e69f05,2026-09-04T11:08:52Z,86e3c86de584357bb263fa4ae819ed30,401856768,fpi_only,away,False,66.0,14.0,loss,-1.0,-0.0,51.0,51.0,0.0,0.0192590597441426,0.0192590597441426,0.0
1b78c77ffb46eb4daeb2,2026-09-04T11:08:52Z,86e3c86de584357bb263fa4ae819ed30,401856768,market_only,home,False,66.0,14.0,win,0.002,0.0,1.002,1.002,0.0,0.9807409402558572,0.9807409402558572,0.0
eb02067ba26b9ec571b5,2026-09-04T11:08:52Z,86e3c86de584357bb263fa4ae819ed30,401856768,market_only,away,False,66.0,14.0,loss,-1.0,-0.0,51.0,51.0,0.0,0.0192590597441426,0.0192590597441426,0.0
d920279928da1cbf6237,2026-09-04T11:08:52Z,1697069330d0343bdf7930ac0b0c3863,401858424,market_fpi_residual,home,False,42.0,23.0,win,0.022222222222222223,0.0,1.022222222222222,1.022222222222222,0.0,0.9447903839573994,0.9447903839573994,0.0
914252e051b271ea9a6d,2026-09-04T11:08:52Z,1697069330d0343bdf7930ac0b0c3863,401858424,market_fpi_residual,away,False,42.0,23.0,loss,-1.0,-0.0,21.0,21.0,0.0,0.0552096160426005,0.0552096160426005,0.0
fed37450a55330288807,2026-09-04T11:08:52Z,1697069330d0343bdf7930ac0b0c3863,401858424,market_public_ensemble,home,False,42.0,23.0,win,0.022222222222222223,0.0,1.022222222222222,1.022222222222222,0.0,0.9447903839573994,0.9447903839573994,0.0
7cbae1b413c06462ad7d,2026-09-04T11:08:52Z,1697069330d0343bdf7930ac0b0c3863,401858424,market_public_ensemble,away,False,42.0,23.0,loss,-1.0,-0.0,21.0,21.0,0.0,0.0552096160426005,0.0552096160426005,0.0
339b69c601bc46014fc1,2026-09-04T11:08:52Z,1697069330d0343bdf7930ac0b0c3863,401858424,fpi_only,home,False,42.0,23.0,win,0.022222222222222223,0.0,1.022222222222222,1.022222222222222,0.0,0.9447903839573994,0.9447903839573994,0.0
1be82d824de613e57ffe,2026-09-04T11:08:52Z,1697069330d0343bdf7930ac0b0c3863,401858424,fpi_only,away,False,42.0,23.0,loss,-1.0,-0.0,21.0,21.0,0.0,0.0552096160426005,0.0552096160426005,0.0
1c4ce928690c108e8acc,2026-09-04T11:08:52Z,1697069330d0343bdf7930ac0b0c3863,401858424,ratings_only,home,False,42.0,23.0,win,0.022222222222222223,0.0,1.022222222222222,1.022222222222222,0.0,0.9447903839573994,0.9447903839573994,0.0
810f8673fbe6ffd2d60a,2026-09-04T11:08:52Z,1697069330d0343bdf7930ac0b0c3863,401858424,ratings_only,away,False,42.0,23.0,loss,-1.0,-0.0,21.0,21.0,0.0,0.0552096160426005,0.0552096160426005,0.0
107025e4a36c4a09292d,2026-09-04T11:08:52Z,1697069330d0343bdf7930ac0b0c3863,401858424,market_only,home,False,42.0,23.0,win,0.022222222222222223,0.0,1.022222222222222,1.022222222222222,0.0,0.9447903839573994,0.9447903839573994,0.0
fbdc7963292d87b2a847,2026-09-04T11:08:52Z,1697069330d0343bdf7930ac0b0c3863,401858424,market_only,away,False,42.0,23.0,loss,-1.0,-0.0,21.0,21.0,0.0,0.0552096160426005,0.0552096160426005,0.0
